date,split,y_direction,y_return,cls|majority|price,cls|persistence|price,cls|arima|price,reg|zero|price,reg|persistence|price,reg|train_mean|price,reg|arima|price,cls|logreg|price,cls|logreg|price+nlp,cls|logreg|price+market,cls|logreg|price+market+nlp,cls|logreg|price+task1_news,cls|logreg|all,cls|xgb|price,cls|xgb|price+nlp,cls|xgb|price+market,cls|xgb|price+market+nlp,cls|xgb|price+task1_news,cls|xgb|all,reg|ridge|price,reg|ridge|price+nlp,reg|ridge|price+market,reg|ridge|price+market+nlp,reg|ridge|price+task1_news,reg|ridge|all,reg|xgb|price,reg|xgb|price+nlp,reg|xgb|price+market,reg|xgb|price+market+nlp,reg|xgb|price+task1_news,reg|xgb|all
2024-09-02,val,UP,0.40633420414337706,UP,UP,UP,0.0,0.4144815207819619,0.011013297489715536,0.24921269935514334,UP,UP,UP,UP,UP,UP,DOWN,DOWN,UP,UP,UP,UP,0.1419525443116381,0.045909705052497946,0.12526255109668621,0.06131900209029682,0.1393901369155435,0.019855939379463228,-0.19407715,0.10433198,0.08049907,0.0724815,-0.010883502,0.09789497
2024-09-03,val,UP,0.1350786556015393,UP,UP,FLAT,0.0,0.40633420414337706,0.011013297489715536,-0.023490662772782826,DOWN,DOWN,DOWN,UP,DOWN,DOWN,DOWN,DOWN,DOWN,UP,DOWN,UP,-0.023768041645641284,0.05186847309298245,-0.03744725065545321,0.07334169192673194,0.005008136994100685,-0.025651388555386102,-0.14882036,-0.0207627,-0.04625159,0.050248276,-0.025245644,0.040094104
2024-09-04,val,DOWN,-0.4316043676208636,UP,UP,DOWN,0.0,0.1350786556015393,0.011013297489715536,-0.13004068145195805,DOWN,DOWN,UP,UP,UP,UP,DOWN,DOWN,UP,UP,UP,UP,-0.04555635873940868,-0.18673748136489993,0.15814689750506808,0.04073895510691755,0.048383311373245995,0.09427541191184284,-0.17722416,0.033538,0.09103344,0.08385383,0.036488462,0.16152765
2024-09-05,val,DOWN,-0.5178005096752258,UP,DOWN,FLAT,0.0,-0.4316043676208636,0.011013297489715536,0.06413524774165935,DOWN,DOWN,DOWN,DOWN,UP,UP,UP,UP,DOWN,DOWN,UP,UP,-0.033891740454975866,-0.0724572268374843,-0.10816063722976225,-0.13865553242585893,0.043209667747675394,-0.06091379816516997,-0.09004215,-0.088285334,-0.22892444,-0.23799719,-0.08043369,-0.12967968
2024-09-06,val,DOWN,-0.2468976629426578,UP,DOWN,FLAT,0.0,-0.5178005096752258,0.011013297489715536,0.02804437989231729,UP,DOWN,DOWN,DOWN,DOWN,DOWN,DOWN,UP,DOWN,DOWN,DOWN,DOWN,0.007919995176048602,-0.019469930390642307,-0.07263205500872962,-0.04354059588038507,-0.00883043059173465,-0.08764900736729136,-0.03719957,-0.113549836,-0.26360995,-0.11402134,-0.045764886,-0.16382784
2024-09-09,val,UP,0.48023974444753037,UP,DOWN,FLAT,0.0,-0.2468976629426578,0.011013297489715536,-0.04857267514384902,UP,DOWN,UP,UP,UP,UP,DOWN,DOWN,UP,UP,DOWN,DOWN,0.031238016862175994,-0.05840717133204466,0.1192628396928918,0.05067245541942211,0.07471016879522938,0.05729268755749614,-0.054373596,0.07407997,0.1674025,0.12774852,-0.11286119,0.065091155
2024-09-10,val,FLAT,0.006473958504038535,UP,UP,UP,0.0,0.48023974444753037,0.011013297489715536,0.10006612699994938,UP,DOWN,DOWN,DOWN,DOWN,DOWN,UP,UP,UP,FLAT,DOWN,DOWN,0.026953825004982567,-0.021630171917276793,-0.00612736031013399,-0.03863123483990577,-0.04105573058455396,-0.13540483042024684,-0.009028614,0.010866056,-0.017862832,0.06651678,0.027832476,0.019916857
2024-09-11,val,DOWN,-0.20737483940003187,UP,FLAT,FLAT,0.0,0.006473958504038535,0.011013297489715536,-0.01803553021215723,DOWN,DOWN,DOWN,DOWN,DOWN,DOWN,DOWN,DOWN,FLAT,DOWN,DOWN,DOWN,-0.06840826787641259,-0.18064732698077357,-0.05305456554721584,-0.10714833868198957,-0.19647660053619168,-0.2132208353322537,-0.15927157,-0.011455575,-0.03353598,-0.033134464,-0.07298367,0.021451406
2024-09-12,val,FLAT,0.03891555374071487,UP,DOWN,FLAT,0.0,-0.20737483940003187,0.011013297489715536,-0.05806114144953819,DOWN,DOWN,DOWN,DOWN,DOWN,DOWN,UP,DOWN,UP,DOWN,DOWN,DOWN,-0.025984876690407385,-0.3684675899048844,-0.02326420318455343,-0.2930111503040114,-0.03266589120893952,-0.3033239809755879,0.057009827,-0.08172209,-0.0069568884,-0.21807893,-0.14358097,-0.10502708
2024-09-13,val,DOWN,-0.1038084826889829,UP,FLAT,FLAT,0.0,0.03891555374071487,0.011013297489715536,0.08385819065746256,UP,UP,DOWN,DOWN,DOWN,DOWN,UP,UP,DOWN,DOWN,DOWN,DOWN,0.06401064770021696,0.014580341225352398,-0.042970959979666185,-0.07940740941230075,0.0361342799700744,-0.10251506475717727,0.072281376,0.090909414,-0.06938982,-0.07703456,-0.09146989,-0.10494759
2024-09-17,val,DOWN,-0.4358722705962492,UP,DOWN,FLAT,0.0,-0.1038084826889829,0.011013297489715536,-2.8498810334481872e-05,DOWN,DOWN,DOWN,DOWN,DOWN,DOWN,DOWN,DOWN,DOWN,DOWN,DOWN,DOWN,-0.0110525724930738,-0.03202236658354328,-0.07965207149404113,-0.0716181004443239,0.06284934498044664,-0.036755137478322805,-0.13539405,-0.024462331,-0.14368106,-0.11063496,-0.15172261,-0.13982823
2024-09-18,val,FLAT,0.078206469053832,UP,DOWN,FLAT,0.0,-0.4358722705962492,0.011013297489715536,-0.08129106216495938,DOWN,DOWN,FLAT,FLAT,DOWN,DOWN,DOWN,UP,DOWN,DOWN,DOWN,DOWN,-0.05957029141973244,-0.04840628840344694,-0.035272160938821254,0.004997621924172328,-0.1152111573398322,-0.04374883452651338,-0.019294523,-0.017442983,-0.106436044,-0.10771228,-0.18771963,-0.07267764
2024-09-19,val,DOWN,-0.4112680014308978,UP,FLAT,FLAT,0.0,0.078206469053832,0.011013297489715536,0.0978713269101654,UP,FLAT,FLAT,FLAT,DOWN,FLAT,UP,DOWN,FLAT,DOWN,DOWN,DOWN,0.05831675423626413,-0.031838545618343886,-0.012778489153182075,-0.06489781110704108,-0.026678714602118382,-0.11902707680955611,0.104251936,-0.028767888,0.031481095,-0.023723911,0.0038094416,-0.08143404
2024-09-20,val,DOWN,-1.230805019801906,UP,DOWN,FLAT,0.0,-0.4112680014308978,0.011013297489715536,-0.030353261502562255,DOWN,FLAT,DOWN,FLAT,DOWN,DOWN,DOWN,UP,DOWN,FLAT,DOWN,DOWN,-0.06912975045059318,0.018301422354898844,-0.08691634473733402,-0.026043777532076203,-0.14127005007228147,-0.08882382933487812,-0.0783296,-0.10945617,-0.18277511,-0.14878704,-0.19227023,-0.15683308
2024-09-23,val,UP,0.6008403404647922,UP,DOWN,DOWN,0.0,-1.230805019801906,0.011013297489715536,-0.15655340756520109,DOWN,DOWN,UP,UP,DOWN,UP,DOWN,UP,UP,UP,UP,UP,-0.14782047767115203,-0.13846571555880818,-0.04134390686353269,-0.032854019002241386,-0.15136850608894378,-0.008330632627236484,0.102061935,0.06393517,0.46335152,0.3365563,-0.09074465,0.22033353
2024-09-24,val,FLAT,-0.03291964344835918,UP,UP,UP,0.0,0.6008403404647922,0.011013297489715536,0.25298487964950445,UP,UP,UP,FLAT,DOWN,FLAT,DOWN,UP,UP,UP,DOWN,UP,0.17888142031510054,0.2625835874492189,0.12771425828257285,0.20664388239081494,0.07624295638995168,0.11405641277815551,-0.036499448,0.21650818,0.29671705,0.28980577,0.06835488,0.19054642
2024-09-25,val,DOWN,-0.6209148688977706,UP,FLAT,FLAT,0.0,-0.03291964344835918,0.011013297489715536,-0.04541623646387475,DOWN,DOWN,DOWN,DOWN,DOWN,DOWN,UP,UP,DOWN,DOWN,UP,DOWN,-0.07037712109701429,-0.1432527800217918,-0.21283521785128198,-0.223579767304939,-0.13936267468037897,-0.24999325011088422,0.046298943,-0.10962462,-0.38905558,-0.36030245,-0.088108,-0.27978757
2024-09-26,val,UP,0.5220908663890356,UP,DOWN,DOWN,0.0,-0.6209148688977706,0.011013297489715536,-0.19435221669603364,DOWN,DOWN,UP,FLAT,DOWN,FLAT,UP,UP,UP,UP,DOWN,UP,-0.12520381935226554,-0.19611485848100135,0.07464576839434696,0.037306089221798316,-0.20847991713361994,0.03257315401532202,-0.034461465,-0.13517618,0.3225648,0.3332249,-0.3529036,0.10842284
2024-09-27,val,DOWN,-0.21775718789793785,UP,UP,UP,0.0,0.5220908663890356,0.011013297489715536,0.25665472592122013,UP,DOWN,DOWN,DOWN,UP,DOWN,DOWN,DOWN,DOWN,DOWN,UP,DOWN,0.16036331717076943,-0.006723492844642928,-0.027027611676515854,-0.16516384006336407,0.07775328947809425,-0.18741950123870915,0.10919406,0.05117248,-0.11557994,-0.0786248,0.0136242295,-0.06427894
2024-09-30,val,FLAT,0.03962750200461329,UP,DOWN,FLAT,0.0,-0.21775718789793785,0.011013297489715536,-0.04094957501669665,DOWN,DOWN,DOWN,DOWN,DOWN,UP,FLAT,DOWN,DOWN,UP,DOWN,UP,-0.06780676825850367,-0.06338823173602362,-0.026965106482816904,-0.022760538809997188,-0.09119203681496132,-0.03448582921380955,0.036693174,0.032090012,-0.091460854,-0.08691276,-0.05368014,-0.056433357
2024-10-01,val,UP,0.39541372199796143,UP,FLAT,DOWN,0.0,0.03962750200461329,0.011013297489715536,-0.11506785139556303,DOWN,UP,UP,UP,DOWN,UP,UP,UP,UP,UP,UP,UP,0.011979712237309802,0.08863715591834168,0.10345685671971766,0.19406922252498887,0.01867400329744666,0.18782612188722775,0.021373358,0.056196623,0.21095324,0.17802162,0.0768311,0.20874302
2024-10-02,val,UP,0.2824211262767662,UP,UP,UP,0.0,0.39541372199796143,0.011013297489715536,0.168336975341754,UP,UP,UP,UP,DOWN,UP,DOWN,UP,UP,UP,UP,UP,0.06768142756621007,0.05915868120459074,0.2033721050527003,0.20557793956288595,-0.046217839244711,0.11231455316207613,0.003952195,0.018426696,0.11014883,0.10201813,-0.028233545,0.16865768
2024-10-03,val,UP,0.9595060722356052,UP,UP,FLAT,0.0,0.2824211262767662,0.011013297489715536,0.021764986485345313,DOWN,DOWN,UP,FLAT,DOWN,FLAT,DOWN,DOWN,FLAT,UP,DOWN,UP,-0.02488497218744132,-0.03391596587811799,0.08739882916212979,0.11844469880004645,-0.08360684311843672,0.07219948927902292,-0.09547602,-0.11046531,0.112468146,0.046348624,-0.19500609,0.10768215
2024-10-04,val,UP,0.6539568127585937,UP,UP,FLAT,0.0,0.9595060722356052,0.011013297489715536,1.5416758767768102e-05,UP,DOWN,UP,DOWN,DOWN,DOWN,UP,DOWN,UP,UP,DOWN,UP,0.04076152574290863,-0.036420542739977475,0.12841109875252815,0.06420367753301631,-0.05210697211805801,-0.002209687766825945,-0.0010965345,0.043357916,0.17704704,0.12824269,-0.031465914,0.17052655
2024-10-07,val,UP,1.1868623682550705,UP,UP,FLAT,0.0,0.6539568127585937,0.011013297489715536,0.05524461112475532,DOWN,DOWN,UP,DOWN,DOWN,DOWN,FLAT,DOWN,UP,FLAT,UP,UP,-0.023395651593600204,-0.04598991665722161,0.0595686796992658,0.04931586952455992,-0.12721562939035766,-0.046192481916167774,-0.01990924,0.007213213,0.121304,0.018042393,-0.065649085,0.05273046
2024-10-08,val,FLAT,-0.05741443811828617,UP,UP,UP,0.0,1.1868623682550705,0.011013297489715536,0.1100353196481133,DOWN,UP,UP,UP,DOWN,UP,FLAT,UP,UP,UP,UP,UP,0.02881057104902372,0.1189540645463247,0.11857255203230783,0.17488139014691526,0.02752378045649663,0.12094876966351532,-0.15759832,0.17200597,0.18166496,0.17810002,0.108409494,0.14714953
2024-10-09,val,DOWN,-0.4092338980662191,UP,FLAT,DOWN,0.0,-0.05741443811828617,0.011013297489715536,-0.12664217771705982,DOWN,DOWN,DOWN,DOWN,DOWN,DOWN,DOWN,UP,DOWN,FLAT,DOWN,DOWN,-0.03897540065796257,-0.08833854415317145,-0.03522649635341732,-0.06909365785062811,-0.15335777524606733,-0.16683524568072378,-0.04322851,-0.044357255,-0.16757089,-0.059095446,-0.039240375,-0.062677935
2024-10-10,val,UP,0.32624369253060337,UP,DOWN,FLAT,0.0,-0.4092338980662191,0.011013297489715536,-0.02071060500580984,DOWN,DOWN,UP,UP,DOWN,UP,UP,UP,UP,UP,UP,UP,0.026231018612857752,-0.046036275693500606,0.1675435611488655,0.12625146955273858,-0.003262855504033362,0.15884445579058576,0.1938298,-0.11170505,0.27593857,0.14873137,-0.0024698388,0.104656845
2024-10-11,val,DOWN,-0.31342975094474923,UP,UP,UP,0.0,0.32624369253060337,0.011013297489715536,0.17667503927760278,UP,UP,UP,UP,UP,UP,UP,UP,UP,UP,UP,UP,0.15386300370308467,0.06076106234485972,0.15164629877398061,0.056847010495678654,0.056944021042683826,0.08255853558639298,-0.10813381,-0.014048632,0.049640983,-0.011678922,0.009969647,0.06269666
2024-10-14,val,DOWN,-0.17954477410579983,UP,DOWN,DOWN,0.0,-0.31342975094474923,0.011013297489715536,-0.11659355839955696,DOWN,DOWN,DOWN,DOWN,DOWN,DOWN,FLAT,DOWN,DOWN,DOWN,DOWN,DOWN,-0.061050319275466225,-0.10924121808701746,-0.040844316649361376,-0.07143404560271156,-0.1691575080658624,-0.1465125903731265,-0.057342328,-0.029591646,-0.15101947,-0.054896418,-0.034707192,-0.070076324
2024-10-15,val,DOWN,-0.167009288561637,UP,DOWN,FLAT,0.0,-0.17954477410579983,0.011013297489715536,-0.03687713115621239,DOWN,UP,UP,UP,UP,UP,DOWN,UP,UP,UP,UP,UP,-0.008676717495828722,-0.04300028230529192,0.10500904382391793,0.1053530715543544,0.028079612707104656,0.1407068775660564,0.015290658,0.073514245,0.091744065,0.16591583,-0.0063052783,0.10250247
2024-10-16,val,DOWN,-0.12222188006312251,UP,DOWN,UP,0.0,-0.167009288561637,0.011013297489715536,0.11341819021474692,UP,UP,UP,UP,UP,UP,UP,UP,UP,UP,UP,UP,0.019349068661893492,-0.01940818296537021,0.04131540624154385,-0.0033395189582961886,0.0008582677738186353,0.017782070724025968,0.089979485,0.103617586,-0.102788314,0.010161233,0.0073598432,-0.013123754
2024-10-17,val,DOWN,-0.12881619712494796,UP,DOWN,FLAT,0.0,-0.12222188006312251,0.011013297489715536,-0.027891878164821575,DOWN,DOWN,UP,UP,DOWN,UP,DOWN,DOWN,FLAT,UP,DOWN,UP,-0.01596863240249116,-0.13568206746056746,0.06803385266406066,0.005122338906217619,-0.029569393486888362,0.031652488608909714,-0.18152764,-0.015301749,0.022795655,0.09087857,-0.09824043,0.04892751
2024-10-18,val,DOWN,-0.32276833908770897,UP,DOWN,FLAT,0.0,-0.12881619712494796,0.011013297489715536,-0.047644279101682445,FLAT,DOWN,FLAT,DOWN,DOWN,DOWN,FLAT,DOWN,FLAT,FLAT,DOWN,DOWN,-0.020323832766184716,-0.17970781482133125,0.05437832361295142,-0.03554296603023262,-0.18760756707699866,-0.1265841868264088,0.009833785,-0.009730228,0.064361565,0.081251346,-0.054825578,0.049632918
2024-10-21,val,FLAT,-0.006466004981042772,UP,DOWN,FLAT,0.0,-0.32276833908770897,0.011013297489715536,0.0387785830223347,FLAT,UP,FLAT,FLAT,DOWN,FLAT,FLAT,UP,FLAT,DOWN,FLAT,FLAT,-0.04291750934859802,-0.004811440976644351,-0.12325042850595073,-0.07288062372951776,-0.15207780471751695,-0.13849986403314324,0.017531905,0.0501735,-0.1062954,-0.038839836,-0.045346368,-0.093343854
2024-10-22,val,UP,0.6124112613212773,UP,FLAT,FLAT,0.0,-0.006466004981042772,0.011013297489715536,0.04381526840971317,FLAT,UP,UP,UP,DOWN,UP,FLAT,UP,UP,UP,FLAT,UP,0.02871538836251657,0.09977616804610602,0.18174662751156728,0.23745481975392685,-0.030958229551311632,0.1419796417616982,0.03178303,0.11688707,0.14199334,0.17798272,0.0125389155,0.15241836
2024-10-23,val,UP,0.38486256612948466,UP,UP,FLAT,0.0,0.6124112613212773,0.011013297489715536,0.0441822945107005,UP,UP,UP,UP,DOWN,UP,FLAT,UP,FLAT,UP,FLAT,FLAT,0.03371681491496323,0.015054777800119238,0.02276740607685,0.0356037655410711,-0.031392388564702944,0.037284311146676026,-0.016119624,0.07694463,-0.002576585,0.08103737,0.01790973,0.06448592
2024-10-24,val,DOWN,-0.17300488087919064,UP,UP,FLAT,0.0,0.38486256612948466,0.011013297489715536,-0.007128798513560873,DOWN,UP,UP,UP,DOWN,UP,FLAT,UP,UP,UP,DOWN,UP,-0.04314528354597777,-0.038467679380527545,0.0856643615463028,0.0635359203765457,-0.1019579868339431,0.060414278494684684,0.0047215777,0.07281141,0.059731755,0.065274216,-0.03604525,0.13789195
2024-10-25,val,UP,0.23060672573080865,UP,DOWN,FLAT,0.0,-0.17300488087919064,0.011013297489715536,-0.034785226887585195,DOWN,DOWN,DOWN,DOWN,DOWN,DOWN,UP,DOWN,UP,DOWN,DOWN,DOWN,-0.036427583913959644,-0.11163810341334927,-0.0852924676997899,-0.10795101510020032,-0.12615668703041064,-0.17904789090202772,0.07554472,-0.046751373,-0.016295495,-0.056338828,-0.051941942,-0.028168587
2024-10-28,val,UP,0.6377979398449085,UP,UP,FLAT,0.0,0.23060672573080865,0.011013297489715536,0.08380099168349237,UP,UP,UP,UP,UP,UP,UP,DOWN,UP,UP,UP,UP,0.08752788520097247,0.09359870475436907,0.17589478958382368,0.1839899933209003,0.07087771686176698,0.15870764522952543,0.119771555,0.007417472,0.1522374,0.05431804,0.02928377,0.08876654
2024-10-29,val,UP,0.19689421712278943,UP,UP,FLAT,0.0,0.6377979398449085,0.011013297489715536,0.06558621507887835,UP,UP,DOWN,FLAT,UP,UP,FLAT,UP,FLAT,FLAT,DOWN,FLAT,0.04514434763346967,0.053096315536845365,0.004075926272014637,-0.016902905196765263,0.09970189001134892,-0.01166174752033902,-0.023241524,0.03977589,-0.026560834,0.021956727,0.029522669,-0.0026761184
2024-10-30,val,DOWN,-0.17782298601698443,UP,UP,FLAT,0.0,0.19689421712278943,0.011013297489715536,-0.07079218534767623,DOWN,DOWN,DOWN,DOWN,DOWN,DOWN,DOWN,DOWN,DOWN,DOWN,DOWN,DOWN,-0.04634170368759023,-0.22505159451446888,-0.03363135371998281,-0.15921513268903154,-0.07581665132221566,-0.14349500732614573,-0.058672976,-0.108203515,-0.07324503,-0.07022838,-0.036867272,-0.046636242
2024-10-31,val,DOWN,-0.17177215789541123,UP,DOWN,FLAT,0.0,-0.17782298601698443,0.011013297489715536,-0.005111447099046644,DOWN,DOWN,UP,DOWN,DOWN,DOWN,UP,UP,UP,DOWN,DOWN,DOWN,-0.006340750219021352,-0.09134409920468974,0.004546745678498509,-0.09172469489270445,-0.10236764125212264,-0.13863189265535247,0.07792397,-0.002714863,-0.035299405,-0.058458507,-0.089256875,-0.03212552
2024-11-01,val,UP,0.11454754975286363,UP,DOWN,FLAT,0.0,-0.17177215789541123,0.011013297489715536,0.06197835612752609,UP,DOWN,UP,UP,UP,UP,DOWN,UP,UP,UP,DOWN,UP,0.053789566986074844,-0.08611443511643328,0.15649790259756538,0.06348757434689718,0.07934494139651875,0.14668374369937912,0.0789575,0.026121583,0.057779655,0.062376257,-0.034254573,0.022608478
2024-11-04,val,UP,0.17792468314610232,UP,UP,FLAT,0.0,0.11454754975286363,0.011013297489715536,0.009777256394162895,UP,DOWN,UP,UP,DOWN,UP,FLAT,UP,FLAT,UP,DOWN,DOWN,0.05301717179094964,-0.061677671779930374,0.08435262320363983,0.04318708120086792,0.0070252347094715145,0.0525997629279087,0.017777205,0.013454568,-0.013440595,0.04312317,-0.1406738,-0.016457375
2024-11-05,val,FLAT,0.09518673181165838,UP,UP,FLAT,0.0,0.17792468314610232,0.011013297489715536,-0.006662135726734346,FLAT,UP,FLAT,UP,DOWN,UP,DOWN,DOWN,DOWN,DOWN,DOWN,DOWN,0.001818648030809826,0.0009164276946661675,-0.09205119166339253,-0.06318456090701129,-0.020824613117907453,-0.09839987504027838,-0.0026665302,-0.062243164,-0.05477739,-0.011971022,0.012098093,-0.0140955495
2024-11-06,val,UP,0.46826637485644085,UP,FLAT,FLAT,0.0,0.09518673181165838,0.011013297489715536,0.02731200788450342,FLAT,UP,DOWN,DOWN,DOWN,UP,UP,UP,DOWN,DOWN,DOWN,DOWN,-0.005260194220617461,0.08840056651999977,-0.16555815419735911,-0.06582005385977384,0.03234531750184235,-0.06128053544864854,0.034994695,-0.01941844,-0.17979372,-0.18547603,-0.03356545,-0.18602957
2024-11-07,val,DOWN,-0.46192381309353436,UP,UP,FLAT,0.0,0.46826637485644085,0.011013297489715536,0.06498415447162462,UP,UP,UP,UP,DOWN,UP,UP,UP,DOWN,UP,DOWN,UP,0.040978050613878506,0.012998323381648897,0.28719214418747135,0.323444433616621,-0.09391390082336963,0.2248689847177843,0.046359777,-0.11932971,0.11685993,-0.046473972,-0.12376163,-0.039559696
2024-11-08,val,DOWN,-0.6107277714265891,UP,DOWN,DOWN,0.0,-0.46192381309353436,0.011013297489715536,-0.10407655169182176,DOWN,DOWN,DOWN,DOWN,DOWN,DOWN,DOWN,DOWN,DOWN,DOWN,DOWN,DOWN,-0.0785524543772004,-0.17926265215520032,-0.20476553077255874,-0.2596449571268371,-0.30484028532065843,-0.3682195706659318,-0.24550146,-0.2797188,-0.3343212,-0.34337628,-0.23631354,-0.4200265
2024-11-11,val,FLAT,0.03827995453153932,UP,DOWN,FLAT,0.0,-0.6107277714265891,0.011013297489715536,-0.013860604477018972,DOWN,UP,UP,UP,DOWN,UP,UP,UP,UP,UP,DOWN,UP,-0.005216544030761352,0.05439928569151405,0.1398418493863604,0.20051953325449084,-0.11938853363822433,0.10022674523767197,-0.08766234,-0.049565636,0.23872516,0.19682528,-0.16789447,0.17276944
2024-11-12,val,UP,0.5978140419026445,UP,FLAT,UP,0.0,0.03827995453153932,0.011013297489715536,0.12954181358079267,UP,UP,UP,UP,DOWN,UP,UP,UP,UP,UP,UP,UP,0.11563516090221022,0.1254355519544106,0.20461454921034233,0.19342227892188094,0.08334982960246898,0.13848286092517945,0.19415873,0.1621559,0.2368161,0.2077342,0.08778446,0.16433384
2024-11-13,val,FLAT,0.06972395934230491,UP,UP,FLAT,0.0,0.5978140419026445,0.011013297489715536,0.025052063765007522,DOWN,UP,UP,UP,DOWN,UP,FLAT,DOWN,FLAT,UP,DOWN,DOWN,0.01980206245486714,0.06678386479536683,0.0924565359449654,0.14744567212017218,-0.20889454531242954,0.0046384196325358045,-0.050739776,-0.06353186,0.113879405,0.10912924,-0.06009355,0.08775255
2024-11-14,val,UP,0.5749502491260827,UP,FLAT,FLAT,0.0,0.06972395934230491,0.011013297489715536,-0.09136818383248915,DOWN,DOWN,UP,UP,DOWN,UP,FLAT,DOWN,UP,UP,DOWN,DOWN,-0.06317956880797528,-0.07681688560816051,0.05158072428685913,0.04651659167162461,-0.24724787331683812,-0.04309094153206602,-0.05524714,-0.044375174,0.09401612,0.11144117,-0.10110732,0.03348736
2024-11-15,val,FLAT,0.09445547127118203,UP,UP,UP,0.0,0.5749502491260827,0.011013297489715536,0.12882398416139645,UP,UP,UP,UP,DOWN,UP,FLAT,DOWN,UP,UP,DOWN,UP,0.05791890635650704,0.05116198912004829,0.08369174764326516,0.08838712148791447,-0.07040159325405328,0.0711774672771947,0.011822865,-0.0104220025,0.14450778,0.13566071,-0.060518797,0.07611091
2024-11-18,val,DOWN,-0.252079790656623,UP,FLAT,FLAT,0.0,0.09445547127118203,0.011013297489715536,0.0012004375135458226,UP,UP,UP,UP,DOWN,UP,UP,DOWN,DOWN,UP,DOWN,DOWN,0.0063309400652976746,0.06029023497935197,0.0714392284071314,0.11754228359444747,-0.10796451841595556,0.11015103094149037,0.10365158,0.011329114,0.08619586,0.06110558,0.001331145,0.044505324
2024-11-19,val,DOWN,-0.2021223527934879,UP,DOWN,FLAT,0.0,-0.252079790656623,0.011013297489715536,-0.09777348666160873,DOWN,UP,DOWN,DOWN,DOWN,DOWN,UP,UP,DOWN,DOWN,DOWN,DOWN,-0.012221802943009775,0.05212057561788171,-0.0715561837281022,-0.023132011018386144,-0.05830090836273459,-0.08366565065488743,0.04544213,0.056058638,-0.058542643,-0.06257705,0.026751824,-0.084959775
2024-11-20,val,UP,0.26520189818910467,UP,DOWN,FLAT,0.0,-0.2021223527934879,0.011013297489715536,0.06766342412410886,UP,UP,UP,UP,DOWN,UP,UP,DOWN,UP,DOWN,DOWN,DOWN,0.054898438749373626,0.04818624859515285,0.06781735649053897,0.06121536753990467,-0.06790944673196098,0.01081257579757262,0.1105376,0.06022637,0.04398504,-0.008716927,0.04548066,-0.007921324
2024-11-21,val,UP,0.5283031155524753,UP,UP,FLAT,0.0,0.26520189818910467,0.011013297489715536,0.08894586651051986,UP,UP,UP,UP,DOWN,UP,FLAT,DOWN,FLAT,UP,DOWN,UP,0.058731237418471596,-0.007833392183290192,0.1753347081403119,0.12746795756912588,-0.03820213867504684,0.14879827133415524,-0.012602799,-0.05460411,0.12624171,0.12796418,-0.07053972,0.12491545
2024-11-22,val,DOWN,-0.19464420800119342,UP,UP,FLAT,0.0,0.5283031155524753,0.011013297489715536,-0.02215688175505586,DOWN,DOWN,UP,UP,DOWN,UP,FLAT,UP,FLAT,UP,DOWN,UP,0.001789666560100104,-0.04334041721526345,0.047463134749665334,0.013225699865376452,-0.11211982691364439,-0.028901091199563092,-0.027041148,-0.1256258,0.091156855,0.1239432,-0.010072609,0.094203115
2024-11-25,val,DOWN,-0.2958302708224281,UP,DOWN,FLAT,0.0,-0.19464420800119342,0.011013297489715536,-0.06378929315866211,DOWN,DOWN,UP,UP,DOWN,UP,FLAT,DOWN,FLAT,DOWN,DOWN,DOWN,-0.06737805400338194,-0.04822926857108506,0.052437917354980684,0.06798301507185434,-0.12629668358043103,0.016561039858690924,0.012035022,0.024312697,0.07272376,0.06374252,-0.0091893785,0.03395234
2024-11-26,val,UP,0.4151732704462674,UP,DOWN,FLAT,0.0,-0.2958302708224281,0.011013297489715536,0.05003871220794722,UP,DOWN,DOWN,DOWN,DOWN,DOWN,UP,UP,DOWN,DOWN,UP,DOWN,0.02217364311370787,-0.03826720405874148,-0.1463645189361206,-0.21006963763533465,-0.03250319231656371,-0.27008338274083116,0.16267012,0.094042465,-0.25485379,-0.12798536,0.036727875,-0.22350843
2024-11-28,val,DOWN,-0.4151732704462674,UP,UP,FLAT,0.0,0.4151732704462674,0.011013297489715536,0.09719882988428352,UP,UP,UP,UP,DOWN,DOWN,UP,UP,UP,UP,DOWN,DOWN,0.10310158619559995,0.11970642286743347,0.0861503125840866,0.06685084029731174,-0.03258951066720249,-0.10376988103004857,0.100490734,0.003075511,0.14088888,0.07540375,0.09963842,0.033243608
2024-11-29,val,FLAT,-0.05044136298621993,UP,DOWN,DOWN,0.0,-0.4151732704462674,0.011013297489715536,-0.13197840565144736,DOWN,DOWN,DOWN,DOWN,DOWN,DOWN,FLAT,FLAT,DOWN,DOWN,DOWN,DOWN,-0.09167947386632162,-0.09315186507378666,-0.26512253782132467,-0.26842512149886866,-0.208603657854972,-0.32847215815330916,-0.19984618,-0.15346853,-0.42143354,-0.40790734,-0.08700815,-0.36864516
2024-12-02,val,UP,0.3085547613475015,UP,FLAT,FLAT,0.0,-0.05044136298621993,0.011013297489715536,0.045853386213904425,FLAT,FLAT,DOWN,UP,UP,DOWN,UP,UP,UP,DOWN,UP,DOWN,0.0420372070609452,0.07902238211972841,-0.05062588018081243,-0.010527430297131508,0.08340097162137206,-0.02891222426910211,0.086263835,0.044453897,0.013653434,0.023457134,0.047444735,-0.06995056
2024-12-03,val,UP,0.28253040297450127,UP,UP,UP,0.0,0.3085547613475015,0.011013297489715536,0.1258212825666818,UP,UP,UP,UP,FLAT,UP,UP,UP,UP,UP,UP,UP,0.06395374308743298,0.028917192682344356,0.18787480937580164,0.17126393526829636,0.03148455382030193,0.11388940249295246,0.084095955,-0.17162852,0.18058766,0.18933639,0.05877967,0.19791405
2024-12-04,val,FLAT,0.04387751974377352,UP,UP,FLAT,0.0,0.28253040297450127,0.011013297489715536,-0.06017439912578517,DOWN,FLAT,DOWN,FLAT,DOWN,DOWN,DOWN,DOWN,DOWN,DOWN,DOWN,DOWN,-0.022158535883354067,-0.04795487607924283,-0.030335851909072727,-0.04991823853620393,-0.13838972086192294,-0.15788842831566433,-0.060088065,-0.080299646,-0.08713109,-0.053911302,-0.004357552,-0.05215145
2024-12-05,val,DOWN,-0.40817664759380534,UP,FLAT,FLAT,0.0,0.04387751974377352,0.011013297489715536,-0.029553864770808534,FLAT,FLAT,FLAT,FLAT,DOWN,DOWN,DOWN,FLAT,DOWN,FLAT,DOWN,FLAT,-0.005226561418971903,-0.02808547606925689,-0.0013192142005632075,-0.027275976548929364,-0.13260194493567243,-0.13424716591640914,0.014669457,0.054403633,-0.023111498,-0.029788349,-0.0065167267,-0.0451566
2024-12-06,val,DOWN,-0.2772528556102216,UP,DOWN,FLAT,0.0,-0.40817664759380534,0.011013297489715536,0.03409866264940182,DOWN,DOWN,DOWN,DOWN,DOWN,DOWN,DOWN,UP,DOWN,DOWN,DOWN,DOWN,-0.023229338743146446,-0.053113661566160944,-0.14161938206876246,-0.15614862464551874,-0.12855867601374185,-0.20844859553623996,-0.07175653,-0.002689316,-0.22406194,-0.17404069,-0.011890791,-0.22549966
2024-12-09,val,FLAT,0.0819956525171861,UP,DOWN,FLAT,0.0,-0.2772528556102216,0.011013297489715536,0.004938395142696818,UP,UP,UP,UP,DOWN,UP,DOWN,UP,UP,UP,UP,UP,0.03917191023625416,0.12142854256674794,0.08483753672505577,0.16019727396587718,-0.023156690332486685,0.11215573630149922,0.034007415,0.08983419,0.09216312,0.117614076,0.034330696,0.023151636
2024-12-10,val,FLAT,0.08192847472621168,UP,FLAT,FLAT,0.0,0.0819956525171861,0.011013297489715536,0.01713625559448107,UP,UP,UP,UP,FLAT,UP,DOWN,FLAT,UP,UP,DOWN,FLAT,0.051415796083077975,0.1370748360445165,0.12797136240487908,0.16736683050936288,0.055723526972066804,0.1505891076483896,0.017114464,0.08727312,0.10927783,0.11777217,0.057179194,0.10297745
2024-12-11,val,UP,0.1950974532423544,UP,FLAT,FLAT,0.0,0.08192847472621168,0.011013297489715536,0.017797178395489756,FLAT,DOWN,FLAT,UP,FLAT,UP,DOWN,UP,UP,UP,FLAT,UP,-0.013379650109660482,-0.047140174715684845,0.05024343080057074,0.03967412777305636,-0.11396309448054608,-0.019054274760710622,0.027603388,0.06401015,0.112319216,0.14190796,0.022121927,0.09825551
2024-12-12,val,UP,0.21354109358089346,UP,UP,FLAT,0.0,0.1950974532423544,0.011013297489715536,0.02243273835636169,FLAT,DOWN,FLAT,UP,FLAT,FLAT,FLAT,UP,FLAT,UP,FLAT,UP,0.006427125306740803,-0.037931087167997174,0.05698540739106961,0.016525968624252742,-0.06438161394390991,0.028038185296138565,0.016205152,-0.019930933,0.13107379,0.051087175,0.051841233,0.044250943
2024-12-13,val,UP,0.3006955845838988,UP,UP,FLAT,0.0,0.21354109358089346,0.011013297489715536,0.01757592852842451,FLAT,UP,UP,UP,DOWN,FLAT,UP,DOWN,UP,UP,DOWN,FLAT,0.015080463735919656,0.023281320382280337,0.07158891220924128,0.08828596864630602,-0.1312917788754581,-0.021586183559025016,0.0401306,-0.00074954744,0.11390003,0.096828416,-0.026178736,0.065095626
2024-12-16,val,UP,0.19996257365910708,UP,UP,FLAT,0.0,0.3006955845838988,0.011013297489715536,0.027064663387333716,FLAT,UP,FLAT,UP,DOWN,DOWN,UP,UP,FLAT,FLAT,FLAT,FLAT,0.013918595064329612,0.019283601182474144,0.0086599202218152,0.036302669254346775,-0.07422702600750256,-0.04916837956862871,0.01798215,0.05040266,0.060452774,0.1164251,-0.040799905,0.038842417
2024-12-17,val,UP,0.1933331856678322,UP,UP,FLAT,0.0,0.19996257365910708,0.011013297489715536,0.009781562541581072,FLAT,DOWN,FLAT,FLAT,FLAT,FLAT,FLAT,FLAT,FLAT,FLAT,FLAT,FLAT,0.0072930692680126825,0.0108501850159996,-0.008378960192459078,0.004922150265955293,-0.01597308197365232,-0.053709996839000386,-0.012863846,0.04703877,-0.03318162,0.03003951,0.04891811,-0.016036605
2024-12-18,val,UP,0.3110422414392744,UP,UP,FLAT,0.0,0.1933331856678322,0.011013297489715536,0.016332628118133415,FLAT,UP,FLAT,UP,DOWN,UP,DOWN,UP,FLAT,UP,FLAT,UP,0.01793866809055626,0.012504801370762013,0.07045987761380161,0.02248276018751408,-0.03842228206107054,0.03141036377271717,-0.016329426,0.09477195,0.05230279,0.13338009,0.050275486,0.103978015
2024-12-19,val,UP,1.0933796418942876,UP,UP,FLAT,0.0,0.3110422414392744,0.011013297489715536,0.03842403185257943,FLAT,UP,UP,UP,FLAT,UP,DOWN,FLAT,UP,UP,FLAT,UP,0.028850462250746417,0.00915687833139581,0.6332717368349577,0.5706913883500807,-0.09657209433853649,0.538355767302128,0.0025802308,0.00827484,0.21644841,0.22215517,0.0063559567,0.1987591
2024-12-20,val,FLAT,-0.04301471784149413,UP,UP,UP,0.0,1.0933796418942876,0.011013297489715536,0.10937649022060336,UP,UP,DOWN,FLAT,DOWN,FLAT,FLAT,FLAT,FLAT,FLAT,UP,FLAT,0.05665511474943169,0.15447809141059243,-0.024917298442426603,0.07594020668331616,-0.016352206160306214,0.05871713200488803,0.026284775,0.09942375,0.053370427,0.09802323,0.08193533,0.09117045
2024-12-23,val,DOWN,-0.6845751240835085,UP,FLAT,DOWN,0.0,-0.04301471784149413,0.011013297489715536,-0.10984688701632389,DOWN,DOWN,DOWN,DOWN,DOWN,DOWN,DOWN,UP,DOWN,DOWN,FLAT,DOWN,-0.07088807786096596,-0.10815024839405134,-0.39155843671599205,-0.3955090332490945,-0.14151701761030794,-0.44003236398912704,-0.01824001,-0.058070615,-0.36244074,-0.34457567,-0.081564434,-0.35142812
2024-12-24,val,UP,0.302777751621619,UP,DOWN,FLAT,0.0,-0.6845751240835085,0.011013297489715536,-0.06361292705341798,DOWN,DOWN,UP,UP,UP,UP,UP,UP,UP,UP,UP,UP,-0.030448194153319032,-0.07672962377235562,0.09018339013137376,0.04451428135684679,-0.014318433063292205,0.045401132097589045,0.016762935,0.032756504,0.124077894,0.11937264,-0.032206994,0.01861595
2024-12-27,val,UP,0.26494978375453115,UP,UP,UP,0.0,0.302777751621619,0.011013297489715536,0.19759754405991464,UP,UP,UP,UP,UP,UP,UP,UP,UP,UP,UP,UP,0.18624288171980147,0.14353680346663533,0.11352710090481763,0.09978190645468,0.27092803815613997,0.19275979675367588,-0.14858726,0.067243114,-0.040872406,-0.04376614,0.055722646,0.047329407
2024-12-30,val,DOWN,-0.5491637532616167,UP,UP,FLAT,0.0,0.26494978375453115,0.011013297489715536,-0.030403430567851462,DOWN,UP,UP,UP,UP,UP,UP,UP,UP,DOWN,UP,FLAT,0.008568905737181207,0.00011432104866321811,-0.001237838079708082,-0.027875460472108395,0.07552497557906107,0.04027541450536193,0.06973984,0.030590937,-0.04727445,-0.049916554,0.068426676,-0.01584084
2024-12-31,val,FLAT,-0.030941551656304966,UP,DOWN,DOWN,0.0,-0.5491637532616167,0.011013297489715536,-0.16679553720740659,DOWN,DOWN,UP,UP,DOWN,UP,FLAT,UP,UP,UP,DOWN,UP,-0.12019034428850574,-0.11019569918363105,0.031853064518677504,0.060166289461629774,-0.3022307572612818,-0.08344326320417157,-0.30771208,-0.21098043,0.06458578,0.123094164,-0.15463462,0.08558894
2025-01-02,val,UP,0.48776066819584685,UP,FLAT,UP,0.0,-0.030941551656304966,0.011013297489715536,0.16157449741632027,UP,UP,UP,UP,UP,UP,UP,UP,UP,UP,UP,UP,0.09995265605391639,0.12884700441250455,0.17245019760534677,0.1672660823687493,0.03170777493913718,0.12385629802533403,0.122600295,0.12876341,0.18969992,0.1599242,0.014988502,0.1771172
2025-01-03,val,DOWN,-0.11709242394140063,UP,UP,UP,0.0,0.48776066819584685,0.011013297489715536,0.10003006572809259,UP,UP,UP,UP,UP,UP,UP,UP,UP,UP,UP,UP,0.05973557019441107,0.11284507711901211,0.25726342972973465,0.2767352426111392,0.0702962527392759,0.2734599479283943,0.13999115,0.10907743,0.21723278,0.21706879,0.063444465,0.19944982
2025-01-06,val,DOWN,-0.14810246459031617,UP,DOWN,DOWN,0.0,-0.11709242394140063,0.011013297489715536,-0.17747948811356504,DOWN,DOWN,DOWN,DOWN,DOWN,DOWN,DOWN,DOWN,DOWN,DOWN,FLAT,DOWN,-0.07622246499839239,-0.04350741488272081,-0.18829164532241166,-0.1698590173995452,-0.06363795881823932,-0.13465504794896524,-0.1194005,-0.040077165,-0.25751653,-0.19104615,0.016091954,-0.18192871
2025-01-07,val,DOWN,-0.1483221333657525,UP,DOWN,FLAT,0.0,-0.14810246459031617,0.011013297489715536,0.050046189920430875,UP,UP,DOWN,DOWN,DOWN,DOWN,UP,UP,DOWN,DOWN,UP,DOWN,0.01606418534307784,0.12893676472911025,-0.13096558284969947,-0.0704534073696944,-0.02258630783245836,-0.13036287817062087,0.07254264,0.11471045,-0.21284139,-0.15335505,0.01593038,-0.07956907
2025-01-08,val,UP,0.19771399706041137,UP,DOWN,UP,0.0,-0.1483221333657525,0.011013297489715536,0.10362527437878047,UP,UP,UP,UP,UP,UP,UP,UP,UP,UP,UP,UP,0.04049588957177378,0.0222902041224501,0.17008286555502583,0.11220981506687354,-0.0027773552607150767,0.10418850806698,0.10029952,0.009074641,0.14700569,0.060085848,0.008616435,0.035067655
2025-01-09,val,UP,0.2281205711973655,UP,UP,FLAT,0.0,0.19771399706041137,0.011013297489715536,-0.04439850007532927,UP,UP,UP,UP,DOWN,UP,DOWN,DOWN,UP,UP,DOWN,UP,0.03426200349120491,-0.002694885926202593,0.1544593524926873,0.13860910588026928,-0.14477633231935672,0.05268588980423675,-0.08064095,-0.0022143696,0.09065849,0.13224356,-0.05917226,0.12542345
2025-01-10,val,DOWN,-0.2713371176332302,UP,UP,FLAT,0.0,0.2281205711973655,0.011013297489715536,0.000808238294615439,FLAT,UP,FLAT,FLAT,FLAT,FLAT,DOWN,UP,UP,UP,DOWN,FLAT,-0.004902994263725303,0.05993001185832909,0.019202765153583046,0.06729622310562179,-0.19097790943317644,-0.05984661097071011,-0.0072688544,0.025946248,0.02353227,0.049764782,-0.032799076,0.020047871
2025-01-13,val,UP,0.5357980485454661,UP,DOWN,FLAT,0.0,-0.2713371176332302,0.011013297489715536,0.014881281746658655,DOWN,DOWN,UP,UP,DOWN,UP,DOWN,DOWN,UP,UP,FLAT,UP,-0.053786760775751535,-0.0779187893374291,0.1669298288847039,0.10258441120925964,-0.09602243801259423,0.12954882130895523,-0.024899874,0.011106286,0.13830793,0.13554896,-0.034827393,0.12095431
2025-01-14,val,FLAT,-0.09832238240630176,UP,UP,FLAT,0.0,0.5357980485454661,0.011013297489715536,0.08763096713632268,UP,FLAT,UP,FLAT,UP,FLAT,FLAT,FLAT,FLAT,UP,UP,FLAT,0.0858698584184763,0.019304380666820352,0.1160355622784172,0.05751333025857791,0.02666229232181907,-0.035322425794317866,0.039399046,0.09610663,0.16147925,0.16699043,0.06898149,0.10768464
2025-01-15,val,UP,0.2824166906579606,UP,FLAT,FLAT,0.0,-0.09832238240630176,0.011013297489715536,-0.06840873013720802,DOWN,DOWN,DOWN,DOWN,DOWN,DOWN,DOWN,UP,DOWN,DOWN,DOWN,DOWN,-0.03662264361149922,-0.043450461885895277,-0.1894109694252789,-0.1817207030497266,-0.2049941898116676,-0.3518419751590305,0.008216412,0.046213914,-0.25673294,-0.14018042,-0.016965484,-0.20825313
2025-01-16,val,UP,0.40992440161033983,UP,UP,FLAT,0.0,0.2824166906579606,0.011013297489715536,0.04271589422121214,UP,DOWN,DOWN,DOWN,FLAT,DOWN,UP,UP,DOWN,DOWN,UP,DOWN,0.03140905898315886,-0.071571025935603,-0.07824280595750825,-0.16826730353440766,-0.0727593470074994,-0.21718622510447488,0.008540887,0.004662536,-0.104846925,-0.16266951,0.005458056,-0.1596302
2025-01-17,val,FLAT,-0.03053341906422702,UP,UP,FLAT,0.0,0.40992440161033983,0.011013297489715536,0.08493170230911201,UP,FLAT,UP,DOWN,DOWN,DOWN,FLAT,UP,DOWN,DOWN,DOWN,DOWN,0.04359677691326602,-0.05517833794608043,-0.00015748680282874107,-0.026431682406523143,-0.12629804428705782,-0.16982922355637967,0.031220973,-0.05699046,-0.0017375546,0.0021725588,-0.10272748,-0.038485643
2025-01-20,val,FLAT,-0.006107802719768074,UP,FLAT,FLAT,0.0,-0.03053341906422702,0.011013297489715536,-0.0736769081645903,DOWN,FLAT,UP,UP,DOWN,FLAT,DOWN,DOWN,FLAT,UP,DOWN,UP,-0.030544576685845936,-0.04040832822288458,0.07864473060401332,0.09325489130791108,-0.21537464370773945,-0.0847222016332365,-0.031739086,0.039304465,0.07069276,0.13939153,-0.014007213,0.06558808
2025-01-21,val,DOWN,-0.2507416535550533,UP,FLAT,FLAT,0.0,-0.006107802719768074,0.011013297489715536,0.011286834645633638,UP,UP,UP,UP,DOWN,UP,UP,UP,UP,UP,UP,UP,0.03964013887212044,0.037055915779846814,0.05112894899106066,0.09812915397525314,-0.07005615875491387,0.015091569643124412,0.11450988,0.0835721,0.12247898,0.0796185,0.058390908,0.02936711
2025-01-22,val,FLAT,-0.024496295057829798,UP,DOWN,FLAT,0.0,-0.2507416535550533,0.011013297489715536,0.03890148979435871,UP,UP,DOWN,DOWN,DOWN,DOWN,DOWN,UP,DOWN,DOWN,DOWN,DOWN,0.009035131826820917,0.04389469967098501,-0.3165904025277642,-0.2735510765212936,-0.1454447432778837,-0.35161814242981565,0.089574635,-0.03908405,-0.597228,-0.5802882,-0.031259168,-0.5541222
2025-01-23,val,DOWN,-0.3128549004584258,UP,FLAT,FLAT,0.0,-0.024496295057829798,0.011013297489715536,-0.0013367350053721805,FLAT,UP,UP,UP,DOWN,UP,FLAT,FLAT,FLAT,FLAT,DOWN,FLAT,0.03892559914303395,0.08173089215175722,0.06479530580074741,0.09705345801193457,-0.11593291185978707,-0.0008711345162326634,0.014927737,0.025725279,0.08444989,0.11958757,-0.030917095,0.057083596
2025-01-24,val,DOWN,-0.4680387901105476,UP,DOWN,FLAT,0.0,-0.3128549004584258,0.011013297489715536,-0.037620401229347254,FLAT,UP,FLAT,UP,DOWN,DOWN,UP,UP,DOWN,DOWN,DOWN,DOWN,-0.030630582452850313,-0.049380113678533614,-0.04676973541809974,-0.05391531602596458,-0.08839102491110974,-0.10807083462826737,0.005014306,0.038921796,-0.039813463,-0.020152325,0.009968465,-0.054820083
2025-01-30,val,UP,0.3635359375079972,UP,DOWN,FLAT,0.0,-0.4680387901105476,0.011013297489715536,0.0033181099382403947,FLAT,UP,DOWN,DOWN,FLAT,DOWN,DOWN,DOWN,DOWN,DOWN,DOWN,DOWN,-0.03646778994716725,-0.008917752985979395,-0.15877683340221702,-0.13718325066734033,0.03023826038753674,-0.08214175925332315,-0.18515089,-0.10999228,-0.23105623,-0.23561212,-0.104284175,-0.30329466
2025-01-31,val,UP,0.32544316587355127,UP,UP,UP,0.0,0.3635359375079972,0.011013297489715536,0.10721502569611949,UP,UP,UP,UP,DOWN,UP,UP,UP,UP,UP,DOWN,UP,0.0820234080147429,0.12526382263061112,0.14058093853990225,0.1529323880316265,-0.07824525488399109,0.06313584255448622,0.03714011,0.07188304,0.13397902,0.119520664,-0.019952724,0.11479401
2025-02-03,val,UP,0.8606798132358762,UP,UP,FLAT,0.0,0.32544316587355127,0.011013297489715536,-0.0163454594328769,DOWN,UP,UP,UP,DOWN,UP,FLAT,UP,UP,UP,UP,UP,-0.018224072009331682,0.053682668423298045,0.11612838071187523,0.15957061711282322,-0.19127920236502227,0.008872043263462139,0.04880334,0.013276077,0.15637653,0.1633124,0.05538315,0.14647205
2025-02-04,val,DOWN,-0.5362923451368573,UP,UP,FLAT,0.0,0.8606798132358762,0.011013297489715536,0.05207052869894203,DOWN,UP,UP,UP,DOWN,DOWN,UP,UP,UP,UP,DOWN,UP,0.014167000093911124,0.1641137454645982,0.18518014212167958,0.296735065192585,-0.3240735080960319,-0.1186780929601761,0.0072421506,-0.0084746815,0.14574096,0.13775127,-0.020208562,0.12587564
2025-02-05,val,DOWN,-0.34891229961377945,UP,DOWN,FLAT,0.0,-0.5362923451368573,0.011013297489715536,-0.08809723139581987,DOWN,UP,DOWN,DOWN,DOWN,DOWN,FLAT,DOWN,DOWN,DOWN,DOWN,DOWN,-0.10370646030701056,-0.03368658045414176,-0.3323253548290213,-0.33053402708483987,-0.41065827413322803,-0.6608853134335214,-0.26041925,-0.13084134,-0.60392475,-0.60207796,-0.21922147,-0.64517987
2025-02-06,val,UP,0.1348122025367715,UP,DOWN,FLAT,0.0,-0.34891229961377945,0.011013297489715536,0.018847215337832297,UP,UP,DOWN,DOWN,DOWN,DOWN,UP,DOWN,DOWN,DOWN,DOWN,DOWN,0.06441920421020018,0.013593748701466499,-0.052073806001993225,-0.08180074469183866,-0.18003783081488683,-0.34605503283363587,0.030928694,0.044768453,-0.10696375,-0.104910836,0.037155226,-0.16315234
2025-02-07,val,FLAT,-0.030623181987898818,UP,UP,UP,0.0,0.1348122025367715,0.011013297489715536,0.101390996988793,UP,UP,UP,UP,UP,DOWN,UP,UP,UP,UP,DOWN,UP,0.12170201943243353,0.06042040890260035,0.0990588492066733,0.06766246114959204,-0.054623302398546125,-0.12910720416153484,-0.0013683389,-0.047926713,0.06777089,0.13919398,0.0036024337,0.040138308
2025-02-10,val,UP,0.1530222180766927,UP,FLAT,FLAT,0.0,-0.030623181987898818,0.011013297489715536,-0.05810510424280447,DOWN,UP,UP,UP,DOWN,UP,FLAT,UP,FLAT,UP,DOWN,UP,-0.022620659148063788,0.033739967961595944,0.1174562607348887,0.1718357250861871,-0.05781978150083389,0.11527725641995276,-0.07330736,-0.07407442,0.08598497,0.112700865,-0.04518604,0.104821526
2025-02-11,val,UP,0.1833181081661195,UP,UP,FLAT,0.0,0.1530222180766927,0.011013297489715536,0.009379476442877961,FLAT,UP,FLAT,UP,DOWN,DOWN,DOWN,DOWN,UP,UP,DOWN,DOWN,0.011032477789572455,0.09358023760591926,0.054593003732153825,0.09594366988572546,-0.1286153999797214,-0.09124612075384514,0.019327462,0.031823304,0.07003802,0.020163218,0.034401145,-0.0102745555
2025-02-12,val,FLAT,-0.09772783577712829,UP,UP,FLAT,0.0,0.1833181081661195,0.011013297489715536,0.07554006375214514,UP,FLAT,DOWN,FLAT,DOWN,DOWN,UP,UP,UP,UP,DOWN,DOWN,0.018272875133893685,0.027886136863081223,-0.06833785888636985,-0.07191486423289757,-0.1895462959166296,-0.29800805839320677,0.052117866,-0.06791879,0.0022286559,-0.1085356,-0.04622298,-0.12776375
2025-02-13,val,FLAT,0.006110788599222872,UP,FLAT,FLAT,0.0,-0.09772783577712829,0.011013297489715536,-0.045454390777527186,FLAT,UP,FLAT,DOWN,DOWN,DOWN,DOWN,UP,DOWN,UP,DOWN,DOWN,-0.020282052030271728,-0.035868233045142875,-0.013598423419804575,-0.07501285173230271,-0.22029021529156229,-0.17866155276879414,0.0076949364,-0.09785335,-0.021589905,-0.03437412,-0.057895225,-0.1448025
2025-02-14,val,DOWN,-0.4900469224947912,UP,FLAT,FLAT,0.0,0.006110788599222872,0.011013297489715536,0.004278842715378922,FLAT,UP,DOWN,DOWN,FLAT,DOWN,FLAT,FLAT,FLAT,FLAT,FLAT,DOWN,0.03508809876030633,0.07076117139321268,-0.14169374260660617,-0.14226428294537752,-0.08184577714546898,-0.2088118928227407,0.07234785,0.03608016,-0.20626949,-0.09280817,0.05505484,-0.17421302
2025-02-17,val,DOWN,-0.473949122186923,UP,DOWN,FLAT,0.0,-0.4900469224947912,0.011013297489715536,-0.005048969775791799,DOWN,UP,DOWN,DOWN,DOWN,DOWN,DOWN,UP,DOWN,DOWN,DOWN,DOWN,-0.04402352172985999,0.0014171221017300287,-0.1990926589972097,-0.16177414690823366,-0.11575035324211219,-0.2164977487160262,-0.16567178,-0.071924254,-0.23671433,-0.111127205,-0.1462471,-0.2390438
2025-02-18,val,UP,0.41252405883067667,UP,DOWN,FLAT,0.0,-0.473949122186923,0.011013297489715536,-0.015141240182095415,DOWN,UP,UP,UP,FLAT,UP,DOWN,FLAT,UP,UP,DOWN,FLAT,-0.008083327051153572,0.06824099391425217,0.01569343087265216,0.06175799157400241,-0.0867814574431867,-0.04815070547323937,-0.15678532,0.014474039,0.062651955,0.14074099,-0.07573878,0.027787829
2025-02-19,val,UP,0.5025752181754939,UP,UP,UP,0.0,0.41252405883067667,0.011013297489715536,0.10204065059483014,UP,UP,UP,UP,UP,UP,UP,UP,UP,UP,UP,UP,0.08434468774956093,0.12218675146473625,0.16535219833811565,0.18433297039650362,0.16252988238848007,0.19475029511169503,0.09253319,0.13235329,0.16925673,0.21521936,0.07382167,0.1951637
2025-02-20,val,FLAT,-0.07950827610674338,UP,UP,FLAT,0.0,0.5025752181754939,0.011013297489715536,0.018879224773820903,DOWN,UP,DOWN,DOWN,DOWN,DOWN,FLAT,FLAT,UP,FLAT,DOWN,FLAT,-0.026722347782861745,0.08220347458263068,-0.024852851822920057,0.036404149955419116,-0.07362570928203299,0.017899717914631207,0.007140035,-0.013755744,0.06743184,0.098106004,-0.04445442,0.035278775
2025-02-21,val,DOWN,-0.2695749702604999,UP,FLAT,FLAT,0.0,-0.07950827610674338,0.011013297489715536,-0.0832276714224883,DOWN,DOWN,DOWN,DOWN,UP,DOWN,UP,DOWN,DOWN,DOWN,DOWN,DOWN,-0.05852645439971853,-0.08553654380135046,-0.2143027182968123,-0.2126618167826645,-0.06949539461348347,-0.2240429111105419,0.022931565,-0.040119015,-0.2057646,-0.14337333,-0.0456116,-0.23668906
2025-02-24,val,FLAT,0.018403214480144925,UP,DOWN,FLAT,0.0,-0.2695749702604999,0.011013297489715536,0.03290528666816526,UP,UP,UP,UP,UP,UP,UP,UP,UP,UP,UP,UP,0.02462038453781901,0.01167879251690516,0.17343252008992271,0.16898395653990622,0.1172868663519426,0.24722729366464263,0.15922634,0.053574085,0.1613896,0.1332124,0.026666146,0.12086054
2025-02-25,val,FLAT,0.07970814977937835,UP,FLAT,FLAT,0.0,0.018403214480144925,0.011013297489715536,0.07304029286274161,UP,UP,UP,UP,UP,UP,UP,UP,UP,UP,FLAT,UP,0.07895927122600267,0.21725698016652198,0.08790900886283458,0.20566738362777562,0.05627048886442495,0.11513156030485715,0.083096,0.07396629,0.07522854,0.10334318,0.01833651,0.0060929693
2025-02-26,val,UP,0.4342116108775329,UP,FLAT,FLAT,0.0,0.07970814977937835,0.011013297489715536,-0.03357065474339509,DOWN,UP,DOWN,DOWN,FLAT,DOWN,FLAT,DOWN,DOWN,DOWN,DOWN,DOWN,0.01292224693753202,0.04552702498290226,-0.05008489274459173,-0.04203970449834307,-0.05939739202874478,-0.09634611734910255,-0.03190906,-0.012551846,-0.06132108,-0.051171638,0.02709237,-0.06148624
2025-02-27,val,UP,0.26814569056075044,UP,UP,FLAT,0.0,0.4342116108775329,0.011013297489715536,0.0436472427068953,FLAT,DOWN,FLAT,DOWN,DOWN,DOWN,FLAT,FLAT,FLAT,FLAT,DOWN,UP,0.013001371622145375,-0.09444214084995463,0.007803642342508391,-0.08325070247625636,-0.189011061025752,-0.26379626382193183,0.019441726,-0.06992359,0.0761152,0.10712184,-0.03693002,0.07810394
2025-02-28,val,UP,0.8725741602232162,UP,UP,FLAT,0.0,0.26814569056075044,0.011013297489715536,0.038521654741499274,DOWN,UP,UP,UP,UP,UP,FLAT,FLAT,UP,UP,DOWN,UP,-0.010179294030424071,0.012182350957625225,0.2507356426107466,0.24924255915762725,-0.10750337289642274,0.1920028577122876,0.045791674,0.0002171152,0.1877282,0.15931888,-0.010198874,0.17938952
2025-03-03,val,DOWN,-0.4171584901433434,UP,UP,FLAT,0.0,0.8725741602232162,0.011013297489715536,0.06576257400536667,UP,UP,DOWN,UP,FLAT,UP,UP,DOWN,UP,DOWN,DOWN,DOWN,0.04184084683799376,0.045202556809113024,0.03810368799323342,0.0352102905260528,0.006965310431282241,0.06233662029433939,0.05246338,0.005199168,0.041311257,0.059630357,-0.047653932,0.0061704423
2025-03-04,val,DOWN,-0.3824096438403757,UP,DOWN,DOWN,0.0,-0.4171584901433434,0.011013297489715536,-0.12042614841597357,DOWN,DOWN,DOWN,DOWN,UP,DOWN,DOWN,UP,FLAT,DOWN,DOWN,DOWN,-0.09071531106633766,-0.07005826836987614,-0.15226430304923338,-0.10486745544136572,-0.02579351718865873,-0.06666654437644634,-0.09216399,0.017129961,-0.13142957,0.004748416,-0.033782296,-0.14725125
2025-03-05,val,DOWN,-0.4388377859884329,UP,DOWN,FLAT,0.0,-0.3824096438403757,0.011013297489715536,0.02113786122117981,UP,UP,DOWN,DOWN,UP,UP,UP,UP,DOWN,DOWN,DOWN,DOWN,0.04318941298368224,0.05787865782474949,-0.14779834796372002,-0.13629783778012886,-0.15624636165059916,-0.2844609449692186,0.08335228,0.031681422,-0.33064562,-0.335809,-0.078115426,-0.40004715
2025-03-06,val,DOWN,-0.34265468269207844,UP,DOWN,FLAT,0.0,-0.4388377859884329,0.011013297489715536,0.05529849168604168,UP,UP,DOWN,DOWN,UP,DOWN,DOWN,UP,FLAT,DOWN,DOWN,DOWN,0.055987586578385776,0.06823613419736732,0.002362590628293932,-0.0020160944811185334,-0.22513640921384115,-0.3296510831464884,-0.16914664,-0.097121745,-0.36850798,-0.27509296,-0.13416216,-0.18285029
2025-03-07,val,UP,0.1286331377025718,UP,DOWN,FLAT,0.0,-0.34265468269207844,0.011013297489715536,-0.049556540949285625,DOWN,DOWN,DOWN,DOWN,DOWN,DOWN,FLAT,DOWN,FLAT,DOWN,DOWN,DOWN,-0.005275928917532525,-0.08164591734173009,-0.2992798503304019,-0.337948680999317,-0.32533246612121963,-0.6615558366572812,-0.013612251,-0.052260578,-0.36592636,-0.37225908,-0.025801232,-0.45038548
2025-03-10,val,FLAT,-0.06123323931461755,UP,UP,FLAT,0.0,0.1286331377025718,0.011013297489715536,0.04339566422172258,FLAT,UP,FLAT,DOWN,FLAT,UP,DOWN,UP,DOWN,DOWN,UP,DOWN,0.028001075933422184,0.06852006733026125,-0.08929712002756558,-0.04675414873288246,-0.10111876515001289,-0.17210360347684264,0.020494536,0.0110476045,-0.2855867,-0.05592265,0.043526266,-0.14757903
2025-03-11,val,UP,0.6350003020013872,UP,FLAT,FLAT,0.0,-0.06123323931461755,0.011013297489715536,0.02078056300270533,FLAT,DOWN,UP,UP,UP,UP,DOWN,UP,UP,UP,UP,UP,-0.03576010270584343,-0.12097270142343812,0.12412865249950232,0.03782362445616154,-0.16090997184295944,-0.12423284531244501,-0.074363016,-0.111317076,0.032022517,0.080786645,0.0345365,0.13265072
2025-03-12,val,UP,0.13988993553351037,UP,UP,FLAT,0.0,0.6350003020013872,0.011013297489715536,0.0595153035414186,UP,UP,DOWN,DOWN,UP,DOWN,FLAT,UP,FLAT,DOWN,DOWN,DOWN,0.0388692389822973,0.06342449906504738,-0.1467043630996482,-0.13254574447776485,-0.21734948792227654,-0.4093157726778538,0.04232702,-0.03238994,-0.10758719,-0.12206549,-0.052052964,-0.1856914
2025-03-13,val,DOWN,-0.15206353102001913,UP,UP,FLAT,0.0,0.13988993553351037,0.011013297489715536,-0.030420428443394022,DOWN,FLAT,DOWN,DOWN,UP,DOWN,FLAT,UP,FLAT,DOWN,DOWN,DOWN,-0.027896047251474296,-0.06512767029057939,-0.057826305854739676,-0.1237720844011574,-0.2657182329977084,-0.3686286981724751,0.024308268,-0.03300719,-0.0019558135,0.015111672,-0.028620394,-0.030165013
2025-03-14,val,DOWN,-0.21937851577131795,UP,DOWN,FLAT,0.0,-0.15206353102001913,0.011013297489715536,-0.020522923227970148,DOWN,UP,UP,UP,UP,UP,UP,UP,UP,UP,DOWN,UP,-0.014827091050014594,-0.004053460198136301,0.08247180243837111,0.11937436164219598,-0.21766034861407088,-0.07065944724813074,0.033895645,-0.012105651,0.12662679,0.13401818,-0.044332568,0.06817764
2025-03-17,val,FLAT,-0.0793384436356348,UP,DOWN,FLAT,0.0,-0.21937851577131795,0.011013297489715536,0.037070308250959576,UP,UP,DOWN,DOWN,UP,UP,UP,DOWN,DOWN,DOWN,DOWN,DOWN,0.044886141408281066,0.00868171273628515,-0.061365623018506274,-0.07716395613925678,-0.12127753045701983,-0.25333238063828856,0.12148811,0.036302317,-0.07322162,-0.098060966,0.0126783205,-0.15142675
2025-03-18,val,UP,0.3230626685960303,UP,FLAT,FLAT,0.0,-0.0793384436356348,0.011013297489715536,0.014106220521378152,UP,UP,DOWN,DOWN,UP,DOWN,FLAT,UP,DOWN,DOWN,FLAT,FLAT,0.0394020621281297,0.05181481009473287,-0.07613499719543544,-0.02712092157775318,-0.09765338675149081,-0.2190662862986271,-0.007875431,0.048858333,-0.19163336,-0.034586012,0.029720223,-0.14256556
2025-03-19,val,UP,0.5825259191079013,UP,UP,FLAT,0.0,0.3230626685960303,0.011013297489715536,0.031520791462523075,FLAT,UP,FLAT,UP,UP,UP,UP,UP,DOWN,UP,DOWN,DOWN,0.026893832159713155,0.017125992863231153,0.009679405566501546,0.005523889805194179,-0.15673206091226707,-0.13433034359836826,0.024628537,0.06092745,-0.011083623,0.0053393436,0.006601504,-0.0354514
2025-03-20,val,DOWN,-0.2847710125239544,UP,UP,FLAT,0.0,0.5825259191079013,0.011013297489715536,0.05409904761719093,DOWN,UP,DOWN,DOWN,DOWN,DOWN,FLAT,FLAT,FLAT,FLAT,DOWN,FLAT,0.0013527436600363832,0.04638275496610184,-0.034509128207760004,-0.009814051336086326,-0.2306673142065074,-0.24803491125239366,-0.016655458,-0.00089887803,-0.044917863,-0.006023338,-0.014745498,-0.047709968
2025-03-21,val,UP,0.12127828786248074,UP,DOWN,FLAT,0.0,-0.2847710125239544,0.011013297489715536,-0.08314617430810792,DOWN,DOWN,UP,UP,DOWN,UP,FLAT,FLAT,FLAT,UP,DOWN,UP,-0.07836432156965575,-0.1187847011105826,0.07435240049553155,0.03840218263552177,-0.2356234713967892,-0.07483304342070572,-0.0039320863,0.04107686,0.1183141,0.12530528,-0.02894214,0.1074383
2025-03-24,val,UP,0.3629548476686395,UP,UP,FLAT,0.0,0.12127828786248074,0.011013297489715536,0.06183927072265887,UP,UP,UP,UP,UP,UP,UP,UP,UP,UP,UP,UP,0.08237027319851493,0.04358305922029363,0.11860960411569621,0.09717974591799598,0.06982719222093342,0.07089651029195922,0.12840481,0.09312994,0.17920609,0.17415059,0.10249402,0.0664538
2025-03-25,val,UP,0.3676585523480824,UP,UP,FLAT,0.0,0.3629548476686395,0.011013297489715536,0.08324222213816698,UP,UP,DOWN,DOWN,UP,DOWN,UP,UP,DOWN,UP,DOWN,DOWN,0.05828178184010019,0.08594678304339305,0.020225221968800434,0.05771655696347666,-3.629556697572027e-05,-0.0907607410195426,0.058876235,0.07861258,-0.030826394,0.010423447,-0.032251872,-0.014345872
2025-03-26,val,DOWN,-0.204757674669942,UP,UP,FLAT,0.0,0.3676585523480824,0.011013297489715536,-0.03699939441266197,DOWN,DOWN,DOWN,DOWN,DOWN,DOWN,DOWN,DOWN,DOWN,DOWN,DOWN,DOWN,-0.015259849451494716,-0.10144571345508609,-0.03841106873687129,-0.10634385508985897,-0.1177560573499126,-0.22042814209394943,-0.07408652,-0.16471054,-0.07428926,-0.049225267,-0.10686509,-0.04358044
2025-03-27,val,DOWN,-0.13271402080636818,UP,DOWN,FLAT,0.0,-0.204757674669942,0.011013297489715536,-0.04668781725787385,DOWN,DOWN,UP,UP,DOWN,UP,DOWN,DOWN,UP,UP,DOWN,UP,-0.0352565434002806,-0.10774219002542547,0.12857446704580683,0.06722937099735246,-0.16177574611809195,-0.02470230536103809,0.002260291,-0.04192254,0.18316121,0.06472781,-0.000868242,0.10578716
2025-04-08,val,UP,1.6938905680175864,UP,DOWN,FLAT,0.0,-0.13271402080636818,0.011013297489715536,0.06954028919054539,UP,UP,DOWN,DOWN,UP,UP,UP,UP,FLAT,DOWN,DOWN,DOWN,0.04537286799083834,0.042722808104873805,-0.04963624810822183,-0.07089212972204133,0.3955472235882762,0.22504752032061306,0.0881536,0.07630759,-0.057717748,-0.06741929,0.54146814,0.2684019
2025-04-09,val,UP,0.5563461319722407,UP,UP,UP,0.0,1.6938905680175864,0.011013297489715536,0.219842769173485,UP,UP,UP,UP,DOWN,UP,UP,DOWN,UP,DOWN,DOWN,DOWN,0.14372354972565335,0.1118069652806806,0.7371227277431526,0.600285954894915,-0.16403250556254179,0.2883170628585717,0.13962004,-0.14085375,-0.052014407,-0.17367078,0.05765091,-0.37007368
2025-04-10,val,DOWN,-0.9726664668409768,UP,UP,DOWN,0.0,0.5563461319722407,0.011013297489715536,-0.14731871771857363,DOWN,DOWN,DOWN,DOWN,UP,DOWN,DOWN,DOWN,DOWN,DOWN,DOWN,DOWN,-0.12134734075586835,-0.19278394257679568,-0.6718913995959882,-0.6637207538093649,-0.2870644680646804,-0.8391011387321423,-0.079995364,-0.056800302,-0.12027024,-0.16374625,-0.07289991,-0.19334187
2025-04-11,val,UP,0.15483566695095874,UP,DOWN,DOWN,0.0,-0.9726664668409768,0.011013297489715536,-0.1709751315228738,DOWN,DOWN,DOWN,DOWN,DOWN,DOWN,DOWN,DOWN,UP,DOWN,DOWN,DOWN,-0.14495816852106372,-0.18723731908968966,-0.3102211393991388,-0.36938673618817447,-0.4929859926172114,-0.7270409825503201,-0.11514706,-0.14572404,-0.19570664,-0.23096818,-0.27645937,-0.42904
2025-04-14,val,DOWN,-0.1906010464452379,UP,UP,UP,0.0,0.15483566695095874,0.011013297489715536,0.28069470226796317,UP,UP,DOWN,DOWN,UP,UP,UP,UP,DOWN,DOWN,UP,DOWN,0.26096572729963774,0.29950175166108506,-0.14976865073191015,-0.07768353438571711,0.20178484211125444,-0.15172381957935285,-0.08150672,0.072715,-0.22394712,-0.4374509,0.10744754,-0.39228553
2025-04-15,val,UP,0.2500894479615212,UP,DOWN,FLAT,0.0,-0.1906010464452379,0.011013297489715536,-0.056182167884425434,UP,UP,DOWN,DOWN,DOWN,DOWN,UP,UP,UP,UP,UP,DOWN,0.026023442734199265,-0.0036268991000508333,-0.18290801182709052,-0.12979975328863436,-0.1387769563855736,-0.38070309885646386,0.11569336,0.066689074,0.039592378,-0.028387384,0.034993082,-0.1487389
2025-04-16,val,UP,0.17825316662829493,UP,UP,FLAT,0.0,0.2500894479615212,0.011013297489715536,-0.09828102560017224,DOWN,DOWN,UP,UP,DOWN,UP,DOWN,FLAT,FLAT,FLAT,FLAT,FLAT,-0.0023640688213640744,-0.01616858718348025,0.15095072262666656,0.1734134931402406,-0.11374429860817716,0.038167924558101696,-0.12549272,-0.056183536,0.13471934,0.12297766,0.035539497,0.14098433
2025-04-17,val,FLAT,-0.0712631421571075,UP,UP,UP,0.0,0.17825316662829493,0.011013297489715536,0.1358319863835097,UP,UP,DOWN,DOWN,UP,UP,UP,UP,FLAT,UP,DOWN,DOWN,0.01427802630194851,-0.013620017215577642,-0.11508692877800579,-0.12871482802018608,-0.15885193738572656,-0.2964405783696877,0.028367467,0.0071915467,-0.045064837,-0.1458534,0.019619523,-0.24327259
2025-04-21,val,DOWN,-0.1486281894244712,UP,FLAT,FLAT,0.0,-0.0712631421571075,0.011013297489715536,-0.004742259952284299,FLAT,FLAT,FLAT,DOWN,UP,UP,DOWN,DOWN,FLAT,DOWN,DOWN,DOWN,-0.029716926677156353,-0.01179196225032895,-0.06750640921787965,-0.037142276711682215,-0.047459379226426374,-0.06737900770890264,0.01416457,0.044551753,-0.019233407,0.0122641735,0.060688656,-0.038153186
2025-04-22,val,UP,0.320760595778502,UP,DOWN,FLAT,0.0,-0.1486281894244712,0.011013297489715536,-0.08118473577761154,UP,UP,FLAT,UP,UP,UP,UP,UP,UP,UP,UP,UP,0.010603573315313947,0.11039001559277538,-0.1240837482413265,-0.033632097085716864,-0.13879323521296535,-0.2213629607576843,0.050219923,0.12638775,-0.05788612,-0.106300876,0.119504206,-0.18188436
2025-04-23,val,UP,0.1066919667326971,UP,UP,UP,0.0,0.320760595778502,0.011013297489715536,0.12025025601665199,UP,FLAT,FLAT,UP,DOWN,UP,UP,FLAT,UP,FLAT,DOWN,FLAT,0.04767011780628509,0.09932508322004578,0.11508794843571786,0.18495782831787402,-0.13789868490459103,-0.01776033449768171,0.073715724,0.055391178,0.21347047,0.19079162,0.064708784,0.12733418
2025-04-24,val,FLAT,0.023693875244035212,UP,UP,FLAT,0.0,0.1066919667326971,0.011013297489715536,0.00933196014412492,FLAT,UP,UP,UP,UP,UP,UP,FLAT,UP,FLAT,FLAT,FLAT,-0.024928812712729124,0.07382711956846583,0.16973579794384172,0.25567294516962785,-0.20008542750031305,0.06113902417867876,0.006191984,0.04321282,0.17604846,0.19552375,0.042742748,0.101868704
2025-04-25,val,DOWN,-0.326283918931658,UP,FLAT,FLAT,0.0,0.023693875244035212,0.011013297489715536,-0.06451076814087728,FLAT,FLAT,DOWN,DOWN,DOWN,DOWN,UP,FLAT,DOWN,DOWN,DOWN,DOWN,-0.007147666633173379,-0.0391716716195233,-0.17198822490325066,-0.19908352096846224,-0.3034329427578102,-0.49445703057127266,0.0033883466,-0.02058078,-0.21552902,-0.29049918,-0.055336807,-0.3013641
2025-04-28,val,UP,0.19589807695492567,UP,DOWN,FLAT,0.0,-0.326283918931658,0.011013297489715536,0.01792638798040589,UP,UP,UP,UP,UP,UP,UP,UP,UP,DOWN,DOWN,DOWN,-0.019430702273825897,-0.014327722805438927,0.021720678199843236,0.014548864192516452,-0.07290134078677764,-0.08704541687789562,0.03924246,0.1051108,0.09714414,0.00014586482,0.022625886,-0.031506028
2025-04-29,val,DOWN,-0.44577921602080295,UP,UP,FLAT,0.0,0.19589807695492567,0.011013297489715536,0.09221883096453784,UP,UP,FLAT,DOWN,UP,UP,DOWN,UP,DOWN,UP,UP,UP,0.058779643303660076,0.17127180552381657,-0.054735389300532664,-0.000874923202313329,-0.008757268335553169,-0.1058314031335002,-0.06762782,0.04575456,-0.077055275,-0.06794237,0.04064666,-0.0659131
2025-04-30,val,DOWN,-0.6454334245241,UP,DOWN,DOWN,0.0,-0.44577921602080295,0.011013297489715536,-0.10318361315847369,DOWN,UP,UP,UP,UP,UP,DOWN,UP,UP,UP,DOWN,UP,-0.07607768652046189,-0.047390517834501815,0.001309127449209871,0.019588185872167815,-0.20260871647617634,-0.15423929639867784,-0.2263318,-0.100736454,-0.0011444272,-0.004301567,-0.18977146,-0.031087998
2025-05-02,val,DOWN,-1.1214394629019964,UP,DOWN,FLAT,0.0,-0.6454334245241,0.011013297489715536,-0.03779305326386267,DOWN,UP,UP,UP,DOWN,UP,DOWN,DOWN,UP,UP,FLAT,UP,-0.056876226639218666,-0.08482050001280278,0.07947452587689242,0.025107225574872646,-0.2112967093766954,-0.14926330931794937,0.00910533,-0.14133011,0.09496698,0.088362396,-0.07773511,0.04683357
2025-05-05,val,DOWN,-0.4375044956315577,UP,DOWN,FLAT,0.0,-1.1214394629019964,0.011013297489715536,0.007050748456869711,DOWN,UP,UP,UP,UP,UP,UP,UP,FLAT,UP,UP,UP,-0.07946146228566713,0.0026613065525531478,0.053545671887643406,0.11207548695932033,-0.1673842288268544,-0.027459846683226118,0.07098701,0.15199201,0.16511427,0.1272997,0.03265992,0.1069365
2025-05-06,val,UP,0.3100966215788148,UP,DOWN,FLAT,0.0,-0.4375044956315577,0.011013297489715536,0.03181216232273824,UP,UP,UP,UP,UP,UP,UP,UP,UP,UP,UP,UP,0.02772190599151054,0.16376172445602846,0.024024213631303117,0.1215339730502683,-0.06745344839115315,-0.05476956229614082,0.19137534,0.24491003,0.10569972,0.06004433,0.15373938,0.0694794
2025-05-07,val,UP,0.3696413843719881,UP,UP,FLAT,0.0,0.3100966215788148,0.011013297489715536,0.05180651363429193,UP,UP,DOWN,DOWN,UP,DOWN,UP,UP,FLAT,DOWN,DOWN,DOWN,0.02358119998910276,-0.03986641421992984,-0.11552361872325644,-0.16562121086369302,-0.10486736132269187,-0.27973193334112423,0.119282626,-0.019888135,-0.20753719,-0.26340732,0.0041567218,-0.23039131
2025-05-08,val,DOWN,-0.21798373754204903,UP,UP,FLAT,0.0,0.3696413843719881,0.011013297489715536,0.004763689709857279,DOWN,UP,FLAT,UP,UP,UP,FLAT,UP,FLAT,UP,DOWN,DOWN,-0.06436884329783538,0.00342043933619343,-0.006829680413820521,0.055660682909032644,-0.15154323033573683,-0.031220803747666337,-0.051322497,0.013723436,-0.16918197,-0.033087987,0.02815319,0.018745858
2025-05-09,val,UP,0.21193504556986653,UP,DOWN,FLAT,0.0,-0.21798373754204903,0.011013297489715536,-0.052088382573910484,DOWN,FLAT,UP,UP,DOWN,UP,DOWN,FLAT,FLAT,FLAT,DOWN,FLAT,-0.06198720113664176,-0.029357701896149314,0.20001317159822685,0.2552957916876884,-0.21210918813119958,0.10122744990202164,-0.14620307,-0.035712652,0.11476135,-0.060028397,-0.08613637,0.053247377
2025-05-14,val,UP,0.21752274437965013,UP,UP,FLAT,0.0,0.21193504556986653,0.011013297489715536,0.08542374957355639,UP,UP,DOWN,DOWN,UP,UP,DOWN,UP,FLAT,DOWN,UP,DOWN,0.07369772778276222,0.0778062621800225,-0.048245665453307926,-0.019741946345492065,0.13346556727474454,-0.03222648868435313,-0.0060643936,0.07851821,-0.10885029,-0.054798916,0.031308584,-0.1058736
2025-05-15,val,DOWN,-0.19937776595266854,UP,UP,FLAT,0.0,0.21752274437965013,0.011013297489715536,0.027265257047595894,UP,DOWN,UP,DOWN,DOWN,DOWN,UP,UP,DOWN,UP,DOWN,DOWN,0.024739222598867492,-0.050723919339787565,0.09064190362674471,0.03670902970109759,-0.1286609151083508,-0.10572090202117067,0.020973055,-0.025664832,0.090784885,0.04777442,0.016681008,0.018108716
2025-05-16,val,DOWN,-0.6735666717123223,UP,DOWN,FLAT,0.0,-0.19937776595266854,0.011013297489715536,-0.08161488943376558,DOWN,DOWN,DOWN,DOWN,FLAT,DOWN,DOWN,DOWN,DOWN,DOWN,DOWN,DOWN,-0.045306132035465824,-0.05622268950045488,-0.0899825177956882,-0.12267059253470712,-0.11096810323971351,-0.18382818821880478,-0.10988133,-0.057462677,-0.17024848,-0.23363127,-0.03161488,-0.13658103
2025-05-19,val,UP,0.18857026786704978,UP,DOWN,FLAT,0.0,-0.6735666717123223,0.011013297489715536,-0.017775802666629974,DOWN,UP,UP,UP,UP,UP,DOWN,UP,FLAT,FLAT,DOWN,FLAT,-0.044320626570201624,0.0015040576011140592,0.030534846033928163,0.048427140649402525,-0.04176757476970013,0.014505691970565327,-0.21075551,-0.09053147,0.092435054,0.08007683,-0.0054462105,0.053884428
2025-05-20,val,DOWN,-0.29822608147451746,UP,UP,UP,0.0,0.18857026786704978,0.011013297489715536,0.13639527540914087,UP,FLAT,DOWN,DOWN,FLAT,DOWN,UP,DOWN,DOWN,DOWN,UP,DOWN,0.10890152386189353,0.0677158083381243,-0.07517995310078972,-0.11505029278973393,0.07473734488613468,-0.2284532437330266,0.047330014,0.028411627,-0.16766478,-0.14005454,0.10736736,-0.17991777
2025-05-21,val,FLAT,0.042658216923996406,UP,DOWN,FLAT,0.0,-0.29822608147451746,0.011013297489715536,-0.08773218176453226,DOWN,DOWN,DOWN,DOWN,FLAT,DOWN,DOWN,FLAT,UP,DOWN,DOWN,DOWN,-0.06172971165533819,-0.08028139399895236,-0.12999703506731877,-0.14555961627244962,-0.1409817148921878,-0.2322695213908305,0.048732456,0.0046700826,-0.0898139,-0.12647995,-0.0022202434,-0.08852501
2025-05-22,val,DOWN,-0.6111367795632816,UP,FLAT,FLAT,0.0,0.042658216923996406,0.011013297489715536,-0.0008612022168611212,FLAT,FLAT,FLAT,DOWN,FLAT,DOWN,FLAT,UP,FLAT,DOWN,FLAT,DOWN,0.011379203972722901,0.007148474141368684,-0.054231469013849024,-0.05891144345777781,-0.07207332391190155,-0.1533859310672582,-0.090062134,-0.032905012,-0.2598941,-0.26256952,-0.0029355532,-0.21503934
2025-05-23,val,DOWN,-0.14723025786977928,UP,DOWN,FLAT,0.0,-0.6111367795632816,0.011013297489715536,0.011574231856410107,DOWN,DOWN,UP,UP,UP,UP,DOWN,UP,UP,UP,DOWN,UP,-0.06590731789386221,-0.09373745705213912,0.037535301506869706,0.024166258568797335,-0.18550169882167683,-0.11488382074325319,-0.37546313,-0.1521347,0.102062605,0.05392755,-0.087536484,0.08750971
2025-05-26,val,DOWN,-0.5046785699484246,UP,DOWN,FLAT,0.0,-0.14723025786977928,0.011013297489715536,0.02108494781167048,UP,UP,DOWN,DOWN,UP,DOWN,DOWN,UP,DOWN,DOWN,DOWN,DOWN,0.038803382543938475,0.09493515925462832,-0.1255998182904503,-0.0696999903631344,-0.017937934298635543,-0.16663858551553726,-0.113248385,0.022298366,-0.22342704,-0.1946817,0.013802856,-0.25059137
2025-05-27,val,UP,0.29573060798853135,UP,DOWN,FLAT,0.0,-0.5046785699484246,0.011013297489715536,-0.05111959218549216,DOWN,DOWN,DOWN,DOWN,UP,UP,UP,UP,UP,UP,UP,UP,-0.0491089290042343,-0.04411360573714083,-0.09097499931195122,-0.048018726915408066,0.1271636921383673,0.061086732481972224,0.06256029,-0.006964591,-0.055084124,0.04541324,0.05039263,0.07356134
2025-05-28,val,UP,0.27645540568475013,UP,UP,FLAT,0.0,0.29573060798853135,0.011013297489715536,0.0931047789170461,FLAT,DOWN,FLAT,DOWN,UP,DOWN,DOWN,UP,UP,UP,DOWN,DOWN,0.04414261796761039,0.023829202402220258,0.05097485702493136,0.05637999468224009,-0.030394088459900007,-0.06945243346020205,-0.04925443,0.084577285,-0.11623269,0.052568708,0.048874307,0.07076984
2025-06-02,val,FLAT,-0.018406601886411522,UP,UP,FLAT,0.0,0.27645540568475013,0.011013297489715536,0.02612768198799679,DOWN,UP,UP,UP,UP,UP,DOWN,UP,UP,UP,DOWN,UP,-0.009034444816074603,0.04216705079741395,0.062587158538932,0.12226515426365628,0.05934692717556973,0.17632815093311802,-0.06841318,-0.008282579,0.04285743,0.1056987,-0.0783436,0.1256647
2025-06-03,val,FLAT,-0.05524014257396459,UP,FLAT,FLAT,0.0,-0.018406601886411522,0.011013297489715536,-0.06670177573344829,DOWN,UP,DOWN,DOWN,UP,DOWN,DOWN,FLAT,DOWN,FLAT,UP,DOWN,-0.03988354441305424,0.04959040097596319,-0.3643857143919775,-0.27919461475112073,0.023544945632817983,-0.32662710055962557,-0.19637081,0.04598026,-0.7293009,-0.38779518,0.048836622,-0.36987653
2025-06-04,val,UP,0.10431688731706856,UP,FLAT,FLAT,0.0,-0.05524014257396459,0.011013297489715536,0.041263451090145134,UP,UP,UP,UP,UP,UP,UP,UP,UP,UP,UP,UP,0.03370168145972514,0.06787265423693292,0.14728876116185086,0.16028231938713663,-0.08707782451568488,0.00039730255839600347,-0.04377161,0.090887934,0.12855065,0.08045411,0.003719283,0.08334799
2025-06-05,val,DOWN,-0.17187408319223607,UP,UP,FLAT,0.0,0.10431688731706856,0.011013297489715536,0.05963945908414545,UP,DOWN,DOWN,DOWN,FLAT,DOWN,DOWN,UP,DOWN,DOWN,DOWN,DOWN,0.03833639320674161,0.017506143662200675,-0.10453760740693913,-0.10439769195263629,-0.09422274203756298,-0.22006441909124536,-0.009612513,0.06719691,-0.19917065,-0.15056635,-0.047412425,-0.16147533
2025-06-10,val,FLAT,-0.006143826991689139,UP,DOWN,FLAT,0.0,-0.17187408319223607,0.011013297489715536,-0.06388322636122948,FLAT,DOWN,FLAT,UP,UP,UP,DOWN,DOWN,DOWN,DOWN,DOWN,DOWN,-0.02187265417918678,-0.022356676258880166,0.004546267312053154,0.0025048660255781834,0.06994865033497989,0.102090743287384,0.007987593,0.024418041,-0.03302742,-0.020679818,-0.07886812,-0.117470324
2025-06-11,val,FLAT,-0.06760702141299646,UP,FLAT,FLAT,0.0,-0.006143826991689139,0.011013297489715536,0.027437723886381236,FLAT,FLAT,FLAT,DOWN,UP,UP,FLAT,FLAT,FLAT,FLAT,FLAT,DOWN,0.027256111490680374,-0.04702914870300025,0.059349668085342255,-0.004459873291485918,-0.02408765276006363,-0.06887274690342331,0.047399014,-0.0066776355,0.0397086,-0.089609236,-0.024946192,-0.10512224
2025-06-12,val,DOWN,-0.17229713203370522,UP,FLAT,FLAT,0.0,-0.06760702141299646,0.011013297489715536,0.04407321262115727,FLAT,DOWN,DOWN,DOWN,UP,DOWN,UP,UP,FLAT,DOWN,FLAT,DOWN,0.00907357068148069,-0.03100971866268587,-0.08725155130724117,-0.11410549813503236,-0.057326967317894356,-0.2303225637779165,0.009343693,-0.013076841,-0.08222751,-0.13527568,0.036891337,-0.08526962
2025-06-13,val,UP,0.3442979115840572,UP,DOWN,FLAT,0.0,-0.17229713203370522,0.011013297489715536,-0.039229172119087934,FLAT,DOWN,DOWN,DOWN,DOWN,DOWN,DOWN,UP,DOWN,DOWN,DOWN,DOWN,-0.014417337547214342,-0.004959429425142504,-0.17560827481138916,-0.15280850804082785,-0.17721376649232787,-0.3138706900188254,-0.04836507,0.015623595,-0.1037525,-0.20933835,0.024624133,-0.20317325
2025-06-16,val,FLAT,0.018411120368710954,UP,UP,FLAT,0.0,0.3442979115840572,0.011013297489715536,0.0647459650570377,FLAT,FLAT,UP,FLAT,FLAT,FLAT,UP,UP,UP,UP,DOWN,UP,0.05065236304782135,0.10035282636060759,0.181855986986647,0.18543070831961894,-0.11903994135129875,0.0060361592763677665,0.07719348,0.00636521,0.09401938,0.11569147,-0.08583902,0.061301257
2025-06-17,val,FLAT,-0.09208951751276118,UP,FLAT,FLAT,0.0,0.018411120368710954,0.011013297489715536,0.0029570624055869944,FLAT,FLAT,DOWN,DOWN,DOWN,DOWN,DOWN,DOWN,DOWN,DOWN,FLAT,DOWN,-0.020464669239914777,-0.014854621247919279,-0.12950663843627594,-0.10800369036103885,-0.00013372302094115038,-0.0410252595891119,0.013387665,-0.3447591,-0.13510051,-0.38892356,-0.006472439,-0.26322633
2025-06-18,val,UP,0.23312893994198447,UP,FLAT,FLAT,0.0,-0.09208951751276118,0.011013297489715536,-0.033248363327005266,FLAT,FLAT,UP,UP,DOWN,UP,UP,DOWN,UP,UP,FLAT,UP,-0.0029135310521506003,0.007329612003739496,0.30291254029182424,0.305876168258503,0.0216003387407749,0.3731304712433445,0.0036606598,-0.3594756,0.2051781,0.091990165,-0.02067699,0.16136833
2025-06-19,val,UP,0.3608897699200142,UP,UP,FLAT,0.0,0.23312893994198447,0.011013297489715536,0.07353100472882607,UP,UP,FLAT,DOWN,DOWN,DOWN,UP,DOWN,UP,UP,FLAT,DOWN,0.06122203592187114,0.06751258262057665,0.0009276290730143612,0.01982367890749829,0.07389945722618482,0.08429402492898112,0.09836505,-0.3224805,0.041494917,-0.27059612,-0.0027285991,-0.11295503
2025-06-20,val,UP,0.12813865133125546,UP,UP,FLAT,0.0,0.3608897699200142,0.011013297489715536,0.037837543399413566,FLAT,DOWN,FLAT,DOWN,DOWN,DOWN,UP,DOWN,UP,UP,FLAT,DOWN,0.013418845160219246,0.01034939563515554,-0.013688220118982929,-0.008499905278028668,0.019527909001493943,0.05297563214509115,-0.0043510804,-0.37951332,0.01628773,-0.0611643,-0.033188794,-0.033960577
2025-06-23,val,UP,0.5169856115260885,UP,UP,FLAT,0.0,0.12813865133125546,0.011013297489715536,-0.04578521428170074,FLAT,FLAT,FLAT,DOWN,DOWN,DOWN,UP,DOWN,DOWN,DOWN,FLAT,DOWN,-0.013661959674835324,-0.016930458151789153,-0.051906897679488376,-0.04734331018441171,-0.0011933710406394158,0.018352561511416232,0.031048644,-0.3048425,-0.010148306,-0.10058743,-0.02032872,-0.09123129
2025-06-24,val,DOWN,-0.6939822093526615,UP,UP,FLAT,0.0,0.5169856115260885,0.011013297489715536,0.0834938037154459,UP,UP,DOWN,DOWN,DOWN,DOWN,UP,DOWN,DOWN,DOWN,FLAT,DOWN,0.04997685935485016,0.04386134898628865,-0.11129803844587623,-0.10728582972704781,0.047271401565054,-0.03907525886680865,0.028505772,-0.3896412,-0.091118746,-0.26512852,-0.027804771,-0.2033186
2025-06-25,val,DOWN,-0.47762015968775273,UP,DOWN,FLAT,0.0,-0.6939822093526615,0.011013297489715536,-0.0942012883137312,DOWN,DOWN,DOWN,DOWN,DOWN,DOWN,DOWN,DOWN,DOWN,DOWN,FLAT,DOWN,-0.10059657412189385,-0.07941575578282183,-0.2801836460924372,-0.2595552129719927,-0.08028193914517895,-0.18527634164674994,-0.25739163,-0.39971304,-0.49158928,-0.5570506,-0.15887655,-0.4149616
2025-06-26,val,DOWN,-0.3627982457457435,UP,DOWN,FLAT,0.0,-0.47762015968775273,0.011013297489715536,-0.009070503227773606,UP,UP,DOWN,DOWN,DOWN,DOWN,UP,DOWN,DOWN,DOWN,FLAT,DOWN,0.04532401405542001,0.0625812311956216,-0.0006183468968322496,0.003952004249907132,0.06915010187023808,0.07694009839139959,-0.13567415,-0.37307602,-0.16118602,-0.3120727,-0.12351433,-0.24134032
2025-06-30,val,FLAT,-0.012321340577514661,UP,DOWN,FLAT,0.0,-0.3627982457457435,0.011013297489715536,0.06781822239915505,UP,UP,DOWN,DOWN,DOWN,DOWN,UP,DOWN,UP,DOWN,FLAT,DOWN,0.049894718182344935,0.0694459188323166,-0.10651184732569141,-0.09607198557129312,0.06729226954800137,-0.02906394455998148,0.24555677,-0.31528002,-0.17102824,-0.2296566,0.011410875,-0.18168372
2025-07-01,val,DOWN,-0.24057008178779427,UP,FLAT,FLAT,0.0,-0.012321340577514661,0.011013297489715536,0.0002664613028270039,DOWN,FLAT,DOWN,DOWN,DOWN,DOWN,FLAT,DOWN,FLAT,DOWN,FLAT,DOWN,0.01824238081363583,0.023206515353119444,-0.05205213819085988,-0.05150843845071286,0.040696785135952616,0.015332915236004439,-0.07975314,-0.40304083,-0.059208177,-0.13870439,-0.040782038,-0.13577162
2025-07-02,val,UP,0.2713705871595806,UP,DOWN,FLAT,0.0,-0.24057008178779427,0.011013297489715536,-0.05031658754020565,FLAT,FLAT,FLAT,FLAT,DOWN,DOWN,DOWN,DOWN,DOWN,DOWN,FLAT,DOWN,-0.046332039988276966,-0.027976697900318086,-0.05469239359158484,-0.04544931386579415,-0.032779132124955195,0.01854564695613073,-0.023725204,-0.29675904,-0.009942834,-0.112389185,0.053271797,-0.08191235
2025-07-03,val,DOWN,-0.16643554466124755,UP,UP,FLAT,0.0,0.2713705871595806,0.011013297489715536,0.09524411972320859,FLAT,FLAT,FLAT,FLAT,FLAT,DOWN,UP,FLAT,DOWN,DOWN,DOWN,DOWN,0.03725039859305938,-0.028059586617989567,-0.0028828305470560266,-0.08965419815189267,-0.11146672168617758,-0.28299330789004973,0.023451932,-0.030038457,-0.040408626,-0.054221515,0.0008166946,-0.05386367
2025-07-04,val,FLAT,-0.030851818959476418,UP,DOWN,FLAT,0.0,-0.16643554466124755,0.011013297489715536,-0.02745559675456593,FLAT,DOWN,UP,FLAT,FLAT,FLAT,DOWN,DOWN,UP,UP,DOWN,UP,-0.03385507978581084,-0.14118338388697058,0.06739423061360471,-0.03721653527513849,-0.16943159758019,-0.09845710234326363,-0.024637744,-0.14027062,0.12142223,0.010575986,-0.05381259,0.010322157
2025-07-07,val,UP,0.20344632645326044,UP,FLAT,FLAT,0.0,-0.030851818959476418,0.011013297489715536,-0.022312247374582463,FLAT,DOWN,FLAT,DOWN,UP,DOWN,FLAT,UP,UP,UP,FLAT,UP,0.018832585818073184,-0.022334781139557593,0.01690305838706512,0.008678587992683309,0.04757135418214799,-0.024151041996201446,0.03390019,-0.020268347,0.07290374,0.058667995,0.07537497,0.07411262
2025-07-08,val,FLAT,0.0061585835277711,UP,UP,FLAT,0.0,0.20344632645326044,0.011013297489715536,0.08224022563072092,UP,FLAT,UP,FLAT,UP,UP,UP,FLAT,UP,UP,DOWN,FLAT,0.04729385338670607,0.11399746858548428,0.14245409765482128,0.15842395447967905,0.19116044552349395,0.20805181355545418,0.059136868,0.09447039,0.13772465,0.15380327,0.094988436,0.1672964
2025-07-09,val,FLAT,0.09848578907583061,UP,FLAT,FLAT,0.0,0.0061585835277711,0.011013297489715536,-0.016073950723448898,FLAT,UP,FLAT,FLAT,FLAT,DOWN,UP,UP,FLAT,FLAT,DOWN,FLAT,-0.012639479888016492,0.05093357461956593,-0.026818467005109117,0.04022206639191675,-0.12661003844119792,-0.07052115270695943,0.03149819,-0.021883275,0.029544512,0.027578216,-0.025106886,-0.028444644
2025-07-10,val,DOWN,-0.20939836437463555,UP,FLAT,FLAT,0.0,0.09848578907583061,0.011013297489715536,-0.010695363787104013,FLAT,FLAT,FLAT,FLAT,FLAT,DOWN,UP,UP,DOWN,DOWN,DOWN,DOWN,0.020161558734286454,-0.008321939218243436,-0.02652782892436346,-0.03926017732417668,-0.04153499006703752,-0.10380758382009597,0.048018493,0.061610166,-0.036014054,-0.0006362379,0.045514163,-0.08824307
2025-07-11,val,FLAT,0.006165038071159756,UP,DOWN,FLAT,0.0,-0.20939836437463555,0.011013297489715536,0.014059906647744112,FLAT,FLAT,FLAT,FLAT,FLAT,DOWN,UP,DOWN,UP,FLAT,DOWN,FLAT,-0.011802139940422895,-0.01738565736550711,0.03320140293457498,0.0424079141391215,-0.07601467075285052,-0.04753706494666273,0.023525823,0.0142568145,0.11811211,0.123797074,0.013692509,0.06201383
2025-07-14,val,UP,0.1601577279634725,UP,FLAT,FLAT,0.0,0.006165038071159756,0.011013297489715536,0.031145984669564628,FLAT,FLAT,UP,FLAT,FLAT,DOWN,UP,FLAT,UP,FLAT,FLAT,FLAT,0.03919531752675465,-0.015249128697486016,0.11192892861205755,0.049234800125315406,-0.020055101844400146,-0.06830042019046591,0.061642066,0.042859,0.12003708,0.09169115,0.0153317,0.07710393
2025-07-15,val,UP,0.20905074017640857,UP,UP,FLAT,0.0,0.1601577279634725,0.011013297489715536,0.014813889515224131,FLAT,FLAT,UP,FLAT,FLAT,DOWN,UP,FLAT,UP,UP,FLAT,FLAT,0.02674954401483248,0.0175098374615087,0.08389948624935385,0.07360732295567847,0.03290051728288867,0.004022137899372025,0.044458225,0.015278223,0.07692523,0.13084069,0.0944016,0.11670206
2025-07-16,val,FLAT,0.04298566187355135,UP,UP,FLAT,0.0,0.20905074017640857,0.011013297489715536,0.013657232415208005,FLAT,DOWN,UP,FLAT,FLAT,UP,DOWN,DOWN,UP,DOWN,DOWN,DOWN,-0.00224915408089427,-0.09287832428770851,0.1311817298649451,0.03192994638369334,-0.11737470576175896,-0.039254132818101056,0.017124621,-0.13909227,0.1262917,0.093417086,-0.027207538,0.032246184
2025-07-17,val,UP,0.25140277520598886,UP,FLAT,FLAT,0.0,0.04298566187355135,0.011013297489715536,0.004264144722437087,FLAT,DOWN,FLAT,DOWN,FLAT,DOWN,FLAT,DOWN,FLAT,DOWN,DOWN,DOWN,0.0009023148041221157,-0.07095210649069623,-0.06796112454175689,-0.10405749873778855,-0.13198977229085945,-0.1713767194262887,0.031150898,0.02322292,-0.01325052,4.102025e-05,-0.078643605,-0.060924005
2025-07-18,val,DOWN,-0.1716212496019054,UP,UP,FLAT,0.0,0.25140277520598886,0.011013297489715536,0.04103093217722161,FLAT,FLAT,FLAT,FLAT,FLAT,FLAT,FLAT,FLAT,UP,FLAT,FLAT,FLAT,0.03360051534494271,-0.07169060877650489,0.08576987838002513,0.009424735644810273,-0.023461871828259054,-0.012727276841686683,0.015688559,0.022735056,0.11950979,0.12214451,0.05162486,0.10910832
2025-07-21,val,UP,0.17774513582207163,UP,DOWN,FLAT,0.0,-0.1716212496019054,0.011013297489715536,-0.03199193142337762,DOWN,DOWN,DOWN,DOWN,UP,DOWN,DOWN,UP,DOWN,DOWN,DOWN,UP,-0.019044142209589693,-0.07607395280551373,-0.07757097779002214,-0.11419347591358724,-0.05126788330767618,-0.1747780986369792,0.03520021,0.029319182,-0.026112478,-0.0013630971,0.020286867,-0.016275931
2025-07-22,val,DOWN,-0.1409443503233021,UP,UP,FLAT,0.0,0.17774513582207163,0.011013297489715536,0.0426574079264953,FLAT,UP,DOWN,DOWN,FLAT,DOWN,UP,UP,DOWN,FLAT,UP,FLAT,0.04837089533949744,0.16633311636194587,-0.1282804097793025,-0.058347328748396945,0.09164190730243438,-0.10370402915973481,0.0775096,0.0977381,-0.067926675,0.014712519,0.074704364,-0.10709919
2025-07-23,val,FLAT,-0.05520625811126223,UP,DOWN,FLAT,0.0,-0.1409443503233021,0.011013297489715536,-0.0019464473141148006,FLAT,UP,DOWN,DOWN,UP,DOWN,DOWN,UP,DOWN,FLAT,UP,FLAT,-0.004614927850668308,-0.006237430561842854,-0.13700186832854416,-0.15201734964293048,0.006313869333823222,-0.1343365590963227,-0.002798054,0.077554874,-0.0909912,-0.066036835,0.034586966,-0.047650058
2025-07-24,val,FLAT,-0.0920782115944263,UP,FLAT,FLAT,0.0,-0.05520625811126223,0.011013297489715536,-0.005385864094510195,FLAT,DOWN,DOWN,DOWN,FLAT,DOWN,FLAT,FLAT,DOWN,FLAT,DOWN,DOWN,0.02018590639290809,-0.18475486502249266,-0.06642069908061483,-0.20659434287720574,-0.04402102480457655,-0.26892377851202603,0.034639623,-0.037036754,-0.060532436,-0.06724821,0.019473227,-0.07522577
2025-07-25,val,UP,0.2576056380410918,UP,FLAT,FLAT,0.0,-0.0920782115944263,0.011013297489715536,0.02015508516270175,FLAT,DOWN,FLAT,DOWN,DOWN,DOWN,UP,UP,UP,UP,DOWN,UP,0.023603935813401034,-0.12839470483302518,0.056105542989460896,-0.09797611167385946,-0.15247762571316428,-0.2506597023231442,0.062412556,0.037035823,0.11793594,0.064315274,0.01656062,0.043712538
2025-07-28,val,FLAT,0.09796119071516785,UP,UP,FLAT,0.0,0.2576056380410918,0.011013297489715536,0.049707338187137164,FLAT,FLAT,FLAT,FLAT,FLAT,DOWN,DOWN,UP,DOWN,UP,DOWN,UP,0.03589318907763478,0.021019419036272795,0.059256139175937236,0.058797307658255915,-0.042745070302830264,-0.07016494537403975,0.011330724,0.059205648,0.093502685,0.10012047,0.059435878,0.10711979
2025-07-29,val,UP,0.35430702916627865,UP,FLAT,FLAT,0.0,0.09796119071516785,0.011013297489715536,-0.016422595969450254,FLAT,FLAT,UP,UP,UP,UP,DOWN,FLAT,UP,UP,DOWN,UP,-0.0013452128092928638,0.01589337024863422,0.2586655482634841,0.27042223789359693,-0.03368881907458735,0.15100928894430998,0.031342875,-0.006122734,0.21606298,0.1418722,0.021137534,0.14788882
2025-07-30,val,FLAT,-0.0732019797222705,UP,UP,FLAT,0.0,0.35430702916627865,0.011013297489715536,0.039184674072125315,FLAT,UP,UP,UP,UP,UP,DOWN,UP,DOWN,UP,FLAT,FLAT,0.02865551677313664,0.01967153560488938,0.10579554586386404,0.09396874433155851,-0.010258489201454347,0.057811351939469895,0.020331519,0.022743694,0.081019215,0.07593298,0.014452575,0.07470128
2025-07-31,val,UP,0.4384102497844822,UP,FLAT,FLAT,0.0,-0.0732019797222705,0.011013297489715536,-0.008393544242595266,FLAT,DOWN,UP,UP,FLAT,UP,DOWN,FLAT,UP,UP,DOWN,UP,-0.00272796090977466,-0.08348350798970046,0.25033445153410455,0.21785670137596905,-0.09787899083131155,0.11186302350629215,0.03867377,0.013146932,0.23305869,0.1615421,0.037517406,0.14988416
2025-08-01,val,UP,0.21242383492321437,UP,UP,FLAT,0.0,0.4384102497844822,0.011013297489715536,0.057224532119353556,FLAT,UP,UP,DOWN,DOWN,DOWN,UP,DOWN,UP,UP,DOWN,FLAT,0.06221005632871669,-0.06814962471750712,0.08544563479294269,-0.04456018423837539,0.0015359661825710778,-0.13500418847588308,0.07512473,0.072180174,0.09971801,0.10108648,0.02812736,0.06923759
2025-08-04,val,DOWN,-0.6447318726539919,UP,UP,FLAT,0.0,0.21242383492321437,0.011013297489715536,0.006198184059180191,FLAT,DOWN,DOWN,DOWN,FLAT,DOWN,UP,DOWN,DOWN,DOWN,DOWN,DOWN,0.012957889099424379,-0.06562044426301343,-0.24872745217324582,-0.3526573393615294,-0.015908254302817164,-0.38900907529704776,0.04890006,0.032666933,-0.25941062,-0.17356807,0.055558376,-0.41717517
2025-08-05,val,FLAT,0.0,UP,DOWN,DOWN,0.0,-0.6447318726539919,0.011013297489715536,-0.10207428449854056,DOWN,FLAT,DOWN,DOWN,UP,DOWN,DOWN,FLAT,DOWN,FLAT,UP,FLAT,-0.08373885244531051,-0.021700172138479065,-0.09228634708968603,-0.06511987322072273,-0.06836964438154511,-0.08202622995949183,-0.18798642,-0.03638853,-0.096244946,-0.03755087,-0.10635353,-0.054639425
2025-08-06,val,FLAT,-0.05493331843808846,UP,FLAT,UP,0.0,0.0,0.011013297489715536,0.1039066434825382,UP,UP,UP,FLAT,UP,DOWN,UP,DOWN,UP,DOWN,UP,UP,0.12624114325103392,0.03905057343741797,0.10235063933493506,0.0057691240560771365,0.057832019382138646,-0.09491560128163845,0.13502158,0.054629967,0.07417731,-0.010195256,0.06663021,-0.012639639
2025-08-07,val,DOWN,-0.4098993228089043,UP,FLAT,FLAT,0.0,-0.05493331843808846,0.011013297489715536,0.02515442547792303,UP,UP,DOWN,DOWN,DOWN,DOWN,UP,UP,DOWN,DOWN,DOWN,DOWN,0.03022751026834948,0.00383934567424875,-0.17508890539017488,-0.1889636567986419,-0.17353132986911787,-0.3895076652024326,0.17143774,0.13258961,-0.20803228,-0.22400594,0.012794929,-0.24351218
2025-08-08,val,FLAT,-0.07972770346587055,UP,DOWN,DOWN,0.0,-0.4098993228089043,0.011013297489715536,-0.10893943668915859,DOWN,FLAT,FLAT,FLAT,DOWN,DOWN,DOWN,FLAT,FLAT,FLAT,DOWN,FLAT,-0.0677928486633627,-0.03437371076043378,0.019611419229260955,0.01750919284441043,-0.20148227747642775,-0.11284816336490425,-0.072853334,0.002930187,0.08141007,0.052791614,-0.13354601,-0.023620121
2025-08-11,val,DOWN,-0.28262491164561254,UP,FLAT,FLAT,0.0,-0.07972770346587055,0.011013297489715536,0.07775481116805963,UP,UP,DOWN,DOWN,UP,DOWN,UP,UP,DOWN,DOWN,DOWN,DOWN,0.053735430248938676,0.05235944397566121,-0.06581411191512415,-0.08861328435300578,0.03735236072059524,-0.10552369850580515,0.04524708,0.021243416,-0.1280093,-0.21654521,-0.089791656,-0.19724736
2025-08-12,val,UP,0.2764893776989297,UP,DOWN,FLAT,0.0,-0.28262491164561254,0.011013297489715536,0.02142082689355041,FLAT,UP,UP,UP,FLAT,UP,DOWN,UP,UP,UP,UP,UP,-0.022731700374433627,-0.049480106133210855,0.10694552162807348,0.08665817307479969,-0.016106325538588102,0.057551917493049345,0.010147383,0.060246285,0.129173,0.101164,0.048845034,0.13106377
2025-08-13,val,DOWN,-0.3749812293051491,UP,UP,FLAT,0.0,0.2764893776989297,0.011013297489715536,0.00033856750571862465,FLAT,UP,DOWN,FLAT,FLAT,DOWN,DOWN,UP,DOWN,DOWN,DOWN,DOWN,0.03752837353078731,0.057826462057765704,-0.1504490918409929,-0.12805814731940188,-0.1045026073533296,-0.2686455245389421,0.018520206,0.04154832,-0.2342341,-0.14868256,-0.0019958767,-0.17468442
2025-08-14,val,DOWN,-0.7914466589149072,UP,DOWN,FLAT,0.0,-0.3749812293051491,0.011013297489715536,-0.04401695606963573,DOWN,DOWN,DOWN,FLAT,DOWN,DOWN,DOWN,UP,DOWN,DOWN,DOWN,DOWN,-0.06753803114791837,-0.11625261956390008,-0.1251690399330029,-0.1504712691648242,-0.1290799396597205,-0.19370826226827717,-0.15045509,0.009027202,-0.112577535,-0.030215621,-0.027974198,-0.059125006
2025-08-15,val,UP,0.3284685795428288,UP,DOWN,FLAT,0.0,-0.7914466589149072,0.011013297489715536,-0.03024224534627195,DOWN,UP,UP,UP,DOWN,UP,DOWN,DOWN,UP,UP,DOWN,UP,-0.06915996766999183,-0.027302473892217405,0.10250746012441776,0.11483249469475217,-0.17270080973270824,0.0012866266603139363,-0.20955889,-0.04637082,0.26773706,0.23327923,-0.06458261,0.10959783
2025-08-19,val,UP,0.4876101381210418,UP,UP,UP,0.0,0.3284685795428288,0.011013297489715536,0.13863718854658383,UP,UP,DOWN,DOWN,UP,DOWN,UP,UP,DOWN,DOWN,DOWN,DOWN,0.13661490750989125,0.1530608278209228,-0.03273061936711766,-0.040798970507013296,0.12759818098273643,-0.02191341630697255,0.079700194,0.099366926,-0.059929244,-0.03069718,-0.09241295,-0.09297405
2025-08-20,val,UP,0.30738988915661736,UP,UP,FLAT,0.0,0.4876101381210418,0.011013297489715536,0.008044776421543477,DOWN,UP,UP,UP,FLAT,UP,FLAT,UP,UP,UP,FLAT,UP,-0.010300649108239593,0.025250273435993016,0.07824919229838302,0.11735334205952855,-0.12531333385325572,0.06040235890995307,0.09374068,-0.037965387,0.15032592,0.06394277,-0.013493281,0.11324556
2025-08-21,val,FLAT,-0.049118930194858024,UP,UP,FLAT,0.0,0.30738988915661736,0.011013297489715536,-0.05541660659408556,DOWN,FLAT,DOWN,FLAT,FLAT,FLAT,FLAT,FLAT,DOWN,FLAT,FLAT,FLAT,-0.047427094235552955,-0.0415364139733235,-0.048031059268792545,-0.046313747356804935,-0.01091843603973061,-0.0010114047144505426,-0.017085118,0.004444834,-0.08617962,-0.034576718,-0.0045338823,0.011231883
2025-08-22,val,UP,0.34944706497732625,UP,FLAT,FLAT,0.0,-0.049118930194858024,0.011013297489715536,0.03670851014742723,UP,UP,UP,UP,DOWN,UP,UP,FLAT,UP,UP,DOWN,UP,0.019674775148027644,0.06500877141422538,0.15829529092166025,0.1925856345419431,-0.12550814357814705,0.056218603086163006,0.05999771,0.054724008,0.17321332,0.19090556,-0.016402606,0.124250025
2025-08-25,val,DOWN,-0.5215535675988647,UP,UP,FLAT,0.0,0.34944706497732625,0.011013297489715536,0.08352268588013342,UP,UP,DOWN,DOWN,UP,DOWN,DOWN,UP,DOWN,DOWN,UP,DOWN,0.06933767548305575,0.04045069523963371,-0.2646971041644723,-0.29021717356205384,0.12175710651533544,-0.3093140571465402,0.10273275,0.0526006,-0.36495304,-0.37954426,0.05877626,-0.42175686
2025-08-26,val,UP,0.1352514653492065,UP,DOWN,DOWN,0.0,-0.5215535675988647,0.011013297489715536,-0.12492422944431547,DOWN,DOWN,UP,UP,UP,UP,FLAT,DOWN,UP,UP,FLAT,UP,-0.0696480016662928,-0.07571333466707472,0.18436828681742545,0.15759841439997932,-0.0185923675669033,0.15027341175744244,-0.3019063,-0.059619483,0.17184842,0.14378625,-0.0035103,0.13662025
2025-08-27,val,UP,0.4780592580987175,UP,UP,FLAT,0.0,0.1352514653492065,0.011013297489715536,0.07654787156840628,UP,UP,DOWN,FLAT,UP,UP,FLAT,UP,DOWN,DOWN,UP,FLAT,0.0806014689887602,0.1243277584633,0.0017171196163945739,0.02462446289290135,0.16904507735354876,0.06916960171167501,-0.006710312,0.067127496,-0.051145338,0.016456604,0.053385083,0.024816466
2025-08-28,val,FLAT,0.00611415120470582,UP,UP,UP,0.0,0.4780592580987175,0.011013297489715536,0.11622820614900409,UP,UP,UP,FLAT,UP,UP,UP,UP,UP,UP,UP,FLAT,0.04724285751723131,0.09801237188831785,0.009829542176856155,0.02754692735142016,0.1624181531300802,0.11423800715315217,0.13085037,0.031845402,0.045604788,0.09030596,0.07541123,0.022194114
2025-08-29,val,UP,0.6399144242552168,UP,FLAT,DOWN,0.0,0.00611415120470582,0.011013297489715536,-0.11389893944023524,DOWN,FLAT,DOWN,FLAT,DOWN,DOWN,FLAT,FLAT,DOWN,FLAT,DOWN,FLAT,-0.05469666385119003,-0.022028309918283646,-0.1454564582774694,-0.1570917363907389,-0.023901741382114955,-0.18659036634747936,-0.047568988,-0.06984728,-0.18391752,-0.14510903,-0.040144276,-0.10354761
2025-09-01,test,FLAT,0.012149192093779959,UP,UP,FLAT,0.0,0.6399144242552168,0.014761073570525075,0.0960695942457912,UP,UP,UP,FLAT,FLAT,FLAT,UP,FLAT,UP,FLAT,UP,UP,0.08640845877896448,0.09629728154698732,0.0407779152232086,0.04681914538916904,0.11753310698431822,0.056079603255457945,0.06506522,0.021379858,-0.017438065,-0.00061152613,0.05278088,-0.01684141
2025-09-02,test,DOWN,-0.2737144739811015,UP,FLAT,FLAT,0.0,0.012149192093779959,0.014761073570525075,-0.0073327534187086554,DOWN,UP,DOWN,UP,UP,UP,DOWN,FLAT,UP,FLAT,UP,UP,-0.038943281539577046,0.1205973993279395,-0.010265987563250123,0.10976415408654522,0.10622816566662166,0.16111421044904542,0.024209244,0.11175939,0.03000152,0.113843836,0.077308066,0.08923141
2025-09-03,test,FLAT,0.0365385790559003,UP,DOWN,FLAT,0.0,-0.2737144739811015,0.014761073570525075,-0.05114097485582922,DOWN,UP,UP,UP,UP,UP,UP,UP,UP,UP,UP,UP,-0.00813998240745026,0.032262127727439416,0.2719796379530326,0.30368029483590525,0.1100798584349163,0.3974311494386646,-0.020182729,0.036806658,0.25354454,0.24476509,0.07659746,0.23592487
2025-09-04,test,FLAT,0.08520480096745331,UP,FLAT,FLAT,0.0,0.0365385790559003,0.014761073570525075,0.07921490639035653,UP,UP,DOWN,DOWN,UP,DOWN,FLAT,UP,DOWN,DOWN,UP,UP,0.0753659194248534,0.020046090801904205,-0.03424315899266094,-0.08169740210938455,0.14699214612947825,0.011075706539192955,0.095834956,0.067949176,-0.007757326,-0.05555806,0.057252146,-0.09388763
2025-09-08,test,DOWN,-0.5490162024276657,UP,FLAT,FLAT,0.0,0.08520480096745331,0.014761073570525075,0.025599197282478305,DOWN,FLAT,UP,FLAT,FLAT,FLAT,FLAT,UP,FLAT,FLAT,FLAT,FLAT,0.012676069888691468,-0.020893647239142943,0.038908197277720685,0.00020916645063672953,0.11062819456585904,0.10271120798892917,0.054397784,0.061853603,0.0050443066,0.062011816,-0.037755527,0.037259925
2025-09-09,test,UP,0.6949128848422248,UP,DOWN,FLAT,0.0,-0.5490162024276657,0.014761073570525075,-0.09435384833306998,DOWN,FLAT,DOWN,DOWN,FLAT,FLAT,DOWN,FLAT,DOWN,FLAT,DOWN,FLAT,-0.07990288765137134,-0.02644370403278233,-0.287648035934452,-0.2233931498089187,0.026733747871651843,-0.19583262265143525,-0.2862068,-0.016324189,-0.38865182,-0.14556783,-0.06657469,-0.13631654
2025-09-10,test,FLAT,-0.030377593720665175,UP,UP,UP,0.0,0.6949128848422248,0.014761073570525075,0.1755045020863428,UP,FLAT,UP,FLAT,FLAT,FLAT,UP,UP,UP,UP,FLAT,UP,0.13865869593035943,0.15872503803074245,0.14798009107692123,0.16511811840667015,0.14802826397477767,0.1430713165121167,0.11036448,0.18890625,0.20871797,0.2278174,0.10620241,0.17113364
2025-09-11,test,FLAT,0.06681852944119271,UP,FLAT,FLAT,0.0,-0.030377593720665175,0.014761073570525075,-0.05238396527776584,DOWN,DOWN,DOWN,FLAT,DOWN,FLAT,DOWN,FLAT,UP,FLAT,DOWN,FLAT,-0.0752988621714257,-0.18381126354703456,-0.01781688177326922,-0.12171502767682124,-0.1589247214266264,-0.18815036723749046,-0.045825604,0.008905403,-0.03214005,0.009768196,-0.041195463,-0.002978755
2025-09-12,test,DOWN,-0.46867002004358227,UP,FLAT,FLAT,0.0,0.06681852944119271,0.014761073570525075,-0.030025797984688185,DOWN,DOWN,DOWN,DOWN,UP,DOWN,UP,UP,UP,DOWN,DOWN,DOWN,0.02599590225441829,-0.010532398814511621,-0.03830835731480445,-0.08292083424718948,0.046953551959081255,-0.07280622392899745,-0.061934303,-0.017167047,-0.0013810007,-0.047257755,0.029562458,-0.07450715
2025-09-15,test,FLAT,0.08537627058426978,UP,DOWN,FLAT,0.0,-0.46867002004358227,0.014761073570525075,0.013742058519767036,DOWN,UP,UP,FLAT,UP,UP,DOWN,UP,UP,UP,UP,UP,-0.03178653221946924,0.02136020152233896,0.012593467181590384,0.03040567630627813,0.011745414231437051,0.0637432288815105,-0.240967,-0.064378545,-0.018733114,0.0326727,-0.1321528,0.008517129
2025-09-16,test,DOWN,-0.12198842622872519,UP,FLAT,FLAT,0.0,0.08537627058426978,0.014761073570525075,0.07762366790801169,UP,UP,UP,FLAT,UP,FLAT,FLAT,UP,DOWN,FLAT,FLAT,FLAT,0.07794624338014866,0.09003592597793013,0.06749725761436863,0.04541520482901314,0.08943235477841643,0.02144543066116339,0.03929534,0.07654877,0.03234797,0.009233687,0.06241543,-0.046542395
2025-09-17,test,UP,0.2742649898399563,UP,DOWN,FLAT,0.0,-0.12198842622872519,0.014761073570525075,-0.03535647466627569,DOWN,FLAT,DOWN,DOWN,UP,DOWN,UP,DOWN,DOWN,DOWN,UP,DOWN,-0.017398914976998817,-0.0666623451334742,-0.14547156043541337,-0.18729943236350746,-0.011908754402296986,-0.13884739781036598,0.03598176,0.022234512,-0.16701372,-0.14776807,0.0052378136,-0.15651606
2025-09-18,test,UP,0.4130229389362583,UP,UP,FLAT,0.0,0.2742649898399563,0.014761073570525075,0.04383468646386039,FLAT,FLAT,FLAT,FLAT,DOWN,FLAT,DOWN,FLAT,UP,FLAT,FLAT,FLAT,0.04168486536203507,-0.06836616587708011,0.05651041902704731,-0.04214064238362514,-0.023449743004996422,-0.06350693924876444,0.04889912,0.048792705,0.06863085,0.08818566,-0.00396224,0.040680137
2025-09-19,test,UP,0.48373537307941916,UP,UP,FLAT,0.0,0.4130229389362583,0.014761073570525075,0.057244352606140025,UP,FLAT,UP,FLAT,DOWN,FLAT,FLAT,FLAT,UP,UP,DOWN,UP,0.02348235553580878,-0.04606220496075421,0.10117518064185113,0.006395165414865529,-0.08114670148175851,-0.04343073835771885,0.028751187,-0.011302033,0.16443868,0.1465484,-0.054880347,0.13884653
2025-09-22,test,UP,0.17477780552823674,UP,UP,FLAT,0.0,0.48373537307941916,0.014761073570525075,0.0076968164720983,DOWN,DOWN,FLAT,DOWN,DOWN,DOWN,DOWN,DOWN,DOWN,DOWN,DOWN,UP,0.009663297284294145,-0.07702651586650232,0.039046936706512964,-0.041967660385811484,0.06363991794814808,0.03176000575205745,0.021618407,-0.011115966,0.07248289,0.06910909,0.02737431,0.051691484
2025-09-23,test,UP,0.17447286560479114,UP,UP,FLAT,0.0,0.17477780552823674,0.014761073570525075,-0.015382561891327098,DOWN,FLAT,DOWN,FLAT,UP,FLAT,DOWN,UP,DOWN,UP,DOWN,UP,-0.003954323618871545,0.0076667471705745855,-0.055485459760523194,-0.011159519590804853,0.11480757837413935,0.08863830179780693,0.038006414,0.020597016,0.031589072,0.013950044,0.055333797,0.012550972
2025-09-24,test,UP,0.2641375049936556,UP,UP,FLAT,0.0,0.17447286560479114,0.014761073570525075,0.041670367118466584,DOWN,DOWN,UP,FLAT,FLAT,FLAT,DOWN,DOWN,DOWN,DOWN,FLAT,FLAT,0.03513967314654847,-0.04587507842846767,0.049962942927150325,-0.005484432100559763,0.03379677605744053,0.011423598504478093,0.024041245,0.038246218,0.0039666714,-0.043521203,0.050447736,-0.023658605
2025-09-25,test,UP,0.4307257197579517,UP,UP,FLAT,0.0,0.2641375049936556,0.014761073570525075,0.03665698423453298,UP,FLAT,UP,FLAT,UP,FLAT,DOWN,DOWN,DOWN,FLAT,DOWN,FLAT,0.035878715436192955,-0.09769495634824969,0.18398250678683348,0.058822570787011724,0.03408346687308988,0.09832624483466373,0.009819586,0.003576023,0.259183,0.12249332,0.035311185,0.17403667
2025-09-26,test,UP,0.1372028729564434,UP,UP,FLAT,0.0,0.4307257197579517,0.014761073570525075,0.022051567215820578,FLAT,DOWN,UP,UP,DOWN,UP,DOWN,DOWN,UP,UP,UP,UP,0.02795855064386795,-0.06107248837459678,0.1951874153948985,0.11430903546790012,0.0231520771234955,0.10977442207955716,-0.04500143,0.020516109,0.23418096,0.23095807,0.0340752,0.2177311
2025-09-29,test,DOWN,-0.5679285927143951,UP,UP,FLAT,0.0,0.1372028729564434,0.014761073570525075,-0.012330817781830816,DOWN,DOWN,DOWN,DOWN,FLAT,DOWN,DOWN,DOWN,DOWN,DOWN,DOWN,DOWN,-0.009606024643090823,-0.06949540684983525,-0.14314038293270895,-0.1863181784199947,-0.018577901475920408,-0.212795739572446,0.011538846,0.032090917,-0.09224829,-0.13210396,0.025308413,-0.15126102
2025-09-30,test,FLAT,0.07191657987046796,UP,DOWN,FLAT,0.0,-0.5679285927143951,0.014761073570525075,-0.05063930696464866,DOWN,UP,DOWN,DOWN,UP,UP,DOWN,UP,DOWN,UP,UP,UP,-0.05891000056238647,-0.010056064627352581,-0.05914805591477857,-0.008215554979945205,0.027427197629808723,0.02598095586587844,-0.14346871,-0.03757011,-0.11020932,-0.021658666,-0.02193226,-0.013175352
2025-10-01,test,FLAT,-0.07191657987046796,UP,FLAT,UP,0.0,0.07191657987046796,0.014761073570525075,0.10407201109755819,UP,FLAT,UP,FLAT,UP,FLAT,DOWN,FLAT,DOWN,FLAT,UP,DOWN,0.10856335026398825,-0.021698068992017025,0.06917559782095242,-0.02711737683876313,0.08052571579131293,0.004221020192035399,0.09595014,0.014759067,0.050150815,-0.0014897166,0.0064779366,-0.039645184
2025-10-02,test,DOWN,-0.40850711620947777,UP,FLAT,FLAT,0.0,-0.07191657987046796,0.014761073570525075,-0.0070511061370583245,DOWN,DOWN,DOWN,DOWN,FLAT,FLAT,UP,UP,DOWN,DOWN,FLAT,DOWN,-0.0074803620716457995,-0.110927365085585,-0.01727901980865023,-0.07906017532865518,-0.07369271848728262,-0.12553136768990344,-0.009913059,-0.028770665,-0.04102217,-0.05207038,0.0050705737,-0.07448386
2025-10-03,test,FLAT,-0.006019925956657346,UP,DOWN,FLAT,0.0,-0.40850711620947777,0.014761073570525075,-0.06584907987972838,DOWN,DOWN,UP,DOWN,DOWN,DOWN,DOWN,DOWN,UP,DOWN,DOWN,FLAT,-0.04834605786322559,-0.22701069427729195,0.02015291933939887,-0.09560581397980543,-0.09175208103914576,-0.12134466507388451,-0.12576304,-0.1977497,0.018168354,-0.07563939,-0.09838582,-0.060276393
2025-10-06,test,FLAT,-0.07829203326839007,UP,FLAT,FLAT,0.0,-0.006019925956657346,0.014761073570525075,0.08972181319566828,UP,UP,UP,DOWN,UP,DOWN,UP,UP,DOWN,UP,UP,UP,0.07037626073552058,-0.004726376588694977,0.03005532861655761,-0.009449814498295572,0.1332947286456374,2.078910694327217e-05,0.039378744,0.02340552,0.017600138,-0.035070505,0.024079738,-0.048782427
2025-10-07,test,DOWN,-0.22920572191420518,UP,FLAT,FLAT,0.0,-0.07829203326839007,0.014761073570525075,0.012218539742036794,FLAT,DOWN,UP,UP,UP,UP,UP,UP,UP,UP,UP,UP,-0.0024361218321515433,-0.01489973540590316,0.10310927076177615,0.10627177221809199,0.060231258339173775,0.09218594621553323,0.064851545,0.06673978,0.13581038,0.19051398,0.0442318,0.15099096
2025-10-08,test,UP,0.2773926882724709,UP,DOWN,FLAT,0.0,-0.22920572191420518,0.014761073570525075,-0.04647784591603832,FLAT,FLAT,UP,FLAT,FLAT,FLAT,DOWN,FLAT,UP,UP,FLAT,UP,-0.014558814629461308,-0.112867064546896,0.14152930851280607,0.09018162707134715,0.013222037340282454,0.12101690029118574,0.037765507,0.088573985,0.22393948,0.20288911,0.01474604,0.15014166
2025-10-09,test,DOWN,-0.43452090093545337,UP,UP,FLAT,0.0,0.2773926882724709,0.014761073570525075,0.0914017584169566,UP,FLAT,FLAT,FLAT,DOWN,FLAT,UP,FLAT,UP,FLAT,FLAT,FLAT,0.07130691766603994,0.016541754901549986,0.07332955723289339,0.04753756681754083,0.039677574630116695,0.04060590271367559,0.054756857,0.0076535083,0.038012244,0.046083108,0.023942837,0.015712464
2025-10-10,test,UP,0.3079805568532379,UP,DOWN,FLAT,0.0,-0.43452090093545337,0.014761073570525075,-0.05767731177183427,DOWN,DOWN,UP,UP,DOWN,FLAT,DOWN,FLAT,UP,UP,DOWN,UP,-0.08029202222290775,-0.18698328068853573,0.11494935688149199,0.05069335832137184,-0.17775998546882585,-0.010921919435990154,-0.2712348,-0.16421244,0.114426084,0.14536642,-0.1500121,0.16692029
2025-10-13,test,FLAT,-0.030152269186700664,UP,UP,FLAT,0.0,0.3079805568532379,0.014761073570525075,0.07066095261793694,UP,UP,UP,UP,DOWN,UP,UP,UP,DOWN,UP,DOWN,DOWN,0.09688638682513093,0.06332921874369761,0.0714125495712758,0.07601996623234769,0.09750477443442396,0.06695668547144859,0.06132771,0.12822333,-0.022508418,-0.02925909,0.01608614,-0.10095544
2025-10-14,test,FLAT,-0.01809572644209112,UP,FLAT,FLAT,0.0,-0.030152269186700664,0.014761073570525075,0.003063316080233365,DOWN,FLAT,DOWN,FLAT,UP,DOWN,UP,FLAT,FLAT,FLAT,UP,FLAT,-0.014963240683276717,-0.052252366454341864,-0.016107460734537497,-0.016807338453039788,0.004009385008682703,-0.06199465965363244,0.026593238,0.0745908,-0.043823738,0.06893156,0.07327946,0.06458285
2025-10-15,test,FLAT,0.0,UP,FLAT,FLAT,0.0,-0.01809572644209112,0.014761073570525075,-0.010492291160649526,FLAT,FLAT,FLAT,FLAT,FLAT,FLAT,DOWN,UP,DOWN,DOWN,FLAT,DOWN,0.016764796062355744,-0.010426698485091654,0.03451602625629882,0.040080103718972804,-0.004867725329639238,0.015160421763055246,0.015576642,0.062037654,0.0128944125,0.03674177,0.054030914,-0.029478552
2025-10-16,test,FLAT,0.01809572644209112,UP,FLAT,FLAT,0.0,0.0,0.014761073570525075,0.03372153892040328,UP,FLAT,DOWN,FLAT,DOWN,DOWN,UP,UP,FLAT,DOWN,UP,DOWN,0.03819234391060095,-0.01044195216778628,-0.042832212165386796,-0.04301567735958156,-0.05908254066741541,-0.12868266092716055,0.109063394,0.0978489,-0.0004911944,0.057458993,-0.013226315,-0.022998402
2025-10-17,test,FLAT,0.06029544952035337,UP,FLAT,FLAT,0.0,0.01809572644209112,0.014761073570525075,0.020452776053958066,FLAT,DOWN,UP,UP,DOWN,UP,FLAT,DOWN,UP,UP,DOWN,DOWN,0.021947924303384592,-0.06302412165063899,0.07183842248078692,0.015164520780697837,-0.0720331605708268,-0.014511669956278108,-0.01730926,-0.009585195,0.0020114607,-0.003023758,-0.0032572462,0.00010369363
2025-10-20,test,FLAT,-0.030143180333652708,UP,FLAT,FLAT,0.0,0.06029544952035337,0.014761073570525075,0.006898207738548469,FLAT,DOWN,DOWN,DOWN,DOWN,DOWN,FLAT,FLAT,FLAT,FLAT,FLAT,FLAT,0.02602098764512234,-0.06958915792378213,-0.13231796980167404,-0.1669296318848269,0.03776435456124496,-0.15978359969100073,0.047097635,-0.08104726,-0.12962428,-0.23079157,0.06725391,-0.15804547
2025-10-21,test,FLAT,0.024115271112101766,UP,FLAT,FLAT,0.0,-0.030143180333652708,0.014761073570525075,0.007571003049748247,FLAT,FLAT,FLAT,DOWN,DOWN,DOWN,FLAT,FLAT,FLAT,FLAT,FLAT,FLAT,0.013572173120483816,-0.030651787323770004,-0.04374528513489056,-0.06920646094316987,0.009706891891818836,-0.06276121309412935,0.026940139,0.05124579,-0.023839792,-0.08718758,0.04848781,0.0018230954
2025-10-22,test,UP,0.16864426089391316,UP,FLAT,FLAT,0.0,0.024115271112101766,0.014761073570525075,0.026405881720297918,FLAT,DOWN,FLAT,UP,DOWN,DOWN,FLAT,FLAT,FLAT,FLAT,FLAT,FLAT,0.03195758817924172,-0.05562649736498912,0.09459789917043965,0.05368986215730025,0.02299434282658635,0.07095106753683064,0.08755059,0.041774414,0.13633409,0.115206435,0.029930534,0.13514724
2025-10-23,test,UP,0.16836033079119517,UP,UP,FLAT,0.0,0.16864426089391316,0.014761073570525075,0.030139721196220375,FLAT,UP,FLAT,UP,DOWN,FLAT,FLAT,FLAT,FLAT,FLAT,FLAT,FLAT,0.036730270146847085,0.026233577235319293,0.038621832166809665,0.06377864893678196,-0.041734275485590756,0.025289373094174526,0.02541462,0.014595581,-0.0015493163,-0.004635551,0.063123755,-0.0067227962
2025-10-24,test,FLAT,-0.09015778221517223,UP,UP,FLAT,0.0,0.16836033079119517,0.014761073570525075,0.009167726342145598,FLAT,DOWN,FLAT,FLAT,DOWN,DOWN,FLAT,FLAT,FLAT,FLAT,FLAT,FLAT,0.020017937800481337,-0.04738844563758141,-0.0006651194307254558,-0.0344682630444032,-0.01242654916996609,-0.0789092369582969,0.024306877,0.013350477,-0.030890394,-0.054284826,0.05004931,-0.029024437
2025-10-27,test,FLAT,-0.012027181444551616,UP,FLAT,FLAT,0.0,-0.09015778221517223,0.014761073570525075,-0.012380017916240611,FLAT,FLAT,FLAT,FLAT,DOWN,DOWN,FLAT,FLAT,FLAT,FLAT,FLAT,FLAT,0.0006951237773467744,-0.0170500081740605,-0.028684671940415733,-0.03019524803106519,0.02450956790177273,-0.028371658339909525,0.0061609354,0.017159954,-0.026972214,-0.06990715,0.10325014,-0.06937007
2025-10-28,test,FLAT,-0.03609022595565392,UP,FLAT,FLAT,0.0,-0.012027181444551616,0.014761073570525075,0.03447111371815604,FLAT,FLAT,FLAT,FLAT,UP,UP,FLAT,FLAT,FLAT,FLAT,FLAT,FLAT,0.04811488047824541,0.08006130357215005,-0.027327394021514607,0.043166560878523504,0.0808558905388208,0.047613970888549316,0.028411945,0.088235475,0.0031028914,0.053991716,0.06965648,-0.014033767
2025-10-29,test,FLAT,0.05413045571689423,UP,FLAT,FLAT,0.0,-0.03609022595565392,0.014761073570525075,0.015613987644654735,FLAT,FLAT,FLAT,FLAT,DOWN,FLAT,FLAT,FLAT,FLAT,FLAT,FLAT,FLAT,0.028968637140244717,0.02496487918726846,0.006718293064053917,0.0154135118194366,-0.01715538454376553,0.019141183629460476,0.020792333,0.019848643,-0.0021695085,0.010413081,0.031123279,-0.021897577
2025-10-30,test,FLAT,0.05410117050583807,UP,FLAT,FLAT,0.0,0.05413045571689423,0.014761073570525075,0.011517862238372017,FLAT,UP,UP,UP,DOWN,UP,FLAT,FLAT,FLAT,UP,FLAT,FLAT,0.03411148903370987,-0.0005896196367467538,0.17518361787464043,0.18981789467063845,-0.051552192023874364,0.129660626901274,0.04102812,0.013191814,0.22648259,0.19777992,0.019039093,0.19839522
2025-10-31,test,FLAT,-0.09018488511447487,UP,FLAT,FLAT,0.0,0.05410117050583807,0.014761073570525075,0.018004490994083272,FLAT,FLAT,FLAT,FLAT,DOWN,FLAT,FLAT,FLAT,FLAT,FLAT,DOWN,FLAT,0.027951364989528778,0.008731089069533399,0.08532222173263579,0.060368490893704815,-0.10232280995320817,0.03839118421273154,0.051182684,-0.0038250554,0.1412509,0.12564036,-0.11543021,0.090663284
2025-11-03,test,UP,0.23431174167534152,UP,FLAT,FLAT,0.0,-0.09018488511447487,0.014761073570525075,0.0004413534165692429,FLAT,FLAT,FLAT,UP,DOWN,FLAT,FLAT,FLAT,FLAT,FLAT,FLAT,FLAT,0.011493565231385837,-0.012017689296622293,0.09015970188136183,0.1067562469815372,-0.007457180701068855,0.10863504686877481,0.03840695,0.073756024,0.1114556,0.15257746,0.032121554,0.14797013
2025-11-04,test,UP,0.35941095356477604,UP,UP,FLAT,0.0,0.23431174167534152,0.014761073570525075,0.05185119639482408,FLAT,UP,FLAT,UP,UP,UP,FLAT,FLAT,FLAT,FLAT,FLAT,FLAT,0.06208300438995713,0.10456894407533365,0.028589758687194773,0.09178830290952225,0.13507564369642186,0.13203987625580416,0.033451613,0.08768242,0.10645398,0.105186366,0.081151545,0.098500244
2025-11-05,test,FLAT,0.02989268548247992,UP,UP,FLAT,0.0,0.35941095356477604,0.014761073570525075,0.030447178475254105,FLAT,UP,UP,UP,UP,UP,DOWN,DOWN,UP,UP,DOWN,UP,0.03034869576279118,-0.021439761453813315,0.1326454410712938,0.09885300547561285,0.07396420146896845,0.14718412990520138,0.039753597,0.039669756,0.10484627,0.11115742,0.057751954,0.1574345
2025-11-06,test,DOWN,-0.13159470735022438,UP,FLAT,FLAT,0.0,0.02989268548247992,0.014761073570525075,-0.032477101734414766,FLAT,DOWN,FLAT,DOWN,UP,UP,FLAT,DOWN,DOWN,DOWN,DOWN,DOWN,-0.004821428641207376,-0.07151606352960661,-0.04677713015914091,-0.06001532192742107,0.07076307920709113,0.025271613323304846,0.033627346,-0.019643364,-0.070857964,-0.09025448,-0.027658548,-0.08921964
2025-11-07,test,FLAT,-0.017958157541286823,UP,DOWN,FLAT,0.0,-0.13159470735022438,0.014761073570525075,0.011570506541220119,FLAT,UP,FLAT,UP,UP,UP,DOWN,UP,DOWN,UP,UP,DOWN,0.028124832123185638,0.07612134085171944,-0.03440814549391734,0.040994494878575934,0.027117920065961046,0.046328462320502965,0.018898422,0.04372249,0.014072826,-0.024112927,0.023860792,-0.04470009
2025-11-10,test,DOWN,-0.22774957402127427,UP,FLAT,FLAT,0.0,-0.017958157541286823,0.014761073570525075,0.04708249688170246,FLAT,UP,FLAT,UP,UP,UP,UP,FLAT,FLAT,FLAT,UP,UP,0.05875536116694716,0.03952522510160027,0.010564894938436997,0.015115910901398046,0.13878722010947253,0.12687606599678666,0.08387342,0.014061185,0.047564015,-0.013630072,0.18723321,-0.013759952
2025-11-11,test,UP,0.19182358117930676,UP,DOWN,FLAT,0.0,-0.22774957402127427,0.014761073570525075,-0.025070132422992816,FLAT,DOWN,FLAT,UP,FLAT,UP,DOWN,FLAT,DOWN,FLAT,FLAT,FLAT,-0.0006850174194431673,-0.07469449933890258,-0.030548855610439157,-0.043743839102884804,0.04401933183320455,-0.03913270477527593,-0.050285764,0.010813081,-0.05685723,-0.07510343,0.07060782,-0.028917616
2025-11-12,test,UP,0.143626595605717,UP,UP,FLAT,0.0,0.19182358117930676,0.014761073570525075,0.05233307549363736,FLAT,DOWN,FLAT,UP,FLAT,FLAT,DOWN,FLAT,FLAT,FLAT,UP,FLAT,0.06910412476334091,-0.08917822602345019,-0.005114704100611057,-0.0792950894182513,0.08817210828973254,-0.03305612691688532,0.041091856,-0.055946134,0.0080781095,-0.06923293,0.058978885,-0.06257785
2025-11-13,test,FLAT,0.05978358520870586,UP,UP,FLAT,0.0,0.143626595605717,0.014761073570525075,0.02171805042094911,FLAT,UP,FLAT,UP,DOWN,DOWN,DOWN,FLAT,FLAT,FLAT,FLAT,FLAT,0.017226960411303963,-0.028987287770908296,-0.02201874252193972,-0.021710413894362044,-0.050716919016637295,-0.0738106958103011,0.028245531,0.036488093,0.015863722,0.028644918,0.034537435,0.053119022
2025-11-14,test,DOWN,-0.13157109726495975,UP,FLAT,FLAT,0.0,0.05978358520870586,0.014761073570525075,-0.011595073052224528,FLAT,DOWN,FLAT,DOWN,FLAT,DOWN,FLAT,DOWN,FLAT,DOWN,FLAT,FLAT,0.018682695075555963,-0.16094862392073686,0.02520490226425446,-0.09282467582403767,-0.010166338102388447,-0.06417703303643592,0.01806345,-0.08490697,0.02494283,-0.044311997,0.0030597607,0.006172166
2025-11-17,test,UP,0.1435235266104229,UP,DOWN,FLAT,0.0,-0.13157109726495975,0.014761073570525075,0.004240903351705988,FLAT,UP,FLAT,UP,UP,UP,UP,UP,FLAT,FLAT,FLAT,FLAT,0.018086632941919915,-0.021513363688479073,0.048236851785949254,0.03223147634776062,0.05475748815228355,0.08528511070313685,0.017485116,-0.018110828,0.0738927,0.052404955,0.04742334,0.08339697
2025-11-18,test,UP,0.15525171805297333,UP,UP,FLAT,0.0,0.1435235266104229,0.014761073570525075,0.058023731636081634,FLAT,UP,UP,UP,FLAT,UP,FLAT,FLAT,FLAT,UP,FLAT,FLAT,0.06312643167096965,0.022747214057445196,0.2024612329888426,0.2025785403778693,0.026839900104871604,0.14371769989370328,0.035293814,0.059672307,0.14170435,0.1885357,-0.0057818014,0.1493989
2025-11-19,test,DOWN,-0.16720414739843648,UP,UP,FLAT,0.0,0.15525171805297333,0.014761073570525075,0.007564693973861815,FLAT,FLAT,FLAT,UP,FLAT,FLAT,DOWN,FLAT,FLAT,FLAT,FLAT,FLAT,0.025262451190320438,0.03054674667635126,0.07854927088887247,0.11625115990827051,-0.016479887640933957,0.10388897929543532,0.024901586,0.030917916,0.018553838,-0.0055415505,0.014470664,-0.004910094
2025-11-20,test,FLAT,0.05974786579123759,UP,DOWN,FLAT,0.0,-0.16720414739843648,0.014761073570525075,-0.034622156476670204,FLAT,DOWN,FLAT,UP,DOWN,DOWN,DOWN,FLAT,FLAT,FLAT,DOWN,FLAT,-0.011136049542036753,-0.13528929558900557,0.1151772042704032,0.03370477799388713,-0.033726825663915626,0.035208182856472765,0.0073505375,-0.027194701,0.08207405,0.018964525,0.03934737,0.107705414
2025-11-21,test,DOWN,-0.1374734982356074,UP,FLAT,FLAT,0.0,0.05974786579123759,0.014761073570525075,0.05921450914665809,FLAT,DOWN,FLAT,UP,FLAT,UP,FLAT,FLAT,FLAT,FLAT,FLAT,FLAT,0.06540211333528478,-0.024523527130195198,0.11881819793154919,0.09189916485522712,0.01835032482914668,0.07075573326472588,0.040062487,-7.7401055e-05,0.08810603,-0.007909831,-0.005361368,0.013764424
2025-11-24,test,FLAT,-0.059830084350309676,UP,DOWN,FLAT,0.0,-0.1374734982356074,0.014761073570525075,-0.0006239293307497909,FLAT,FLAT,FLAT,DOWN,DOWN,DOWN,DOWN,DOWN,DOWN,DOWN,UP,DOWN,0.005835888759013171,0.004669740138754779,-0.10059421021886156,-0.07131110918321648,0.032562221475449016,-0.05821057066240926,0.009714778,0.0030773717,-0.04485465,-0.09286696,0.06313652,-0.069239445
2025-11-25,test,DOWN,-0.2516779851966078,UP,FLAT,FLAT,0.0,-0.059830084350309676,0.014761073570525075,-0.0006665027104173042,FLAT,DOWN,FLAT,DOWN,UP,DOWN,FLAT,FLAT,DOWN,DOWN,UP,DOWN,0.03435827778347396,-0.060949399683289024,-0.06972010639845365,-0.11042124847376478,0.10075420743013358,-0.07271619423082352,0.023648027,0.010838723,-0.07976268,-0.1137509,0.085716836,-0.084043495
2025-11-26,test,FLAT,0.03599280182822184,UP,DOWN,FLAT,0.0,-0.2516779851966078,0.014761073570525075,0.0045530262830299345,FLAT,DOWN,DOWN,DOWN,DOWN,DOWN,DOWN,FLAT,DOWN,DOWN,FLAT,DOWN,0.0009033577781100127,-0.07805473862291015,-0.20218330527541972,-0.23458398587514998,-0.02632178497595688,-0.2125968594871989,0.02901551,0.022173718,-0.1678353,-0.1741749,-0.018063223,-0.20600599
2025-11-27,test,DOWN,-0.17408534576279777,UP,FLAT,FLAT,0.0,0.03599280182822184,0.014761073570525075,0.04711543132790114,FLAT,FLAT,FLAT,FLAT,FLAT,FLAT,FLAT,FLAT,FLAT,FLAT,FLAT,FLAT,0.05690832765746612,-0.10616515754069324,-0.01611738499504594,-0.14016766928183302,-0.02072069248652486,-0.19373143475615195,0.03454943,-0.14241773,-0.091439776,-0.124403946,-0.010609863,-0.14893061
2025-11-28,test,UP,0.10208678262380033,UP,DOWN,FLAT,0.0,-0.17408534576279777,0.014761073570525075,-0.018505173703992406,FLAT,DOWN,FLAT,DOWN,FLAT,FLAT,FLAT,FLAT,FLAT,FLAT,FLAT,FLAT,-0.005582044736046154,-0.0926886184020466,-0.014680260941528975,-0.0803482096698159,0.058435241921181304,0.017033286285601246,-0.0021145628,0.0210432,0.039333206,0.01738927,0.028497422,0.05151512
2025-12-01,test,FLAT,0.042005461327576654,UP,UP,FLAT,0.0,0.10208678262380033,0.014761073570525075,0.03544662397721319,FLAT,UP,FLAT,UP,UP,UP,FLAT,UP,DOWN,DOWN,UP,UP,0.05220311297990724,0.06702846963533776,-0.03511672297947125,0.0014814667930159973,0.23451138902138877,0.12694919683836317,0.017495764,0.07131662,-0.055437762,-0.029129028,0.11453437,-0.04090546
2025-12-02,test,DOWN,-0.21621630044954543,UP,FLAT,FLAT,0.0,0.042005461327576654,0.014761073570525075,0.020302601054446773,FLAT,FLAT,FLAT,FLAT,UP,FLAT,DOWN,FLAT,DOWN,FLAT,UP,FLAT,0.022447169689650312,0.022188000834527648,0.020547442074236012,0.00603245521126489,0.1050125196602158,0.05230015516725451,0.007823406,0.058251582,0.0060825283,0.0083131455,0.08915623,0.039506126
2025-12-03,test,FLAT,0.0,UP,DOWN,FLAT,0.0,-0.21621630044954543,0.014761073570525075,-0.027276585585246232,FLAT,FLAT,FLAT,FLAT,FLAT,FLAT,DOWN,FLAT,DOWN,FLAT,DOWN,FLAT,-0.006135317658426108,-0.013619740192968076,-0.04771112315091857,-0.045145291031045254,-0.040610824316997765,-0.04330925652210835,0.011262192,0.0067531606,-0.047298547,-0.07752569,0.020311207,-0.050727252
2025-12-04,test,FLAT,0.08413967681910606,UP,FLAT,FLAT,0.0,0.0,0.014761073570525075,0.04498207362314874,FLAT,FLAT,FLAT,FLAT,UP,FLAT,UP,FLAT,DOWN,DOWN,UP,DOWN,0.06394340989734547,0.07927826773060213,-0.10016076961970821,-0.06395803997329041,0.06137844605191112,-0.06357058513456851,0.044688817,0.053461354,-0.08479897,-0.11994337,0.10371324,-0.11304488
2025-12-05,test,FLAT,0.05405243217389,UP,FLAT,FLAT,0.0,0.08413967681910606,0.014761073570525075,0.03159033550962651,FLAT,FLAT,FLAT,UP,FLAT,FLAT,FLAT,FLAT,FLAT,FLAT,FLAT,FLAT,0.0355672027314905,0.019427509912744095,0.04391172051567816,0.038446820622733385,0.0336876984688245,0.03728629517612689,0.043252666,0.00022075471,0.10477295,0.10008276,0.017676443,0.082981095
2025-12-08,test,UP,0.1979426612773949,UP,FLAT,FLAT,0.0,0.05405243217389,0.014761073570525075,-0.009400001273748623,FLAT,FLAT,FLAT,FLAT,UP,UP,FLAT,FLAT,FLAT,FLAT,FLAT,FLAT,0.020545389125283496,0.015488730398465106,-0.0009687141978657315,0.0042119281350890755,0.09758559788021047,0.07376390605249558,0.029736977,0.05112987,0.042740412,0.07265394,0.07673053,0.060761567
2025-12-09,test,FLAT,-0.06593736189746124,UP,UP,FLAT,0.0,0.1979426612773949,0.014761073570525075,0.036162976313064615,FLAT,FLAT,FLAT,FLAT,FLAT,FLAT,FLAT,FLAT,FLAT,FLAT,FLAT,FLAT,0.04546323630073033,-0.009201666062070407,0.06300407969531595,0.02867207226635717,0.07736978564497897,0.0694125321298323,0.027628617,0.06625209,0.07514549,0.08565165,0.040899273,0.13060124
2025-12-10,test,FLAT,0.06593736189746124,UP,FLAT,FLAT,0.0,-0.06593736189746124,0.014761073570525075,-0.003336809290390475,FLAT,UP,FLAT,UP,DOWN,UP,FLAT,FLAT,FLAT,FLAT,FLAT,FLAT,0.005083106913752191,0.0016398364344978478,0.035683701409204634,0.07996003037124594,-0.09766365595688076,-0.024235670569207023,0.0027063764,0.014173242,0.061014168,0.10247224,0.022768814,0.07599343
2025-12-11,test,DOWN,-0.11991846982084553,UP,FLAT,FLAT,0.0,0.06593736189746124,0.014761073570525075,0.02304549047762988,FLAT,FLAT,FLAT,DOWN,UP,DOWN,FLAT,FLAT,FLAT,DOWN,FLAT,DOWN,0.05205552161366938,0.013336200851740023,-0.11099933713753457,-0.11353102352102148,0.043973432377204295,-0.13091174862354066,0.037868258,0.05773428,-0.044787712,-0.06454565,0.05275689,-0.0956813
2025-12-12,test,FLAT,-0.09603842274792385,UP,DOWN,FLAT,0.0,-0.11991846982084553,0.014761073570525075,0.0018039856620987796,FLAT,FLAT,DOWN,DOWN,DOWN,DOWN,DOWN,FLAT,DOWN,FLAT,FLAT,FLAT,0.013525876013341718,-0.13071802425879772,-0.14593802040941625,-0.27053773303265066,-0.042527463674783474,-0.2871347645061238,-0.0012025916,0.025392434,-0.09028995,-0.0875552,-0.05750022,-0.16217141
2025-12-15,test,UP,0.10203776282224908,UP,FLAT,FLAT,0.0,-0.09603842274792385,0.014761073570525075,0.012307745044740442,FLAT,UP,FLAT,UP,DOWN,UP,FLAT,FLAT,FLAT,FLAT,FLAT,FLAT,0.032227789680554474,0.008669885077724359,0.06742814307837022,0.07611338838192688,0.02171335951780068,0.07119895590932629,0.03287822,0.04269982,0.121379055,0.13987745,0.06047379,0.08009655
2025-12-16,test,UP,0.14387629123007173,UP,UP,FLAT,0.0,0.10203776282224908,0.014761073570525075,0.039916199410873085,FLAT,UP,FLAT,UP,UP,UP,FLAT,UP,FLAT,UP,FLAT,UP,0.05238119535717212,0.2523134124096974,-0.024842601450977934,0.15015488611465191,0.1850835672196871,0.20369261359695676,0.040938433,0.10599215,0.010710612,0.059499603,0.11124122,0.05589441
2025-12-17,test,FLAT,0.029948189855666385,UP,UP,FLAT,0.0,0.14387629123007173,0.014761073570525075,0.013316832886516194,FLAT,UP,FLAT,FLAT,FLAT,FLAT,FLAT,FLAT,FLAT,FLAT,FLAT,FLAT,0.02701763830540524,0.13463155181494493,-0.02138427465628693,0.056389887842797054,-0.056262451792081815,-0.02462091067493851,0.01862415,0.10801385,0.006547001,0.1289183,0.015926002,0.034427077
2025-12-18,test,UP,0.143626595605717,UP,FLAT,FLAT,0.0,0.029948189855666385,0.014761073570525075,-0.004293565499597585,FLAT,FLAT,FLAT,FLAT,UP,FLAT,FLAT,DOWN,FLAT,FLAT,FLAT,FLAT,0.020314842052889172,-0.04019723564375888,0.110178447346963,0.08899382715253538,0.09351620684054536,0.17626732439435688,0.030439377,-0.029394027,0.06665519,0.018227857,0.055296633,0.070855185
2025-12-19,test,FLAT,0.07771169354242602,UP,UP,FLAT,0.0,0.143626595605717,0.014761073570525075,0.03874039814406895,FLAT,FLAT,FLAT,FLAT,DOWN,FLAT,FLAT,FLAT,FLAT,FLAT,FLAT,FLAT,0.04853732762144244,-0.03931369168285271,0.009292121730681063,-0.06482877037089027,0.007254178860995341,-0.06766863344146566,0.033123057,0.017571732,0.018767217,-0.03184063,-0.037395865,-0.03342821
2025-12-22,test,UP,0.22681160493274177,UP,FLAT,FLAT,0.0,0.07771169354242602,0.014761073570525075,0.012591410738267302,FLAT,FLAT,FLAT,FLAT,UP,FLAT,FLAT,FLAT,FLAT,FLAT,UP,FLAT,0.027334271196449968,0.03416602897351164,-0.0075514485974694425,0.024099121154399553,0.12828793168500893,0.12289105108131809,0.07866664,0.027633,0.0094881775,0.00031330623,0.07160278,0.011310655
2025-12-23,test,UP,0.1013020376831264,UP,UP,FLAT,0.0,0.22681160493274177,0.014761073570525075,0.023478098265955233,FLAT,UP,FLAT,DOWN,UP,DOWN,FLAT,UP,FLAT,FLAT,DOWN,DOWN,0.044375381898412544,0.10370121745670616,-0.07621573390568565,-0.021521556439570457,0.12958081064067556,0.027548929729022828,0.037799533,0.08652115,-0.073738545,-0.072379634,0.049411815,-0.054968704
2025-12-24,test,DOWN,-0.13708021337777154,UP,UP,FLAT,0.0,0.1013020376831264,0.014761073570525075,0.008477289196647753,FLAT,DOWN,FLAT,DOWN,UP,FLAT,FLAT,FLAT,FLAT,FLAT,FLAT,FLAT,0.021446970047388478,-0.052858332750397516,-0.0836088281428417,-0.13920874993796536,-0.02450745222186243,-0.17673552156483446,0.013740632,0.036623966,0.011137639,-0.0012138379,0.013103815,0.013582435
2025-12-29,test,UP,0.12516765156735943,UP,DOWN,FLAT,0.0,-0.13708021337777154,0.014761073570525075,-0.009688100994469852,FLAT,UP,FLAT,UP,UP,UP,DOWN,UP,FLAT,UP,DOWN,UP,0.009384365113512946,0.015508488621091247,0.005682787292560065,0.02763675012442202,0.20519335455361923,0.1794262011258018,0.00066501636,0.038363352,0.05154459,0.10242418,-0.022771599,0.08283762
2025-12-30,test,FLAT,-0.03574620234676473,UP,UP,FLAT,0.0,0.12516765156735943,0.014761073570525075,0.05225176357694235,FLAT,UP,FLAT,UP,UP,UP,FLAT,UP,FLAT,UP,FLAT,UP,0.06868595108897371,0.025885503898184288,0.07982183092423975,0.048749533146871804,0.14605167325544458,0.10784865472037852,0.044981204,-0.02191602,0.1186685,0.111335285,0.07889676,0.113476284
2025-12-31,test,DOWN,-0.3701275791321734,UP,FLAT,FLAT,0.0,-0.03574620234676473,0.014761073570525075,-0.0029928059030908324,FLAT,FLAT,FLAT,FLAT,FLAT,FLAT,DOWN,FLAT,UP,FLAT,FLAT,FLAT,0.013763796930938614,-0.0732634718280107,0.06744075109739978,-0.009409831171696432,0.0028554914018568012,-0.013466407068359753,0.017235061,0.027289834,0.15440632,0.09137639,0.043718096,0.091290675
2026-01-02,test,FLAT,0.029899835773683492,UP,DOWN,FLAT,0.0,-0.3701275791321734,0.014761073570525075,-0.037839659252297264,FLAT,UP,FLAT,FLAT,UP,UP,DOWN,UP,FLAT,UP,UP,UP,-0.01876831488566387,-0.07552092718799115,0.013565840106705423,-0.1000012876309338,-0.039310146577600485,-0.14987632790062988,-0.07317593,-0.11492269,0.06132099,-0.027369618,-0.024338884,-0.031059768
2026-01-05,test,UP,0.13742421426048423,UP,FLAT,FLAT,0.0,0.029899835773683492,0.014761073570525075,0.07566404748534344,FLAT,FLAT,FLAT,FLAT,UP,FLAT,DOWN,FLAT,FLAT,FLAT,UP,UP,0.08256742785379902,0.04893966581146407,0.07868291532162194,0.04054615833706035,0.26447870879618607,0.23668495804370965,0.03826906,0.06608837,0.1240868,0.1085844,0.08163708,0.14231412
2026-01-06,test,FLAT,0.0835571519818501,UP,UP,FLAT,0.0,0.13742421426048423,0.014761073570525075,0.026610243846952354,FLAT,DOWN,FLAT,DOWN,UP,DOWN,UP,FLAT,DOWN,FLAT,DOWN,DOWN,0.030304413732602162,-0.06824326533640655,-0.005183304655766578,-0.1261923732307967,0.07704025013382107,-0.09892170417921549,0.06498333,0.022549285,-0.03946715,-0.042459097,0.04746478,-0.023776235
2026-01-07,test,UP,0.13712107552823483,UP,FLAT,FLAT,0.0,0.0835571519818501,0.014761073570525075,-0.023376139086920503,FLAT,DOWN,FLAT,DOWN,DOWN,DOWN,DOWN,DOWN,UP,UP,DOWN,UP,0.013420587754171332,-0.08347644257233257,0.0643457342914117,-0.005476975355969336,-0.003067839953004024,0.01164215166383885,0.024238009,0.023895174,0.119537264,0.18823798,0.035522535,0.12646152
2026-01-08,test,FLAT,0.0952778015268052,UP,UP,FLAT,0.0,0.13712107552823483,0.014761073570525075,0.03679188663261056,FLAT,FLAT,FLAT,FLAT,DOWN,FLAT,FLAT,FLAT,FLAT,FLAT,UP,FLAT,0.04100579293037216,0.02757189665005917,0.054595510073198746,0.006450496452649664,0.04182238123367883,0.09396252024159055,0.033495244,0.027299177,0.08291287,0.012781036,0.043886293,0.07344556
2026-01-09,test,UP,0.19622423421186141,UP,FLAT,FLAT,0.0,0.0952778015268052,0.014761073570525075,0.0262114077486677,FLAT,DOWN,FLAT,DOWN,FLAT,FLAT,FLAT,FLAT,FLAT,FLAT,FLAT,FLAT,0.029500211167767777,-0.03439155052953149,0.09891819195613102,0.039510528936720676,0.03259223390798702,0.10590014744085123,0.088673905,0.018477129,0.08879993,0.026505515,0.0032963916,0.053679846
2026-01-12,test,UP,0.11280317044981558,UP,UP,FLAT,0.0,0.19622423421186141,0.014761073570525075,0.013284437098366825,FLAT,DOWN,FLAT,FLAT,DOWN,FLAT,FLAT,DOWN,FLAT,DOWN,DOWN,DOWN,0.040348847240427616,-0.03008083806999913,0.044658429311748814,-0.022019832020868584,0.02139267190784122,0.022275340577322097,0.048592858,-0.026170932,0.021865832,0.006862385,0.012648061,-0.060793903
2026-01-13,test,UP,0.13045542647116548,UP,UP,FLAT,0.0,0.11280317044981558,0.014761073570525075,0.009353579434412777,FLAT,FLAT,FLAT,FLAT,FLAT,FLAT,FLAT,FLAT,FLAT,FLAT,FLAT,FLAT,0.02353654907188191,-0.1092059125611822,-0.03472459005769797,-0.16108925932668516,0.019362735556449635,-0.14012811554377488,0.061261162,-0.025111867,-0.008803793,-0.03307746,0.07070443,-0.029874017
2026-01-14,test,FLAT,-0.023706513475652002,UP,UP,FLAT,0.0,0.13045542647116548,0.014761073570525075,0.025438746564564373,FLAT,FLAT,FLAT,FLAT,DOWN,FLAT,FLAT,FLAT,FLAT,FLAT,FLAT,FLAT,0.035128600125359774,-0.10748773052363934,0.13070489985454534,0.009206540882483561,-0.07780910351560308,-0.010789409139117056,0.055294022,-0.070337735,0.11940917,0.057751972,-0.004372756,0.03482954
2026-01-15,test,FLAT,0.05333175439741211,UP,FLAT,FLAT,0.0,-0.023706513475652002,0.014761073570525075,0.0008797821632660803,FLAT,FLAT,FLAT,FLAT,FLAT,FLAT,FLAT,FLAT,FLAT,FLAT,FLAT,FLAT,0.022196107573731937,-0.013428554237003445,0.05779704047190438,0.0059636140070116715,-0.06578645619173554,0.011486106258448665,0.054640606,-0.029423928,0.015243079,-0.020831365,0.014552688,-0.015039188
2026-01-19,test,UP,0.32529971019226167,UP,FLAT,FLAT,0.0,0.05333175439741211,0.014761073570525075,0.022668050107212775,FLAT,DOWN,FLAT,DOWN,FLAT,FLAT,FLAT,FLAT,FLAT,FLAT,FLAT,FLAT,0.044540125853823845,-0.042461622002488,0.019794761456821124,-0.037900236886683036,0.10572123132165985,0.05005826210661498,0.04514786,0.010580206,0.009663271,0.036342364,0.045651533,0.01771384
2026-01-20,test,UP,0.2712585694430558,UP,UP,FLAT,0.0,0.32529971019226167,0.014761073570525075,0.051761415298246155,FLAT,FLAT,FLAT,FLAT,UP,FLAT,DOWN,FLAT,UP,FLAT,UP,UP,0.053275314446885914,0.03883533546062759,0.03303039536330278,0.0344584676733167,-0.04387651062443768,-0.11085896641158142,0.014911307,0.09879213,0.11826298,0.19027336,0.014725011,0.111224085
2026-01-21,test,DOWN,-0.10605704505799451,UP,UP,FLAT,0.0,0.2712585694430558,0.014761073570525075,0.002737087940114527,FLAT,DOWN,FLAT,DOWN,DOWN,DOWN,DOWN,DOWN,DOWN,DOWN,DOWN,DOWN,0.014479639763610478,-0.08387133434137696,-0.046390157689728796,-0.10713020686749346,-0.12577379209496417,-0.2365834378221565,0.033739135,-0.045453265,-0.13076226,-0.1521972,-0.041293174,-0.16030376
2026-01-22,test,DOWN,-0.3602543391293622,UP,DOWN,FLAT,0.0,-0.10605704505799451,0.014761073570525075,-0.029106952293232673,FLAT,DOWN,FLAT,DOWN,DOWN,DOWN,DOWN,DOWN,DOWN,DOWN,DOWN,DOWN,-0.0049986071422800215,-0.2224073170856221,-0.0652774558512472,-0.2045049253124601,-0.25451901174440933,-0.3675142474084428,0.055306748,-0.18273486,0.012591649,-0.29666463,-0.04511005,-0.15432438
2026-01-23,test,DOWN,-0.37937212068186454,UP,DOWN,FLAT,0.0,-0.3602543391293622,0.014761073570525075,0.006962664933225782,UP,DOWN,DOWN,DOWN,DOWN,DOWN,UP,DOWN,DOWN,DOWN,FLAT,DOWN,0.0076890466417391425,-0.05344363351834086,-0.12953903860762664,-0.13539946926914292,-0.18144911995921012,-0.25021264584980246,0.0664515,0.0048303697,-0.026768671,-0.040741827,-0.025540072,-0.15540968
2026-01-26,test,DOWN,-0.3510132407912536,UP,DOWN,FLAT,0.0,-0.37937212068186454,0.014761073570525075,0.02016725166607672,UP,DOWN,DOWN,DOWN,UP,DOWN,FLAT,DOWN,DOWN,DOWN,DOWN,DOWN,0.021793283579151924,-0.07374791237144339,-0.11945904386890208,-0.18850157314099952,-0.007021175796237724,-0.18435725840085776,-0.09255177,-0.07914299,-0.14649507,-0.2984285,-0.06807598,-0.2520297
2026-01-27,test,UP,0.13103039397055483,UP,DOWN,FLAT,0.0,-0.3510132407912536,0.014761073570525075,-0.0011618034132573618,FLAT,UP,DOWN,DOWN,UP,DOWN,FLAT,UP,DOWN,FLAT,UP,DOWN,0.008747419740607167,-0.020670339481137792,-0.1288496011974583,-0.1332499539995561,0.011930313818085635,-0.16173533254090713,-0.060027707,0.06776839,-0.14240319,-0.11115575,0.028743,-0.08680416
2026-01-28,test,DOWN,-0.46533910482793317,UP,UP,FLAT,0.0,0.13103039397055483,0.014761073570525075,0.05584392714563874,FLAT,FLAT,DOWN,DOWN,DOWN,DOWN,UP,FLAT,DOWN,DOWN,UP,DOWN,0.05946106511947603,0.05429115440234169,-0.15626594853477016,-0.17818393366294658,0.01972967841329014,-0.16486572090331167,0.0029489761,0.0044427854,-0.25082996,-0.21794043,0.023701841,-0.191117
2026-01-29,test,UP,0.37601882616495885,UP,DOWN,FLAT,0.0,-0.46533910482793317,0.014761073570525075,-0.059135532830497606,FLAT,DOWN,FLAT,FLAT,DOWN,DOWN,DOWN,UP,UP,UP,DOWN,UP,-0.07327479468202773,-0.10301119744805372,0.004623286537061141,-0.02418879778435609,-0.1656215407442243,-0.12132882678292091,-0.36831307,-0.07505819,0.026082223,0.12874517,-0.14994751,0.06855704
2026-01-30,test,FLAT,0.0595557161311433,UP,UP,UP,0.0,0.37601882616495885,0.014761073570525075,0.1002135439621562,UP,FLAT,FLAT,FLAT,FLAT,FLAT,UP,UP,DOWN,DOWN,FLAT,DOWN,0.10453084040182142,-0.017792976581436873,0.04779999633107345,-0.06824330468373602,-0.029607880077080845,-0.0916038553919689,0.06398717,-0.02145924,-0.04831942,-0.072115146,0.07344424,-0.07483443
2026-02-02,test,FLAT,0.023812358726615912,UP,FLAT,FLAT,0.0,0.0595557161311433,0.014761073570525075,-0.004440741137361072,FLAT,DOWN,UP,FLAT,FLAT,FLAT,FLAT,UP,UP,UP,UP,UP,-0.013581393194244154,-0.12171993355491777,0.18346282958153903,0.10212158393847026,-0.07314980082834759,0.07875424789852085,0.020710839,-0.013161048,0.25425783,0.22434798,0.00649898,0.18136582
2026-02-03,test,DOWN,-0.13699856209505867,UP,FLAT,FLAT,0.0,0.023812358726615912,0.014761073570525075,-0.023478017646625056,FLAT,DOWN,UP,DOWN,FLAT,DOWN,DOWN,DOWN,FLAT,DOWN,FLAT,DOWN,0.01703422646742017,-0.19233109500254872,0.10697727076342195,-0.04849083123819074,-0.06899708378795044,-0.10643858300204863,0.020327864,-0.09874841,0.08045382,-0.07922848,0.027340708,0.0067648124
2026-02-04,test,FLAT,-0.011921793051783425,UP,DOWN,FLAT,0.0,-0.13699856209505867,0.014761073570525075,0.025681275409007574,UP,FLAT,UP,FLAT,UP,UP,UP,UP,FLAT,FLAT,DOWN,FLAT,0.022543179916370983,-0.019745084750891886,0.046990473509854136,0.037129376938143416,0.005949207831057643,0.09565346972298507,0.0885653,0.05037535,-0.0003206088,0.0037774025,0.025400631,-0.0040441966
2026-02-05,test,UP,0.30356262708775006,UP,FLAT,FLAT,0.0,-0.011921793051783425,0.014761073570525075,0.03642107152945227,FLAT,FLAT,UP,FLAT,UP,FLAT,FLAT,FLAT,FLAT,UP,UP,UP,0.04178478129979029,0.0194602570482256,0.13526422863458165,0.13921149203962616,-0.008845587257170764,0.16156864409206229,-0.030933112,0.047844023,0.054582022,0.073339835,0.04201179,0.09088457
2026-02-06,test,UP,0.3618786021377218,UP,UP,FLAT,0.0,0.30356262708775006,0.014761073570525075,0.03332495141490033,FLAT,DOWN,UP,UP,UP,UP,FLAT,UP,UP,UP,UP,UP,0.047750678634585556,-0.041632828683076065,0.14274989671776495,0.11158749648169908,0.050281850945641006,0.16871642916744412,0.031685032,0.021622742,0.06320239,0.091743745,0.09188718,0.07480508
2026-02-09,test,DOWN,-0.2905858234527159,UP,UP,FLAT,0.0,0.3618786021377218,0.014761073570525075,0.016106384261602352,FLAT,FLAT,DOWN,DOWN,FLAT,FLAT,FLAT,FLAT,DOWN,FLAT,FLAT,FLAT,0.01379251733377241,0.02906495369841163,-0.1104420566190655,-0.07505222356336978,-0.0015814805951106532,-0.07267735758728892,0.036747497,0.06597842,-0.090421624,-0.05163652,0.01579241,-0.09916904
2026-02-10,test,DOWN,-0.23188760873953385,UP,DOWN,FLAT,0.0,-0.2905858234527159,0.014761073570525075,-0.05260320810292338,DOWN,UP,DOWN,DOWN,FLAT,FLAT,DOWN,FLAT,DOWN,DOWN,FLAT,FLAT,-0.049337736888561114,0.08212900973039727,-0.3200652113465511,-0.1954303854305181,0.003554212057054182,-0.20176382147089952,0.008411616,0.052380264,-0.34898114,-0.24923123,0.029952532,-0.22825289
2026-02-11,test,DOWN,-0.10720668090531404,UP,DOWN,FLAT,0.0,-0.23188760873953385,0.014761073570525075,0.0374943703566413,UP,DOWN,UP,UP,UP,UP,UP,UP,UP,UP,UP,UP,0.0450646580976255,-0.02779515149084401,0.06223473386453096,0.027502258141501586,0.08514696522606356,0.10501239524449767,0.10478983,0.07088411,0.08735576,-0.009037435,0.06750115,-0.006038743
2026-02-12,test,UP,0.26780151095984195,UP,DOWN,FLAT,0.0,-0.10720668090531404,0.014761073570525075,0.041260425957745366,UP,UP,UP,UP,UP,UP,UP,UP,FLAT,UP,UP,FLAT,0.041793574748608814,0.011175299994919091,0.05402205652791207,0.06825238295382413,0.004900262279307481,0.050586870660577966,0.08785827,0.06511493,0.07781634,0.09714598,0.019900195,0.06928183
2026-02-13,test,UP,0.1069201171059575,UP,UP,FLAT,0.0,0.26780151095984195,0.014761073570525075,0.026454284834502628,FLAT,DOWN,UP,UP,FLAT,UP,DOWN,DOWN,UP,UP,UP,UP,0.042390739164410475,-0.11168048380662286,0.12980892718900516,0.041778325304040506,-0.004708543484117393,0.06908607195002987,-0.025692517,-0.067824,0.034007985,0.01954924,0.05475011,0.06531896
2026-02-18,test,UP,0.23719176205698744,UP,UP,FLAT,0.0,0.1069201171059575,0.014761073570525075,-0.01027039158134694,FLAT,FLAT,FLAT,FLAT,UP,UP,UP,UP,FLAT,FLAT,DOWN,FLAT,-0.00496278455489565,-0.011284869924412,-0.034753418251139236,-0.018834854963507213,0.13188997232460198,0.11710623517293978,0.0317596,0.0580993,0.011740157,0.008632903,-0.022089822,-0.017755633
2026-02-19,test,UP,0.242539087808602,UP,UP,FLAT,0.0,0.23719176205698744,0.014761073570525075,0.04056529236417408,FLAT,DOWN,UP,UP,FLAT,UP,UP,UP,FLAT,UP,FLAT,UP,0.03588865276833846,0.004819015823268604,0.2122892300755595,0.21804352494357435,0.002042922016306731,0.22103195349358382,0.019786868,0.023906024,0.087650314,0.09561339,0.025907291,0.1275179
2026-02-20,test,DOWN,-0.23661649608062163,UP,UP,FLAT,0.0,0.242539087808602,0.014761073570525075,0.028052807199423685,FLAT,FLAT,FLAT,FLAT,DOWN,FLAT,UP,UP,UP,UP,FLAT,UP,0.02823529190085422,-0.030023544476146434,0.09155444328867833,0.04494847873062316,0.03588048141911795,0.0927701270980099,0.048327688,0.02064706,0.07393716,0.09408592,0.07281547,0.066252895
2026-02-23,test,DOWN,-0.3975912426826156,UP,DOWN,FLAT,0.0,-0.23661649608062163,0.014761073570525075,-0.048645814641330457,DOWN,DOWN,DOWN,DOWN,DOWN,DOWN,DOWN,DOWN,DOWN,DOWN,DOWN,DOWN,-0.02901242559575902,0.008014972391024668,-0.07508579256568396,0.004022264163403403,-0.050429608347160586,-0.05142214310690448,-0.017217616,0.014903387,-0.0725069,-0.058028426,0.047351517,-0.081208564
2026-02-24,test,FLAT,0.0713266792008227,UP,DOWN,FLAT,0.0,-0.3975912426826156,0.014761073570525075,0.006716093802268314,UP,UP,UP,UP,UP,UP,DOWN,UP,UP,UP,UP,UP,0.008388371834438121,0.0879125251551885,0.06378454029519665,0.1747792456901563,0.09683650511964771,0.19867209440323147,-0.04660944,0.06776481,-0.030485906,0.024892649,0.025145467,0.0131375445
2026-02-25,test,DOWN,-0.10106115059222986,UP,FLAT,FLAT,0.0,0.0713266792008227,0.014761073570525075,0.0849873754146231,UP,UP,FLAT,UP,UP,UP,UP,UP,DOWN,FLAT,FLAT,FLAT,0.07920475942938474,0.07971837563917407,0.053643436066917224,0.09541589662770172,0.10972280366446101,0.10218611148032171,0.030259706,0.06889155,0.015867589,0.041833337,0.03649666,0.02805816
2026-02-26,test,DOWN,-0.32766405056960934,UP,DOWN,FLAT,0.0,-0.10106115059222986,0.014761073570525075,-0.03188035850122867,FLAT,FLAT,DOWN,FLAT,DOWN,DOWN,DOWN,UP,DOWN,DOWN,UP,DOWN,-0.013915634614831635,-0.07407669011053007,-0.10487940829276808,-0.10580219139166669,-0.0793978413477024,-0.07617744633552555,-0.014659967,0.009403437,-0.13611417,-0.07063663,0.058791924,-0.096525505
2026-02-27,test,UP,0.1252348316464591,UP,DOWN,FLAT,0.0,-0.32766405056960934,0.014761073570525075,-0.03240537719631581,FLAT,FLAT,FLAT,FLAT,DOWN,UP,UP,DOWN,FLAT,UP,DOWN,UP,-0.02016272647584695,-0.02588295396158541,0.031152374306283898,0.03587705975504937,-0.050273745446701955,0.04871745067784412,-0.021824067,0.03293604,0.06402987,0.103528336,-0.0054930244,0.052127514
2026-03-02,test,UP,0.4103850884058957,UP,UP,FLAT,0.0,0.1252348316464591,0.014761073570525075,0.09685675776071181,FLAT,FLAT,FLAT,FLAT,UP,UP,UP,FLAT,DOWN,FLAT,UP,UP,0.07704390474215779,0.18169547928711402,0.056547497383379164,0.1680728325489161,0.2090067307859861,0.29563750123243854,0.032534577,0.13343221,0.0048156492,0.0859484,0.067340694,0.038522597
2026-03-03,test,UP,0.1304941166257123,UP,UP,FLAT,0.0,0.4103850884058957,0.014761073570525075,0.03886449303289058,FLAT,FLAT,UP,FLAT,FLAT,FLAT,FLAT,FLAT,UP,UP,DOWN,UP,0.033401594285035995,0.2327684719963517,0.2862508292031065,0.4098504377926493,0.02751847730041492,0.3428926648005476,0.034399558,0.027022908,0.17773125,0.21580648,0.07126748,0.15560845
2026-03-04,test,UP,0.24274012096707764,UP,UP,FLAT,0.0,0.1304941166257123,0.014761073570525075,-0.05232969233239365,FLAT,FLAT,UP,FLAT,FLAT,FLAT,DOWN,FLAT,UP,UP,FLAT,FLAT,-0.015901204374203594,0.0745492900845572,0.25800014893694206,0.28646495894013124,-0.08565387601016979,0.22197247644404475,0.012839852,0.010956349,0.22584917,0.17210996,0.035431884,0.12138782
2026-03-05,test,DOWN,-0.14794215202389438,UP,UP,FLAT,0.0,0.24274012096707764,0.014761073570525075,0.05352479320652147,FLAT,FLAT,DOWN,FLAT,DOWN,FLAT,UP,FLAT,DOWN,FLAT,FLAT,FLAT,0.046609685386651424,0.05025417911541016,-0.1286857680342003,-0.12280409388434221,0.09343500892058805,-0.05758472931188129,0.043841142,0.02617806,-0.03620509,-0.029545201,0.018393394,-0.0901307
2026-03-06,test,UP,0.195237452935082,UP,DOWN,FLAT,0.0,-0.14794215202389438,0.014761073570525075,-0.0009658680822789006,DOWN,FLAT,UP,FLAT,DOWN,FLAT,UP,FLAT,UP,UP,UP,UP,-0.007229861187363242,-0.008470853971434272,0.270082828145989,0.2506348686934836,-0.03664882763454872,0.2653499551329515,0.04187492,0.03581728,0.18803453,0.27063528,0.05469302,0.20318803
2026-03-09,test,UP,0.3245510770826243,UP,UP,FLAT,0.0,0.195237452935082,0.014761073570525075,0.03256939273474643,FLAT,FLAT,UP,FLAT,DOWN,FLAT,UP,FLAT,UP,FLAT,DOWN,DOWN,0.06543753671688578,0.1024389992446739,0.221636727966121,0.24107314702183322,0.1408672604417563,0.34994693935673543,-0.025326591,0.051577955,0.033234324,0.09539481,0.07309395,0.06379929
2026-03-10,test,DOWN,-0.5612515840693888,UP,UP,FLAT,0.0,0.3245510770826243,0.014761073570525075,0.0390028128883613,FLAT,FLAT,FLAT,FLAT,DOWN,FLAT,UP,DOWN,DOWN,DOWN,UP,DOWN,0.03147991185523631,0.05021885555443077,-0.04364678037210994,-0.07687043495450324,-0.14120383257279795,-0.19197985591915082,0.037254956,-0.032767735,-0.21230955,-0.12081774,0.11143682,-0.026644623
2026-03-11,test,FLAT,-0.07111954309131363,UP,DOWN,FLAT,0.0,-0.5612515840693888,0.014761073570525075,-0.0921623942023948,DOWN,FLAT,DOWN,FLAT,DOWN,FLAT,FLAT,DOWN,FLAT,DOWN,DOWN,DOWN,-0.09338025611391779,-0.08768441723867812,-0.23789847461170216,-0.23892335241518334,-0.11067720412897028,-0.17392867805049111,-0.2681601,-0.18344317,-0.24951303,-0.22031225,-0.087351896,-0.10304307
2026-03-12,test,UP,0.1895398304808893,UP,FLAT,FLAT,0.0,-0.07111954309131363,0.014761073570525075,0.0798235079839752,UP,DOWN,UP,FLAT,DOWN,FLAT,UP,DOWN,UP,DOWN,UP,DOWN,0.09643598759651524,0.003115198105784693,0.20331215889666787,0.12865696496579757,0.11918216519437067,0.21427445924041547,0.049658965,-0.0870762,0.06409159,-0.035194837,0.095430784,0.06972288
2026-03-13,test,UP,0.20689866393990286,UP,UP,FLAT,0.0,0.1895398304808893,0.014761073570525075,0.06604943700776537,UP,FLAT,UP,FLAT,DOWN,FLAT,UP,DOWN,UP,UP,UP,UP,0.04641351368531918,0.018925554241265095,0.3197860214472666,0.2789136179971666,-0.052029471071241847,0.2823525983713121,0.11786453,0.009200748,0.19613717,0.14473386,0.1592154,0.20020077
2026-03-16,test,UP,0.33015004637544365,UP,UP,FLAT,0.0,0.20689866393990286,0.014761073570525075,-0.033839338916083775,FLAT,FLAT,UP,FLAT,DOWN,FLAT,FLAT,FLAT,UP,FLAT,UP,FLAT,-0.00023080799697251277,-0.0388850907628161,0.16784165940589316,0.15667730515074488,0.014978176609867867,0.23620152002095737,0.025039343,0.032609887,0.16829348,0.22686905,0.03646886,0.18244642
2026-03-17,test,FLAT,-0.047097610666924083,UP,UP,FLAT,0.0,0.33015004637544365,0.014761073570525075,0.035236680341022564,FLAT,FLAT,DOWN,DOWN,FLAT,FLAT,UP,UP,DOWN,DOWN,DOWN,DOWN,0.03388466506708212,0.02666105312677583,-0.30627294397105126,-0.27971409807592074,0.03663537087523463,-0.23273888980986407,0.070321076,-0.005309993,-0.3357383,-0.20563652,0.06496632,-0.18286207
2026-03-25,test,DOWN,-0.45445234173211446,UP,FLAT,FLAT,0.0,-0.047097610666924083,0.014761073570525075,0.004159320351266611,FLAT,FLAT,FLAT,FLAT,UP,FLAT,DOWN,FLAT,DOWN,FLAT,UP,DOWN,-0.008462703715827193,-0.028818465586894174,-0.0443277272548701,-0.06675673483161462,0.42300634723326624,0.46950501340215367,0.027090086,0.042997472,-0.08573317,-0.040137738,0.24287906,0.070989184
2026-03-26,test,FLAT,-0.011831519180915961,UP,DOWN,FLAT,0.0,-0.45445234173211446,0.014761073570525075,-0.04118229691022254,DOWN,FLAT,UP,FLAT,DOWN,FLAT,DOWN,DOWN,UP,FLAT,DOWN,UP,-0.021907472015832756,-0.02453329950002031,0.10733150536946373,0.09972369724713598,-0.08543479808317184,0.15081353190410038,-0.06317439,-0.11391764,-0.015748836,0.032127127,-0.059143376,0.057136264
2026-03-27,test,UP,0.31896069569494756,UP,FLAT,FLAT,0.0,-0.011831519180915961,0.014761073570525075,0.07390386711802888,UP,FLAT,UP,FLAT,DOWN,FLAT,UP,FLAT,UP,UP,UP,UP,0.08524595744847388,0.07118204106956481,0.26688857986011966,0.29054494775973255,-0.03203063515159479,0.2654903703451235,0.1313946,0.060125843,0.15349428,0.17109172,0.0797802,0.1462425
2026-03-30,test,UP,0.21207666269784653,UP,UP,FLAT,0.0,0.31896069569494756,0.014761073570525075,0.05276052821190963,FLAT,FLAT,UP,FLAT,FLAT,FLAT,FLAT,FLAT,UP,UP,UP,UP,0.03738005540195507,-0.00649591071041508,0.22022695717031765,0.17761858135904857,0.01012596510453986,0.1760253698795055,0.0016296875,-0.064296454,0.06457431,-0.016292464,0.05680083,0.034121584
2026-03-31,test,FLAT,0.03530242446636578,UP,UP,FLAT,0.0,0.21207666269784653,0.014761073570525075,-0.03167273891263392,FLAT,FLAT,FLAT,FLAT,FLAT,FLAT,DOWN,FLAT,UP,FLAT,UP,FLAT,-0.008859282820485584,-0.022562046689614895,0.05718593583880694,0.0674970041978233,0.04364991915601819,0.14022450148683716,0.03724168,0.037224352,0.1406019,0.20167136,0.1349364,0.14698996
2026-04-01,test,FLAT,0.01764653985354414,UP,FLAT,FLAT,0.0,0.03530242446636578,0.014761073570525075,0.007052900527968189,FLAT,FLAT,DOWN,FLAT,DOWN,FLAT,UP,FLAT,DOWN,DOWN,FLAT,DOWN,0.014607097225518766,-0.03740836078881694,-0.2642912619881171,-0.30403415299277403,0.005160638237559431,-0.21730396220007814,0.042898614,-0.022680849,-0.25149703,-0.14472036,0.05410303,-0.23786572
2026-04-02,test,FLAT,0.07643237577017459,UP,FLAT,FLAT,0.0,0.01764653985354414,0.014761073570525075,0.04253962091172456,FLAT,DOWN,DOWN,DOWN,DOWN,FLAT,UP,DOWN,DOWN,DOWN,FLAT,DOWN,0.036884513937101134,-0.1026142423516458,-0.1780387763509188,-0.26787950813628253,-0.008939234389670479,-0.1858746700726479,0.08128047,-0.0123869255,-0.08202807,-0.12183263,0.06081448,-0.13338253
2026-04-06,test,UP,0.1292141610536035,UP,FLAT,FLAT,0.0,0.07643237577017459,0.014761073570525075,0.01236041318749662,FLAT,FLAT,UP,FLAT,DOWN,FLAT,DOWN,FLAT,FLAT,FLAT,DOWN,FLAT,0.03428501673588473,-0.02598969562839383,0.1577081189046958,0.12496399766375849,0.0370972730897222,0.18554797385530808,-0.079019554,0.0031443704,0.0044533694,0.03816947,0.026222175,0.06698082
2026-04-07,test,UP,0.32230682183733705,UP,UP,FLAT,0.0,0.1292141610536035,0.014761073570525075,0.010395553562971477,FLAT,FLAT,FLAT,FLAT,FLAT,FLAT,FLAT,FLAT,FLAT,FLAT,FLAT,FLAT,0.025232434397077792,-0.03770935459072445,0.01529860974690537,-0.047708106893988675,0.00269260409431594,-0.012414389891748754,0.025949366,0.022532953,0.045235123,0.05707225,0.04731286,0.011430588
2026-04-08,test,DOWN,-0.48679020498241243,UP,UP,FLAT,0.0,0.32230682183733705,0.014761073570525075,0.0464899359679799,FLAT,FLAT,FLAT,FLAT,FLAT,FLAT,FLAT,FLAT,UP,FLAT,FLAT,FLAT,0.036605610600375635,-0.005191030001686371,-0.03297699012104483,-0.04354050612648691,0.1414540734848658,0.1589145445300428,0.03912464,0.034349825,0.03753594,0.11178378,0.06849725,0.036939293
2026-04-09,test,UP,0.42826617920006527,UP,DOWN,FLAT,0.0,-0.48679020498241243,0.014761073570525075,-0.07518749532519853,DOWN,FLAT,DOWN,FLAT,DOWN,FLAT,DOWN,DOWN,DOWN,DOWN,FLAT,DOWN,-0.07683853595628623,-0.09964407042867139,-0.42935046237188895,-0.38124224541046864,-0.26929892712439424,-0.40674169704402896,-0.2864025,-0.20474008,-0.5545734,-0.2980348,-0.15262966,-0.35721165
2026-04-10,test,UP,0.17546942561494916,UP,UP,UP,0.0,0.42826617920006527,0.014761073570525075,0.1203933661605602,UP,FLAT,DOWN,FLAT,FLAT,FLAT,UP,FLAT,DOWN,FLAT,FLAT,FLAT,0.12525838940289297,0.08837166143939991,-0.043121030306482344,-0.06765580124428629,0.03638291299591127,-0.05660306811782111,0.09563119,0.051957153,-0.0810225,-0.14237401,0.0760475,-0.122813575
2026-04-13,test,FLAT,0.05842145401881993,UP,UP,FLAT,0.0,0.17546942561494916,0.014761073570525075,0.004449240681096332,DOWN,FLAT,DOWN,FLAT,FLAT,FLAT,UP,FLAT,UP,FLAT,UP,FLAT,-0.011465207219239252,-0.07916990099621717,-0.07063095796833925,-0.12076968974362476,-0.12349099458663021,-0.15512368379660968,0.11269288,0.031505167,-0.0056699933,0.023321278,0.03637886,-0.005241152
2026-04-14,test,FLAT,0.07589690062790311,UP,FLAT,FLAT,0.0,0.05842145401881993,0.014761073570525075,-0.04187847503809044,FLAT,FLAT,FLAT,FLAT,FLAT,FLAT,DOWN,FLAT,DOWN,FLAT,FLAT,FLAT,0.003180626671244642,-0.04569826498107987,-0.013534710681458567,-0.04189936315591995,-0.0010196544406220216,-0.009476230011373965,0.050806683,-0.050287403,0.0024650584,0.0050905473,0.03841155,-0.013348285
2026-04-15,test,FLAT,0.035009919834827485,UP,FLAT,FLAT,0.0,0.07589690062790311,0.014761073570525075,0.05220627973622307,UP,DOWN,DOWN,DOWN,FLAT,FLAT,UP,FLAT,DOWN,DOWN,UP,DOWN,0.04653834437093479,-0.092078153783488,-0.08324521363142265,-0.16363013377545216,-0.022508010307965676,-0.12251972213228286,0.06747514,-0.03958835,-0.06789226,-0.18568154,0.054740872,-0.13850696
2026-04-16,test,FLAT,0.005833795177068168,UP,FLAT,FLAT,0.0,0.035009919834827485,0.014761073570525075,0.025528370532797124,FLAT,FLAT,FLAT,FLAT,FLAT,FLAT,UP,FLAT,DOWN,FLAT,UP,FLAT,0.024929448177206433,-0.1266196839192348,0.012899052807850555,-0.10942344374005634,-0.023695473486514428,-0.07768457497673399,-0.021549035,-0.005123404,-0.0057905903,-0.008013852,0.035617977,-0.0305868
2026-04-17,test,UP,0.27380518693291833,UP,FLAT,FLAT,0.0,0.005833795177068168,0.014761073570525075,-0.01281779611803946,FLAT,FLAT,FLAT,FLAT,FLAT,FLAT,FLAT,FLAT,FLAT,FLAT,FLAT,FLAT,0.02410467589860813,-0.14716734138776083,0.09080443033912425,-0.07494911421906815,-0.05520846765764822,-0.03244189409020273,0.0497046,-0.0060470426,0.0717381,-0.048042394,0.04499979,0.03180062
2026-04-20,test,FLAT,-0.07565837695402422,UP,UP,FLAT,0.0,0.27380518693291833,0.014761073570525075,0.05281902265860762,FLAT,FLAT,FLAT,FLAT,FLAT,FLAT,FLAT,UP,FLAT,FLAT,UP,FLAT,0.048142341947102964,-0.007145650872545371,-0.10029129453300246,-0.11736583083559532,0.004796773275459921,-0.10214318487044548,0.048477758,0.034166574,-0.09089033,-0.035806667,0.045747038,-0.05867776
2026-04-21,test,DOWN,-0.1981468099788941,UP,FLAT,FLAT,0.0,-0.07565837695402422,0.014761073570525075,-0.01545102187377178,FLAT,FLAT,FLAT,FLAT,FLAT,FLAT,FLAT,FLAT,FLAT,DOWN,FLAT,DOWN,-0.015696303288344593,-0.06375281767297837,0.06942139769598463,0.0365177635359151,-0.01365406866307369,0.07288923815748402,0.018392058,0.021350097,-0.0155771,0.02026018,0.067644455,0.04232798
2026-04-22,test,UP,0.21561151676170454,UP,DOWN,FLAT,0.0,-0.1981468099788941,0.014761073570525075,-0.009799476905838864,FLAT,DOWN,UP,FLAT,FLAT,FLAT,FLAT,DOWN,UP,UP,FLAT,UP,0.012989453116106043,-0.06214466477800455,0.15817820037766983,0.11705372495826756,-0.04932116078111184,0.13183110280516552,0.048658963,-0.00910902,0.14344966,0.13306034,0.04217205,0.06367604
2026-04-23,test,UP,0.7481114718329351,UP,UP,FLAT,0.0,0.21561151676170454,0.014761073570525075,0.07937129162768428,FLAT,FLAT,FLAT,FLAT,FLAT,FLAT,UP,UP,FLAT,FLAT,UP,FLAT,0.0729152279876925,0.057231265134495085,0.09123769810268839,0.07949982530105479,0.038593366226705596,0.13447557440273716,0.0570974,0.07316516,0.070746385,-0.017571969,0.10006783,0.026519883
2026-04-24,test,DOWN,-0.17348064259454787,UP,UP,FLAT,0.0,0.7481114718329351,0.014761073570525075,0.0684737153899754,FLAT,DOWN,FLAT,DOWN,FLAT,FLAT,UP,FLAT,DOWN,FLAT,DOWN,UP,0.0502295508098352,-0.12681238476038578,0.07174208840956411,-0.05237290766169894,0.0072044235655748575,0.009015451379605596,0.02553086,-0.093390726,0.027116034,0.007031351,0.05913478,0.013746118
2026-04-27,test,DOWN,-0.29560954724594524,UP,DOWN,DOWN,0.0,-0.17348064259454787,0.014761073570525075,-0.11339192678188817,DOWN,DOWN,DOWN,FLAT,FLAT,FLAT,DOWN,FLAT,DOWN,FLAT,DOWN,DOWN,-0.08429979673218302,-0.1891704293933335,-0.1283827724868127,-0.20188595420539573,-0.05015121098419185,-0.14040759710532744,-0.016789194,0.029316638,-0.04236061,-0.00031655346,0.035228763,-0.033259153
2026-04-28,test,UP,0.10443259245711545,UP,DOWN,FLAT,0.0,-0.29560954724594524,0.014761073570525075,0.02430444856707821,UP,FLAT,UP,FLAT,FLAT,FLAT,UP,FLAT,DOWN,FLAT,UP,FLAT,0.030066060850091426,-0.07207016706814211,0.050865839586464685,0.006093802638879122,0.07793852819039948,0.07758218579880345,0.05250996,0.03133505,0.0067597083,-0.05471651,0.079631835,-0.025099494
2026-04-29,test,UP,0.4570576963576656,UP,UP,UP,0.0,0.10443259245711545,0.014761073570525075,0.10864593243831294,UP,FLAT,UP,FLAT,FLAT,FLAT,UP,FLAT,UP,FLAT,DOWN,FLAT,0.08832807593320781,0.03605236401277834,0.1321616690225812,0.08428250200803555,0.04884136328801241,0.12740894508528391,0.09983422,0.06804515,0.10384551,0.07298534,0.028788563,0.05755224
2026-04-30,test,UP,0.3112215064634327,UP,UP,FLAT,0.0,0.4570576963576656,0.014761073570525075,0.009356075737844693,UP,FLAT,UP,FLAT,DOWN,FLAT,UP,FLAT,UP,FLAT,DOWN,UP,0.03239104936114375,-0.02472431670500773,0.16339475896980266,0.0701424288196643,-0.2247501446060673,-0.05394647957294476,-0.009491074,0.045921132,0.08055736,0.084403,-0.02877801,0.16378878
2026-05-04,test,FLAT,-0.05756058410248954,UP,UP,FLAT,0.0,0.3112215064634327,0.014761073570525075,-0.026414645329555272,FLAT,FLAT,DOWN,DOWN,FLAT,FLAT,DOWN,DOWN,DOWN,DOWN,DOWN,DOWN,-0.01028835851287493,-0.08123053956447292,-0.3246609404083999,-0.38573250751120136,-0.012936016881060509,-0.3165993332290709,0.045174766,0.020130878,-0.41386357,-0.39773726,-0.035609618,-0.33266762
2026-05-05,test,UP,0.3276524070598086,UP,FLAT,FLAT,0.0,-0.05756058410248954,0.014761073570525075,0.01092601761709322,DOWN,FLAT,UP,FLAT,FLAT,FLAT,DOWN,FLAT,UP,UP,DOWN,UP,-0.0037780354518987067,-0.060419293218325676,0.1690039554006469,0.11515664973395769,-0.013317046154330879,0.1687103430286042,0.08267532,0.04652759,0.17206973,0.13041107,0.06416675,0.13924848
2026-05-06,test,DOWN,-0.11484353831860972,UP,UP,FLAT,0.0,0.3276524070598086,0.014761073570525075,0.07931014192439675,UP,FLAT,DOWN,FLAT,FLAT,FLAT,UP,UP,DOWN,UP,UP,UP,0.07518651329423716,-0.02177566614696476,-0.010305760695671401,-0.06890534806127625,0.06990247159078694,-0.013683434060702075,0.09438288,0.06687076,-0.004522066,-0.03831726,0.06333233,-0.029209565
2026-05-07,test,DOWN,-0.2473611293785538,UP,DOWN,FLAT,0.0,-0.11484353831860972,0.014761073570525075,-0.04894902403419864,DOWN,DOWN,DOWN,DOWN,FLAT,DOWN,DOWN,DOWN,DOWN,DOWN,UP,DOWN,-0.024598176172505974,-0.15965778393468838,-0.1677213666732372,-0.2730786863436172,-0.0020245622137071827,-0.17440759733505967,0.042982806,0.019130047,-0.13159025,-0.12220255,0.05337706,-0.039697465
2026-05-08,test,FLAT,0.07484814812386276,UP,DOWN,FLAT,0.0,-0.2473611293785538,0.014761073570525075,-0.010953574266223204,DOWN,DOWN,UP,DOWN,FLAT,FLAT,DOWN,DOWN,FLAT,UP,UP,UP,0.005777944280637095,-0.03754180022814607,0.07440642073946828,0.036956864614102455,0.0009682119083052627,0.11062426027638564,-0.042966314,0.060183164,0.033239022,0.09047726,0.041907594,0.10966462
2026-05-11,test,UP,0.22995123671094575,UP,FLAT,FLAT,0.0,0.07484814812386276,0.014761073570525075,0.08478086398415968,UP,FLAT,DOWN,FLAT,UP,FLAT,UP,FLAT,DOWN,FLAT,UP,DOWN,0.0675308754668402,0.04662254689203907,-0.037881577812525755,-0.032231301995617606,0.1300593150160004,0.05087266194258371,0.083837144,0.088563584,0.018685533,0.016121099,0.07121543,0.013150794
2026-05-12,test,UP,0.5668657282068779,UP,UP,FLAT,0.0,0.22995123671094575,0.014761073570525075,0.015591347752434467,FLAT,FLAT,UP,FLAT,FLAT,FLAT,DOWN,FLAT,DOWN,FLAT,FLAT,FLAT,0.022805203330729426,0.044026592393585966,0.09411213347856198,0.1300895877778976,0.047491021673846216,0.1564654314756671,-0.07715791,0.022977615,0.016219247,0.060421478,0.0646817,0.11674084
2026-05-13,test,DOWN,-0.10282777255667952,UP,UP,FLAT,0.0,0.5668657282068779,0.014761073570525075,0.026954879936289866,FLAT,FLAT,FLAT,FLAT,FLAT,FLAT,FLAT,FLAT,FLAT,FLAT,FLAT,FLAT,0.035491015898372225,-0.08851079619820275,0.08597375650531715,-0.018236870873378854,-0.038648506338939556,-0.045755559268275105,0.037583042,-0.00543911,0.085219435,0.041204054,-0.018253906,0.068893716
2026-05-18,test,UP,0.9669604948474131,UP,DOWN,FLAT,0.0,-0.10282777255667952,0.014761073570525075,-0.0395260639755865,DOWN,FLAT,UP,FLAT,FLAT,FLAT,DOWN,DOWN,DOWN,FLAT,DOWN,FLAT,-0.045916225748682225,-0.08291591398160979,0.014998528998064363,-0.02199355077541536,0.18146387504582298,0.21246904562711266,0.05440439,0.054811813,0.03584902,0.07220043,0.14733504,0.10353269
2026-05-19,test,UP,0.2995621852992514,UP,UP,UP,0.0,0.9669604948474131,0.014761073570525075,0.15160977110703264,UP,FLAT,UP,FLAT,FLAT,FLAT,UP,UP,UP,UP,UP,UP,0.1261590104381669,0.09013188192503602,0.20542679027980634,0.1461083364996631,0.11478786342412325,0.1420549001256131,0.1191467,0.18516462,0.3540562,0.26777914,0.14608762,0.26095966
2026-05-20,test,DOWN,-0.19206875184885064,UP,UP,FLAT,0.0,0.2995621852992514,0.014761073570525075,-0.04918073578676706,DOWN,DOWN,UP,FLAT,FLAT,FLAT,DOWN,FLAT,UP,FLAT,DOWN,UP,-0.05248221122166246,-0.04890236171640043,0.05002461883589808,0.07001027108292532,0.02337502198462616,0.15594406391784207,-0.10513821,-0.060869552,0.11608294,0.1756034,-0.1156367,0.07046544
2026-05-21,test,FLAT,-0.06787714497846764,UP,DOWN,FLAT,0.0,-0.19206875184885064,0.014761073570525075,-0.06913023607257573,DOWN,DOWN,DOWN,FLAT,DOWN,FLAT,DOWN,DOWN,DOWN,DOWN,DOWN,DOWN,-0.024264470840147566,-0.09284576697296767,-0.06098013305221179,-0.11596073326249928,-0.034675936972980846,-0.0330773359385681,-0.066073716,-0.062354248,-0.09899136,-0.07746192,-5.034094e-05,-0.06590883
2026-05-22,test,UP,0.24865794106396777,UP,FLAT,FLAT,0.0,-0.06787714497846764,0.014761073570525075,0.09331873706693161,UP,DOWN,UP,FLAT,DOWN,DOWN,UP,UP,UP,UP,UP,UP,0.07294153633932568,0.002258327021323692,0.07893013983546279,-0.0006723648777320519,0.024663384393343958,0.01778906902282498,0.012029972,-0.01446031,0.010346798,-0.051201224,0.057974495,-0.018491453
2026-05-25,test,UP,0.14664413231422202,UP,UP,FLAT,0.0,0.24865794106396777,0.014761073570525075,0.05372497036393489,UP,DOWN,UP,FLAT,UP,FLAT,UP,DOWN,UP,UP,UP,UP,0.04781425552332371,-0.033013880403335055,0.09949168836398618,0.02383242681907398,0.11240525528741897,0.12352924228972355,0.11120226,0.061453518,0.10146115,0.100668386,0.08512334,0.09243551
2026-05-26,test,UP,0.2589216801691663,UP,UP,FLAT,0.0,0.14664413231422202,0.014761073570525075,-0.04571350571209789,FLAT,FLAT,FLAT,FLAT,FLAT,FLAT,DOWN,FLAT,UP,FLAT,UP,UP,-0.008673594207054791,-0.024639531747901476,-0.0019657538525915588,-0.03996247541225348,0.12107678924150934,0.11230598364066927,0.011562629,0.076629445,0.020296182,0.0823834,0.10286564,0.05469138
2026-05-29,test,UP,0.5270252162764777,UP,UP,FLAT,0.0,0.2589216801691663,0.014761073570525075,0.04318511910459766,FLAT,FLAT,DOWN,FLAT,FLAT,FLAT,UP,FLAT,DOWN,FLAT,UP,FLAT,0.027883780745293508,0.000580846659046232,-0.04020403510765445,-0.06063327975948844,0.05815072096285756,0.02034231914688184,0.049113363,0.048777595,-0.031508714,0.023834376,0.055094045,-0.005048881
2026-06-02,test,DOWN,-0.11190064391506382,UP,UP,FLAT,0.0,0.5270252162764777,0.014761073570525075,0.07720066703610604,UP,FLAT,DOWN,DOWN,DOWN,FLAT,DOWN,UP,DOWN,DOWN,UP,DOWN,0.04169777444162902,0.043498581783482045,-0.18077909873207695,-0.15939931435846305,0.0823262524091756,-0.08212374854981616,0.022125736,0.08805011,-0.23068966,-0.107362024,0.012959131,-0.11211622
2026-06-03,test,UP,0.37995240434796074,UP,DOWN,FLAT,0.0,-0.11190064391506382,0.014761073570525075,-0.07733460536974736,DOWN,DOWN,UP,FLAT,FLAT,FLAT,DOWN,DOWN,UP,UP,UP,UP,-0.046485727680675167,-0.03897654953971304,0.12075589762465179,0.11916097188015518,0.035763207455856774,0.21112901314964294,0.002849332,0.008349965,0.15265806,0.18192872,0.07557265,0.14401095
2026-06-04,test,UP,0.6005022215314071,UP,UP,FLAT,0.0,0.37995240434796074,0.014761073570525075,0.07601283759017916,UP,FLAT,UP,FLAT,FLAT,FLAT,UP,UP,UP,UP,UP,UP,0.08178954203623508,0.07307570407680115,0.1609770792203514,0.1437619551067323,0.1313997441224982,0.21620629825692503,0.10311894,0.09529626,0.21740249,0.19474217,0.07557183,0.15088868
2026-06-05,test,FLAT,0.0,UP,UP,FLAT,0.0,0.6005022215314071,0.014761073570525075,0.07912447083492863,UP,FLAT,DOWN,FLAT,FLAT,FLAT,FLAT,UP,FLAT,FLAT,FLAT,UP,0.0349544032994353,0.05392870104983746,-0.07911074116974036,-0.059639582443353725,0.0105643607423825,-0.05999853206609498,0.025041882,0.058954693,-0.11857647,-0.011151312,0.05249209,-0.051180776
2026-06-08,test,UP,0.7290835941377694,UP,FLAT,FLAT,0.0,0.0,0.014761073570525075,-0.08759404689826168,DOWN,FLAT,UP,UP,DOWN,UP,DOWN,DOWN,UP,UP,UP,UP,-0.045155095459949335,-0.06966180865330342,0.36703299424194064,0.3297422937578307,-0.07974617262714728,0.30456080053534496,-0.0018608391,0.057820424,0.3106893,0.29563728,0.019198706,0.24220291
2026-06-09,test,DOWN,-0.16523467077327325,UP,UP,UP,0.0,0.7290835941377694,0.014761073570525075,0.11318224397008095,UP,FLAT,DOWN,FLAT,FLAT,FLAT,UP,UP,UP,FLAT,UP,DOWN,0.1018170758237612,0.19297667853843062,-0.038449417387256796,0.017582912986074877,0.24660969915710235,0.18529423100936213,0.14977144,0.17786066,-0.025091652,0.01211683,0.12296998,-0.081140965
2026-06-10,test,DOWN,-0.9415222409300483,UP,DOWN,FLAT,0.0,-0.16523467077327325,0.014761073570525075,-0.04336080715749073,DOWN,FLAT,DOWN,FLAT,DOWN,FLAT,DOWN,DOWN,DOWN,DOWN,DOWN,DOWN,-0.0703370342325575,-0.024621895192160244,-0.03454157417357667,0.028350444901223258,-0.022392277422390694,0.07501677500855736,-0.008527408,0.048620988,-0.035563707,-0.02493042,0.012163913,-0.016894236
2026-06-11,test,FLAT,0.05562972996155935,UP,DOWN,DOWN,0.0,-0.9415222409300483,0.014761073570525075,-0.10862245331405665,DOWN,DOWN,UP,FLAT,DOWN,UP,UP,UP,UP,UP,DOWN,UP,-0.08641543271034412,-0.07476892783753829,0.11996507392634691,0.11407928615009377,-0.057371652349701326,0.19337225858729615,0.064139195,-0.07239795,0.15802425,0.08054668,-0.048723478,0.09337463
2026-06-12,test,DOWN,-0.33424352882498454,UP,FLAT,UP,0.0,0.05562972996155935,0.014761073570525075,0.17034767422732977,UP,UP,DOWN,FLAT,UP,FLAT,FLAT,FLAT,DOWN,FLAT,FLAT,FLAT,0.15041214799267413,0.2050269046340756,0.016594500512563747,0.044284875241708585,0.17372909524530852,0.14552894444340375,0.08938939,0.070620924,-0.17566271,0.009977678,0.063331,-0.0560007
2026-06-15,test,DOWN,-1.133569938531842,UP,DOWN,FLAT,0.0,-0.33424352882498454,0.014761073570525075,-0.03733426153630562,DOWN,DOWN,DOWN,DOWN,DOWN,FLAT,UP,FLAT,FLAT,DOWN,UP,DOWN,-0.06892964293555008,-0.14359920345617258,-0.12124876420717093,-0.18516990058518562,-0.03545389660110969,-0.1365157391542087,-0.04427808,0.013127881,-0.11619763,-0.14645676,0.044787623,-0.07301543
2026-06-17,test,UP,0.19170055487283122,UP,DOWN,DOWN,0.0,-1.133569938531842,0.014761073570525075,-0.15381239612478417,DOWN,FLAT,DOWN,FLAT,DOWN,FLAT,DOWN,DOWN,DOWN,DOWN,DOWN,DOWN,-0.14472324327331848,-0.07956703226424382,-0.18544353996760515,-0.13072597833945476,-0.1463602199939194,-0.0844731470891731,-0.0479233,-0.06809941,-0.3244176,-0.29059586,-0.026971469,-0.17671598
2026-06-18,test,UP,0.41035499838635303,UP,UP,UP,0.0,0.19170055487283122,0.014761073570525075,0.2167266477310393,UP,UP,UP,FLAT,UP,UP,UP,UP,UP,UP,UP,UP,0.15773676246806087,0.15096753884719744,0.2742375014325831,0.2415445140720022,0.18392917065102163,0.3260006623837685,0.107759,0.029602092,0.3579742,0.23933324,0.04267549,0.1913627
2026-06-19,test,FLAT,0.0,UP,UP,FLAT,0.0,0.41035499838635303,0.014761073570525075,0.04160300969317818,DOWN,FLAT,UP,FLAT,DOWN,FLAT,UP,FLAT,DOWN,FLAT,UP,UP,-0.015011549538274374,0.02208183509419001,0.08851437300822881,0.09563048033870616,-0.0760080147174024,0.13836537332544424,-0.036827937,0.015182554,-0.00455291,0.029700775,0.036451932,0.03799774
2026-06-22,test,FLAT,-0.03927619632477786,UP,FLAT,DOWN,0.0,0.0,0.014761073570525075,-0.1330348019400493,DOWN,FLAT,DOWN,FLAT,DOWN,FLAT,FLAT,FLAT,FLAT,FLAT,UP,FLAT,-0.059397978552246426,-0.023394885648401705,-0.011891549276081862,0.019078055921807714,-0.003725785742458203,0.08296443131281446,-0.020087209,0.047493003,-0.0067593213,0.009287573,0.018108826,0.04668795
2026-06-23,test,UP,0.2746099744594943,UP,FLAT,FLAT,0.0,-0.03927619632477786,0.014761073570525075,0.06697338851702872,UP,DOWN,UP,FLAT,FLAT,FLAT,UP,UP,UP,UP,UP,UP,0.0348317111696607,0.14652707334992535,0.10520207548425407,0.20922800071712713,0.0969200299592305,0.2700617034445804,0.05608018,0.07760834,0.10252154,0.16458243,0.083595425,0.115129225
2026-06-24,test,UP,0.4857224188173248,UP,UP,UP,0.0,0.2746099744594943,0.014761073570525075,0.10204852050272537,UP,DOWN,UP,UP,FLAT,FLAT,UP,UP,UP,UP,UP,UP,0.048906327718952085,0.07126281846837121,0.19246637265777822,0.24024840425612967,0.09999900492725076,0.32307346244032736,0.094931036,0.13019955,0.14553837,0.24676812,0.08686059,0.193265
2026-06-25,test,FLAT,-0.07242945409533519,UP,UP,FLAT,0.0,0.4857224188173248,0.014761073570525075,-0.0176542465215129,DOWN,DOWN,DOWN,FLAT,FLAT,FLAT,DOWN,FLAT,DOWN,FLAT,DOWN,FLAT,0.013024731138122548,0.03720420197107892,-0.025073783575251356,0.018108768355277007,0.0006467391599626494,0.09455964626797878,-0.054027755,-0.08679534,-0.14618227,-0.08824976,0.0362095,-0.0005002706
2026-06-26,test,UP,0.11140821116661925,UP,FLAT,FLAT,0.0,-0.07242945409533519,0.014761073570525075,-0.05568934235554676,DOWN,DOWN,DOWN,DOWN,DOWN,FLAT,DOWN,FLAT,DOWN,FLAT,UP,FLAT,-0.04926616625909686,-0.11100655260845542,-0.03207794520167465,-0.0681901451905016,-0.04939544583821074,-0.02474439540038985,-0.018927533,-0.021069828,-0.049616277,-0.04100537,0.069524586,-0.03340875
2026-06-29,test,DOWN,-0.5918829049857521,UP,UP,FLAT,0.0,0.11140821116661925,0.014761073570525075,0.08303582500935966,UP,UP,DOWN,FLAT,UP,FLAT,UP,UP,DOWN,UP,UP,UP,0.04879867509813271,0.11234657461162839,-0.010409580447511549,0.0547997541785471,0.10072067406545115,0.13193290167435348,0.07447782,0.10323268,-0.028893508,0.056010976,0.07261986,-0.0064928015
2026-06-30,test,UP,0.24052591654619704,UP,DOWN,FLAT,0.0,-0.5918829049857521,0.014761073570525075,-0.05642885624674587,DOWN,UP,DOWN,DOWN,FLAT,UP,DOWN,UP,DOWN,FLAT,UP,UP,-0.07377888910226957,0.0625405284116503,-0.094154445510482,0.02527709194691583,0.07494833813400682,0.14010228889999224,-0.30367497,0.032923535,-0.29316205,-0.18938054,-0.035624918,-0.11027993
2026-07-01,test,UP,0.34578952469619395,UP,UP,FLAT,0.0,0.24052591654619704,0.014761073570525075,0.07659213101727216,UP,UP,UP,FLAT,DOWN,FLAT,FLAT,FLAT,DOWN,FLAT,FLAT,FLAT,0.09778573233301936,0.08089013346811517,0.06496539874664636,0.056072515747009014,0.06954122771439343,0.0928635251484955,0.013471921,0.012227149,-0.025880674,-0.09940054,0.049695257,-0.027145144
2026-07-02,test,UP,0.18356283836027387,UP,UP,FLAT,0.0,0.34578952469619395,0.014761073570525075,0.04699158705027802,DOWN,DOWN,UP,FLAT,UP,UP,UP,DOWN,UP,FLAT,UP,UP,0.0018394169693839706,-0.03432164214176337,0.0177166143628259,0.02399147883534401,0.0390320756589845,0.11660162930552738,0.0555252,0.00071454333,0.06310246,0.081551865,0.021349832,0.07036072
2026-07-03,test,DOWN,-0.18913061208731818,UP,UP,FLAT,0.0,0.18356283836027387,0.014761073570525075,-0.03526580483404064,DOWN,DOWN,DOWN,DOWN,DOWN,DOWN,FLAT,FLAT,DOWN,FLAT,DOWN,DOWN,-0.02592377631796868,-0.03217299056010254,-0.15119926446981885,-0.14155025087970347,-0.053436992444220364,-0.12129314349015861,-0.018902605,0.016573455,-0.16921765,-0.10169407,0.010514319,-0.116408125
2026-07-06,test,UP,0.2169137923287323,UP,DOWN,FLAT,0.0,-0.18913061208731818,0.014761073570525075,-0.012160525038077977,DOWN,DOWN,DOWN,DOWN,DOWN,DOWN,UP,FLAT,UP,UP,UP,UP,-0.013372039064814578,0.010835760132165992,0.009839527204895422,0.006106816504667087,0.043197578535329725,0.0861982682469412,0.0039381157,0.058555998,0.055443607,0.047477387,0.030198395,0.032478098
2026-07-07,test,FLAT,-0.06113318888800734,UP,UP,FLAT,0.0,0.2169137923287323,0.014761073570525075,0.09074494362096087,UP,UP,DOWN,DOWN,UP,UP,UP,UP,UP,UP,UP,UP,0.06497626811086421,0.1881537665714495,0.029803001770198803,0.14375710495509342,0.16704036026861538,0.2366891258960098,0.11227016,0.15947129,0.049504597,0.08442692,0.112501375,0.046080306
2026-07-08,test,FLAT,0.09446281923768396,UP,FLAT,FLAT,0.0,-0.06113318888800734,0.014761073570525075,-0.029027651306663405,DOWN,DOWN,UP,UP,UP,UP,DOWN,DOWN,UP,UP,DOWN,UP,-0.018115040383261186,-0.016060925317714567,0.11240567073011362,0.11640724394656647,0.07213300238505825,0.2068733367172283,-0.037804455,0.021477852,0.119698815,0.12765354,0.010444285,0.10744589
2026-07-09,test,UP,0.4709802306365418,UP,FLAT,FLAT,0.0,0.09446281923768396,0.014761073570525075,0.00922013985172115,FLAT,FLAT,FLAT,FLAT,FLAT,FLAT,DOWN,FLAT,DOWN,FLAT,DOWN,FLAT,0.02724369855502439,0.07481076238025267,0.06724087876848275,0.08936558833233454,-0.09549249406174412,0.04577748283880421,0.024481516,-0.022419985,0.027253164,0.015656415,0.026251657,-0.025355536
2026-07-10,test,DOWN,-0.11615366775092895,UP,UP,FLAT,0.0,0.4709802306365418,0.014761073570525075,0.08856263193590141,UP,FLAT,DOWN,FLAT,FLAT,FLAT,FLAT,FLAT,DOWN,FLAT,DOWN,FLAT,0.049361060966134684,0.05477571556223343,-0.07956517820085493,-0.08279865836392501,0.016566355680234113,-0.07058521650861312,0.046758115,-0.011110894,-0.1545159,-0.06665571,0.010604972,-0.15322234
2026-07-13,test,UP,0.3425417713977197,UP,DOWN,FLAT,0.0,-0.11615366775092895,0.014761073570525075,-0.061620441737031906,DOWN,DOWN,DOWN,FLAT,FLAT,FLAT,DOWN,DOWN,DOWN,FLAT,DOWN,FLAT,-0.05396245530741297,-0.01910693008045182,-0.04259443640659387,-0.022103298613500726,0.027959248471336275,0.0661835679301328,0.04638588,0.0445022,0.010129123,0.013114991,0.028403206,-0.015850132
2026-07-14,test,DOWN,-0.17664923169373736,UP,UP,FLAT,0.0,0.3425417713977197,0.014761073570525075,0.05822996290357296,UP,UP,UP,FLAT,FLAT,FLAT,UP,UP,UP,UP,DOWN,UP,0.0713604705417895,0.22736009863681728,0.2594149569474465,0.35381710753413104,0.1575288926292096,0.4298969503384956,0.08568643,0.11355308,0.15877709,0.24598703,0.050351482,0.16358955
2026-07-15,test,DOWN,-0.1935680719428845,UP,DOWN,FLAT,0.0,-0.17664923169373736,0.014761073570525075,-0.007793745414526959,DOWN,FLAT,DOWN,FLAT,FLAT,FLAT,DOWN,FLAT,DOWN,FLAT,DOWN,FLAT,-0.02789572876906736,0.09311444092222455,-0.09470749242443069,0.011932592427687187,-0.09438382952565853,0.018825774845239916,0.052418362,0.0722648,-0.041995343,0.010330826,0.044285607,-0.061587658
2026-07-16,test,DOWN,-0.12740619366393702,UP,DOWN,FLAT,0.0,-0.1935680719428845,0.014761073570525075,-0.00960389043066931,UP,DOWN,DOWN,DOWN,FLAT,FLAT,DOWN,FLAT,DOWN,DOWN,DOWN,DOWN,0.018948111733692208,-0.00905418237436621,-0.08343415693071102,-0.10441493730208339,0.07316175578112744,-0.005912208794943195,-0.008154076,0.0133450795,-0.056571357,-0.08774499,0.021869013,-0.10936017
2026-07-17,test,DOWN,-0.5391148252758882,UP,DOWN,FLAT,0.0,-0.12740619366393702,0.014761073570525075,0.035393073385433675,UP,FLAT,UP,FLAT,FLAT,FLAT,UP,FLAT,UP,FLAT,UP,UP,0.0361707726021537,0.08499724696560555,0.12141153829040584,0.1638658357866565,0.09222598920520615,0.27089848710777276,0.091119185,0.11083834,0.1234263,0.15954393,0.06507685,0.118931815
2026-07-20,test,UP,0.17817376651212413,UP,DOWN,FLAT,0.0,-0.5391148252758882,0.014761073570525075,-0.03703650399136513,DOWN,FLAT,UP,FLAT,UP,UP,DOWN,FLAT,FLAT,FLAT,UP,UP,-0.05219960896630491,0.05377793993195587,0.08848137813287649,0.15028024992284975,0.08039667258649369,0.2810977144027571,-0.14527948,0.069976486,-0.0037831008,0.17268552,-0.014216364,0.08988014
2026-07-21,test,DOWN,-0.37341550984262284,UP,UP,FLAT,0.0,0.17817376651212413,0.014761073570525075,0.08227121699427065,UP,FLAT,UP,FLAT,UP,UP,UP,FLAT,FLAT,FLAT,UP,FLAT,0.09042152785389566,0.1877079744033848,0.12053232668748197,0.186692344218899,0.2903510752431335,0.35548382903109016,0.03691119,0.11308118,0.09484068,0.19095744,0.13070364,0.1848704
2026-07-22,test,FLAT,0.0,UP,DOWN,FLAT,0.0,-0.37341550984262284,0.014761073570525075,-0.04508502315382784,DOWN,FLAT,FLAT,FLAT,FLAT,FLAT,UP,FLAT,DOWN,FLAT,DOWN,FLAT,-0.06716155277338208,-0.06709606501066721,-0.04549869758298421,-0.07693646949354473,0.012458102381428197,0.01030453919003286,-0.2713198,-0.07616886,-0.20527539,-0.057750057,-0.084040746,-0.033531282
2026-07-23,test,FLAT,0.03349709723146077,UP,FLAT,FLAT,0.0,0.0,0.014761073570525075,0.03017567615131032,FLAT,FLAT,FLAT,FLAT,FLAT,FLAT,FLAT,UP,DOWN,DOWN,UP,DOWN,0.05615386226210409,0.08968482074847618,0.05353382935660196,0.03881522035103406,0.06186589083623892,0.08934720095826308,0.019701725,0.079258196,-0.04658778,-0.006691547,0.0024584362,-0.018511843
2026-07-24,test,UP,0.32322810129805646,UP,FLAT,FLAT,0.0,0.03349709723146077,0.014761073570525075,0.042521503877868405,UP,UP,UP,UP,DOWN,UP,UP,UP,UP,UP,UP,UP,0.02870836430217711,0.08032457277636684,0.20244071096719907,0.1995314903735561,0.027240302491732205,0.2248631632810603,0.07104425,0.058053583,0.08746803,0.20525807,0.04470319,0.10757572
2026-07-27,test,UP,0.12233097610963029,UP,UP,FLAT,0.0,0.32322810129805646,0.014761073570525075,0.027377257655393117,FLAT,FLAT,FLAT,FLAT,FLAT,FLAT,UP,UP,FLAT,UP,UP,FLAT,0.03202742153443344,0.04043484554950019,-0.019455230751008905,-0.02393421322205586,0.0698647957842002,0.028634121793865104,0.029857734,0.08539604,0.022906542,0.07979242,0.064966954,0.03998895
2026-07-28,test,UP,0.515479344467451,UP,UP,FLAT,0.0,0.12233097610963029,0.014761073570525075,-0.013078254214884004,FLAT,FLAT,FLAT,FLAT,UP,FLAT,FLAT,FLAT,FLAT,FLAT,UP,FLAT,0.001563093899304516,0.041465116748536784,-0.060627950529276366,-0.03190407315065563,0.1222064842537846,0.07411006783803294,0.02690883,0.047122266,-0.018665392,0.037225105,0.062038455,0.06259258
2026-07-29,test,FLAT,-0.005528680028987765,UP,UP,FLAT,0.0,0.515479344467451,0.014761073570525075,0.07250958556508588,FLAT,DOWN,DOWN,DOWN,FLAT,FLAT,DOWN,DOWN,DOWN,DOWN,UP,FLAT,0.05773811215721803,-0.000727238806918773,-0.07593396630270069,-0.12859287029900168,0.09848439494187797,-0.03148284574960345,0.014830812,0.009881919,-0.16489746,-0.12714776,0.045295198,-0.07531026
2026-07-30,test,FLAT,-0.04977187991599408,UP,FLAT,FLAT,0.0,-0.005528680028987765,0.014761073570525075,-0.03188279766516291,DOWN,FLAT,FLAT,FLAT,FLAT,FLAT,UP,UP,DOWN,DOWN,UP,DOWN,-0.021273587238539178,-0.027368562542578155,-0.006939644522227636,-0.023973284307261717,-0.011418251179250638,0.03574579600961661,0.077136934,0.0661468,-0.09923412,-0.08052689,0.049606696,-0.100012586
2026-07-31,test,DOWN,-0.11069294909304972,UP,FLAT,FLAT,0.0,-0.04977187991599408,0.014761073570525075,0.00032761234210320136,FLAT,FLAT,DOWN,DOWN,FLAT,FLAT,UP,DOWN,DOWN,DOWN,UP,DOWN,0.03344704582379601,-0.02156455659355571,-0.2764421734502731,-0.31963674938876546,0.08773250776658054,-0.19457815652708452,0.022623733,-0.023777004,-0.41996756,-0.40294114,-0.0010100435,-0.34038302
2026-08-03,test,DOWN,-0.37171670308051574,UP,DOWN,FLAT,0.0,-0.11069294909304972,0.014761073570525075,0.03645365214705183,UP,UP,DOWN,DOWN,UP,FLAT,UP,UP,DOWN,UP,UP,UP,0.031456183178542575,0.00737813209673529,-0.040626861335111085,-0.05985101042305571,0.12751519993174895,0.06746584232331515,0.075735986,0.11786273,-0.006893365,0.065589055,0.11520556,-0.078151256
2026-08-04,test,UP,0.255357083358021,UP,DOWN,FLAT,0.0,-0.37171670308051574,0.014761073570525075,-0.02465606084624078,DOWN,FLAT,UP,FLAT,UP,UP,FLAT,FLAT,FLAT,UP,DOWN,UP,-0.019291796415592338,-0.05291825299579793,-0.006437033826919103,-0.01611357980499203,-0.0052193428431150084,-0.007353678036829526,-0.096117206,0.038495764,0.036012407,0.18927887,0.0033081903,0.09949234
2026-08-05,test,DOWN,-0.5559585121185151,UP,UP,FLAT,0.0,0.255357083358021,0.014761073570525075,0.07412845269551974,FLAT,UP,FLAT,FLAT,FLAT,FLAT,UP,FLAT,DOWN,FLAT,UP,FLAT,0.08241435855429291,0.07374454816182623,0.007485530238487132,0.004673002540958194,0.13131600006009914,0.09251071950674766,0.060017638,0.041746378,-0.00946027,0.0189561,0.061706297,-0.0073002432
2026-08-06,test,DOWN,-0.10040161485989074,UP,DOWN,FLAT,0.0,-0.5559585121185151,0.014761073570525075,-0.07359799843415651,DOWN,DOWN,DOWN,DOWN,DOWN,DOWN,DOWN,DOWN,DOWN,DOWN,UP,DOWN,-0.09806126022743994,-0.18221070687682667,-0.13993787378301448,-0.22755533147981746,-0.0902137068475574,-0.19792178551509368,-0.40473998,-0.25106585,-0.2957323,-0.2911753,-0.16357596,-0.23696709
2026-08-07,test,FLAT,-0.033489618531312715,UP,DOWN,FLAT,0.0,-0.10040161485989074,0.014761073570525075,0.04823730732060195,UP,DOWN,UP,FLAT,FLAT,FLAT,UP,UP,UP,UP,UP,UP,0.07036522618091492,0.035374520490035456,0.14106687555186875,0.14000108278280346,0.08489340841039741,0.1953120798250201,0.02609483,0.07205488,0.034514032,0.181278,0.05509778,0.12030804
2026-08-10,test,DOWN,-0.6609187270809613,UP,FLAT,FLAT,0.0,-0.033489618531312715,0.014761073570525075,0.04759483880134202,UP,FLAT,DOWN,FLAT,UP,FLAT,UP,UP,UP,UP,UP,UP,0.030865405462694458,0.07642362779644499,-0.0749643069614724,-0.034862111389559094,0.14702977563770253,0.07137674739124461,0.10937761,0.07658628,0.0051502176,0.012654529,0.086386554,0.052535545
2026-08-11,test,UP,0.16283447827181163,UP,DOWN,FLAT,0.0,-0.6609187270809613,0.014761073570525075,-0.093900344719299,DOWN,FLAT,UP,FLAT,FLAT,FLAT,DOWN,FLAT,DOWN,FLAT,UP,UP,-0.08753637726718044,-0.07551499518890191,0.05746814387248051,0.05306786079964047,0.0003735728611961274,0.10997310902251213,-0.18434918,0.03219408,0.051797893,0.09254502,-0.004278764,0.113661
2026-08-12,test,UP,0.29131673263300684,UP,UP,UP,0.0,0.16283447827181163,0.014761073570525075,0.10920231256657625,UP,UP,UP,FLAT,FLAT,FLAT,UP,UP,UP,FLAT,DOWN,FLAT,0.11367115711285115,0.16018226445787184,0.07525757195135045,0.10524079608261347,0.15016364135279658,0.1738906303585893,0.07541817,0.10232964,0.05322856,0.10261595,0.062841296,0.101173885
2026-08-13,test,FLAT,0.033558924192256256,UP,UP,FLAT,0.0,0.29131673263300684,0.014761073570525075,0.049823983345086365,FLAT,DOWN,FLAT,DOWN,FLAT,DOWN,UP,UP,UP,UP,UP,UP,0.013022553521551015,-0.08115060795431063,0.00109621096651699,-0.07390670638818278,-0.004090025752574668,-0.06336350007591628,0.08038256,-0.05323521,0.030804537,0.034347016,0.071441926,0.015981654
2026-08-14,test,DOWN,-0.25757335478964194,UP,FLAT,FLAT,0.0,0.033558924192256256,0.014761073570525075,-0.0680215281394259,FLAT,DOWN,FLAT,DOWN,FLAT,UP,FLAT,DOWN,DOWN,DOWN,UP,DOWN,-0.022341035788970655,-0.1530689530887984,-0.030231035660374446,-0.14038546748241615,0.018039011180087307,-0.06535649807552171,0.03126583,-0.06305905,-0.03000056,-0.06347694,0.090950914,-0.06620071
2026-08-18,test,UP,0.11206994336703247,UP,DOWN,FLAT,0.0,-0.25757335478964194,0.014761073570525075,0.0037222589308923276,UP,UP,DOWN,FLAT,UP,UP,UP,UP,UP,FLAT,UP,UP,0.0011181779527930698,0.07298326084062069,-0.061256317418686486,-0.014222118976743817,0.18669482545485563,0.1650992231940167,0.02938251,0.07410555,-0.0002521446,0.03416725,-0.048194468,0.02123207
2026-08-19,test,FLAT,-0.0672268932882858,UP,UP,FLAT,0.0,0.11206994336703247,0.014761073570525075,0.0928049106170645,UP,FLAT,UP,FLAT,FLAT,FLAT,UP,FLAT,UP,FLAT,FLAT,FLAT,0.07161360517573137,0.07540730985498471,0.12269733494807286,0.1260017716117055,0.0945957800103484,0.16103413332519775,0.0672349,0.11367223,0.035472743,0.07842518,0.07750914,0.042383086
2026-08-20,test,DOWN,-0.36493317315837714,UP,FLAT,FLAT,0.0,-0.0672268932882858,0.014761073570525075,-0.03272034840848541,FLAT,DOWN,DOWN,DOWN,FLAT,DOWN,DOWN,FLAT,DOWN,FLAT,UP,DOWN,-0.004413175973333095,-0.10998164993120786,-0.22871623409718592,-0.283782629428705,0.020275749707927664,-0.23601331043157078,-0.030118283,-0.0005667689,-0.28973103,-0.2491395,0.015713269,-0.27389342
2026-08-21,test,DOWN,-0.4170899970567632,UP,DOWN,FLAT,0.0,-0.36493317315837714,0.014761073570525075,-0.04259375541693805,FLAT,DOWN,UP,FLAT,FLAT,FLAT,FLAT,FLAT,UP,FLAT,DOWN,FLAT,-0.027439394754269465,-0.08974113509983193,0.0606419719364639,-0.008888656325469316,-0.008499205870968798,0.03084245642511675,-0.06443921,-0.029206453,0.09736158,0.06729889,0.0059976433,0.086160176
2026-08-24,test,FLAT,-0.011296882072464598,UP,DOWN,FLAT,0.0,-0.4170899970567632,0.014761073570525075,0.0421560369911155,UP,FLAT,DOWN,FLAT,FLAT,DOWN,DOWN,FLAT,DOWN,FLAT,UP,DOWN,0.008237752848220198,0.0017605089331476278,-0.04266751941555736,-0.05495828844185391,0.09772679134640647,0.014920081738056788,-0.07538084,-0.02095188,-0.23416945,-0.13882326,0.0105942525,-0.14116251
2026-08-26,test,FLAT,0.07905138751578278,UP,FLAT,FLAT,0.0,-0.011296882072464598,0.014761073570525075,0.056208518574345265,FLAT,FLAT,UP,FLAT,FLAT,FLAT,UP,FLAT,UP,UP,UP,UP,0.06032926126432843,0.08338216433478943,0.1022195991767853,0.11982915987784663,0.005513829210704273,0.043901600550906555,0.07958181,0.14823206,0.12214592,0.1846142,0.0796174,0.115553565
2026-08-27,test,UP,0.25367132180118546,UP,FLAT,FLAT,0.0,0.07905138751578278,0.014761073570525075,-0.011025970548375636,FLAT,FLAT,FLAT,FLAT,DOWN,DOWN,UP,FLAT,DOWN,FLAT,UP,FLAT,0.011694031503833262,0.030572353155297778,-0.021314357993791097,0.01734858876050101,-0.08530565285648005,-0.06119779129167483,0.059547327,0.030551456,-0.004822425,0.075336345,-0.033403218,0.021258637
2026-08-28,test,DOWN,-0.33272270931696823,UP,UP,FLAT,0.0,0.25367132180118546,0.014761073570525075,0.02859363744146634,FLAT,FLAT,FLAT,FLAT,DOWN,FLAT,UP,FLAT,DOWN,FLAT,DOWN,FLAT,0.026849159413530294,0.01796786067326961,-0.02061032615866895,-0.027818299979557193,-0.09633745966569454,-0.14509654986641693,0.028396772,0.06085921,-0.056532275,-0.012144037,0.034886647,-0.06752357
2026-08-31,test,UP,0.24260216700042747,UP,DOWN,FLAT,0.0,-0.33272270931696823,0.014761073570525075,-0.032969003661579066,DOWN,FLAT,UP,FLAT,UP,FLAT,DOWN,FLAT,UP,UP,UP,UP,-0.0456647921739783,-0.008798074683048935,0.0938659141125508,0.10605773038263759,0.028155927716319286,0.17095443030468152,0.0027590687,0.022034649,0.2270996,0.22564869,0.10208212,0.22479317
2026-09-01,test,DOWN,-0.10712373814989462,UP,UP,FLAT,0.0,0.24260216700042747,0.014761073570525075,0.0784910303083773,UP,FLAT,FLAT,FLAT,UP,FLAT,UP,FLAT,UP,FLAT,UP,DOWN,0.09159821909571432,0.149400480435927,0.012060231485779374,0.05987153568113171,0.08295685985081411,0.05698663968244317,0.05803278,0.0637014,0.016540037,0.046067037,0.06636156,-0.016076503
