url,title,seendate,domain,language,sourcecountry,theme_family,query_day,seendate_utc,title_source,tone
https://www.reuters.com/business/global-markets-wrapup-3-pix-2021-08-31/,"Stocks notch seven straight months of gains, dollar flat",20210901T000000Z,reuters.com,English,CA,monetary_policy,2021-09-01,2021-09-01 00:00:00+00:00,page_title,-0.242130750605327
https://www.netindian.in/news/national/politics/economic-policies-have-failed-situation-at-1991-level-rahul-gandhi,"Economic policies have failed, situation at 1991 level: Rahul Gandhi",20210901T180000Z,netindian.in,English,IN,monetary_policy,2021-09-01,2021-09-01 18:00:00+00:00,page_title,-2.07852193995381
https://www.taipeitimes.com/News/editorials/archives/2021/09/05/2003763812,The wages of defeat in Afghanistan - Taipei Times,20210904T180000Z,taipeitimes.com,English,AF,diplomacy,2021-09-04,2021-09-04 18:00:00+00:00,page_title,-3.05927342256214
https://www.titusvilleherald.com/news/article_8e7e366b-d987-5c25-9e33-4b1a7e479313.html,The Latest: 4 million cases in Germany since pandemic began,20210905T120000Z,titusvilleherald.com,English,US,diplomacy,2021-09-05,2021-09-05 12:00:00+00:00,page_title,-5.04587155963303
https://www.unionleader.com/news/world/after-jubilation-pakistan-faces-dilemma-as-talibans-takeover-of-afghanistan-inspires-religious-militants/article_9b4f2c90-6c12-5293-991a-847c2567a1bc.html,"After jubilation, Pakistan faces dilemma as Taliban's takeover of Afghanistan inspires religious militants",20210906T000000Z,unionleader.com,English,AF,diplomacy,2021-09-06,2021-09-06 00:00:00+00:00,page_title,-4.12811387900356
https://www.japanherald.com/news/271027691/australian-farmers-under-pressure-from-climate-change,Australian farmers under pressure from climate change,20210906T000000Z,japanherald.com,English,AS,conflict,2021-09-06,2021-09-06 00:00:00+00:00,page_title,-2.12234706616729
https://www.thehindu.com/news/cities/Kochi/poll-petition-against-babu-adjourned/article36327019.ece,Poll petition against Babu adjourned,20210906T180000Z,thehindu.com,English,IN,political_risk,2021-09-06,2021-09-06 18:00:00+00:00,page_title,-4.41176470588235
https://www.khaleejtimes.com/world/rest-of-asia/who-are-the-key-figures-in-the-new-afghan-government,Who are the key figures in the new Afghan government,20210907T180000Z,khaleejtimes.com,English,AF,diplomacy,2021-09-07,2021-09-07 18:00:00+00:00,page_title,1.16279069767442
https://www.wbap.com/2021/09/08/mother-killed-son-critically-injured-after-suspect-runs-red-light-at-high-speed-in-garland/,"Mother Killed, Son Critically Injured After Suspect Runs Red Light at High Speed in Garland",20210908T180000Z,wbap.com,English,US,conflict,2021-09-08,2021-09-08 18:00:00+00:00,page_title,-4.65116279069768
https://kearneyhub.com/news/national/govt-and-politics/bill-to-weed-out-bad-cops-heads-to-california-governor/article_9b4f6860-e996-5f5f-b888-2644b1bcf4da.html,Bill to weed out bad cops heads to California governor,20210909T000000Z,kearneyhub.com,English,US,diplomacy,2021-09-09,2021-09-09 00:00:00+00:00,page_title,-6.37636080870918
https://www.finanznachrichten.de/nachrichten-2021-09/53898318-repligen-corporation-repligen-and-navigo-gmbh-announce-launch-of-industry-first-protein-a-ligand-for-purification-of-ph-sensitive-antibodies-399.htm,Repligen Corporation: Repligen and Navigo GmbH Announce Launch of Industry-First Protein A Ligand for Purification of pH Sensitive Antibodies,20210909T120000Z,finanznachrichten.de,English,US,political_risk,2021-09-09,2021-09-09 12:00:00+00:00,page_title,1.47523709167545
https://www.thailandnews.net/news/271126282/equity-indices-in-red-ril-slips-22-pc,"Equity indices in red, RIL slips 2.2 pc",20210913T060000Z,thailandnews.net,English,IN,monetary_policy,2021-09-13,2021-09-13 06:00:00+00:00,page_title,-1.73010380622837
https://thehill.com/opinion/international/571621-biden-must-act-while-the-crisis-in-afghanistan-is-still-unfolding,Biden must act while the crisis in Afghanistan is still unfolding,20210913T180000Z,thehill.com,English,AF,diplomacy,2021-09-13,2021-09-13 18:00:00+00:00,page_title,-5.78105781057811
https://www.mynspr.org/2021-09-13/the-u-s-capitol-police-will-reinstall-fencing-ahead-of-a-far-right-rally,Capitol Police Are Upping Security Ahead Of A Rally In Support Of The Jan. 6 Rioters,20210914T000000Z,mynspr.org,English,US,political_risk,2021-09-14,2021-09-14 00:00:00+00:00,page_title,-2.85285285285285
https://www.nrtoday.com/ap/icus-are-filled-with-covid-and-regret/article_7108b444-d225-5791-a5c7-c9beb9b67ba7.html,ICUs Are Filled With Covid — And Regret,20210914T120000Z,nrtoday.com,English,US,conflict,2021-09-14,2021-09-14 12:00:00+00:00,page_title,-2.2972972972973
https://www.presstv.ir/Detail/2021/09/14/666523/SIX-ACTS-OF-LIBERATION,Six acts of liberation,20210914T180000Z,presstv.ir,English,IS,diplomacy,2021-09-14,2021-09-14 18:00:00+00:00,page_title,-1.6597510373444
https://gazette.com/news/us-world/futures-tick-higher-but-tax-uncertainty-weak-recovery-weigh/article_92f89887-d4bf-5c0d-983c-5935dcb76644.html,"Futures tick higher, but tax uncertainty, weak recovery weigh",20210915T120000Z,gazette.com,English,CH,monetary_policy,2021-09-15,2021-09-15 12:00:00+00:00,page_title,-4.39276485788114
https://www.nbclosangeles.com/news/national-international/thousands-of-haitian-migrants-converge-on-texas-border-town/2695389/,Thousands of Haitian Migrants Converge on Texas Border Town – NBC Los Angeles,20210918T000000Z,nbclosangeles.com,English,US,conflict,2021-09-18,2021-09-18 00:00:00+00:00,page_title,-5.15361744301288
https://www.theguardian.com/environment/2021/sep/20/rich-countries-not-providing-poor-with-pledged-climate-finance-analysis-says,"Rich countries not providing poor with pledged climate finance, analysis says",20210920T000000Z,theguardian.com,English,UK,diplomacy,2021-09-20,2021-09-20 00:00:00+00:00,page_title,-0.595947556615018
https://www.nbcnewyork.com/tag/u-n-general-assembly/,U.N. General Assembly – NBC New York,20210920T060000Z,nbcnewyork.com,English,US,diplomacy,2021-09-20,2021-09-20 06:00:00+00:00,page_title,-2.12765957446809
https://www.newsradio1029.com/news/5-things-to-know-for-september-20-coronavirus-immigration-canada-afghanistan-un/,"5 things to know for September 20: Coronavirus, immigration, Canada, Afghanistan, UN",20210920T120000Z,newsradio1029.com,English,US,monetary_policy,2021-09-20,2021-09-20 12:00:00+00:00,page_title,-4.0
https://www.hillingdontimes.co.uk/news/national/19594478.way-energy-hikes-costs-squeeze-wallet/,The only way is up: How energy hikes and other costs could squeeze your wallet,20210921T120000Z,hillingdontimes.co.uk,English,UK,monetary_policy,2021-09-21,2021-09-21 12:00:00+00:00,page_title,-0.845070422535211
https://rock1017fm.iheart.com/content/2021-09-22-fda-authorize-pfizer-booster-shot-for-adults-over-65/,FDA Authorize Pfizer Booster Shot For Adults Over 65,20210923T060000Z,iheart.com,English,,conflict,2021-09-23,2021-09-23 06:00:00+00:00,page_title,0.0
https://www.globenewswire.com/news-release/2021/09/23/2302508/0/en/Autonio-SingularityDAO-Sign-AI-Licensing-Deal.html,"Autonio, SingularityDAO Sign AI Licensing Deal",20210923T180000Z,globenewswire.com,English,AE,diplomacy,2021-09-23,2021-09-23 18:00:00+00:00,page_title,5.60224089635854
https://www.billboard.com/articles/business/chart-beat/9634965/nathaniel-rateliff-the-night-sweats-survivor-returns-atop-adult-alternative-airplay-chart-with-survivor/,Nathaniel Rateliff & the Night Sweat' 'Survivor' Tops Adult Alternative Airplay,20210923T180000Z,billboard.com,English,,conflict,2021-09-23,2021-09-23 18:00:00+00:00,page_title,-0.709219858156028
https://www.msn.com/en-us/news/politics/testimony-casino-cash-funneled-to-gop-redistricting-update/ar-AAOKZyp,Testimony: casino cash funneled to GOP | Redistricting update,20210924T000000Z,msn.com,English,US,diplomacy,2021-09-24,2021-09-24 00:00:00+00:00,page_title,-1.86915887850467
https://www.graphic.com.gh/international/international-news/china-frees-canadians-after-huawei-boss-released.html,China frees Canadians after Huawei boss released,20210925T120000Z,graphic.com.gh,English,CA,diplomacy,2021-09-25,2021-09-25 12:00:00+00:00,page_title,-5.0761421319797
https://www.theepochtimes.com/central-bank-digital-currencies-can-slash-cross-border-payment-time-bis_4020453.html,Central Bank Digital Currencies Can Slash Cross Border Payment Time: BIS,20210928T120000Z,theepochtimes.com,English,CH,monetary_policy,2021-09-28,2021-09-28 12:00:00+00:00,page_title,-1.80722891566265
https://floridapolitics.com/archives/460474-sunburn-the-morning-read-of-whats-hot-in-florida-politics-10-1-21/,Sunburn — The morning read of what's hot in Florida politics — 10.1.21,20211001T120000Z,floridapolitics.com,English,US,political_risk,2021-10-01,2021-10-01 12:00:00+00:00,page_title,-2.01089233347298
https://www.khq.com/news/one-week-after-anti-mask-protest-two-cda-school-board-members-announce-resignation/article_94987daa-22db-11ec-93e1-7f9113103f64.html,"One week after anti-mask protest, two CDA School Board Members announce resignation",20211001T180000Z,khq.com,English,US,political_risk,2021-10-01,2021-10-01 18:00:00+00:00,page_title,-0.706991358994501
https://www.timesdaily.com/news/nation/georgias-ex-president-arrested-after-returning-home/article_21d81713-2c4c-5fec-b01b-f2bf000887b3.html,Georgia's ex-president arrested after returning home,20211002T000000Z,timesdaily.com,English,GG,political_risk,2021-10-02,2021-10-02 00:00:00+00:00,page_title,0.0
https://www.msn.com/en-us/money/markets/how-much-does-tourism-contribute-toward-a-country-s-economy/ar-AAP3qOX,How Much Does Tourism Contribute Toward a Country's Economy?,20211002T000000Z,msn.com,English,IN,energy,2021-10-02,2021-10-02 00:00:00+00:00,page_title,0.15527950310559
https://www.americasquarterly.org/article/dollarization-cant-save-the-venezuelan-economy/,Dollarization Can't Save the Venezuelan Economy,20211006T000000Z,americasquarterly.org,English,VE,diplomacy,2021-10-06,2021-10-06 00:00:00+00:00,page_title,-1.8161180476731
https://www.wesa.fm/2021-10-07/novelist-abdulrazak-gurnah-wins-the-nobel-prize-in-literature,Novelist Abdulrazak Gurnah wins the Nobel Prize in literature,20211007T120000Z,wesa.fm,English,SW,conflict,2021-10-07,2021-10-07 12:00:00+00:00,page_title,1.99335548172757
https://www.kuna.net.kw/ArticleDetails.aspx?id=3001404&language=en,KUNA : Kuwait oil down to USD 78.56 pb                                                                                                                                                                                                                            - General,20211008T120000Z,kuna.net.kw,English,KU,energy,2021-10-08,2021-10-08 12:00:00+00:00,page_title,-2.29885057471264
https://menafn.com/1102949065/Economics-Prize-wraps-up-unpredictable-Nobel-season&source=140,Economics Prize wraps up unpredictable Nobel season,20211011T120000Z,menafn.com,English,SW,monetary_policy,2021-10-11,2021-10-11 12:00:00+00:00,page_title,3.74531835205993
https://www.gainesville.com/story/opinion/2021/10/11/june-girard-party-fiscal-responsibility-allowed-debt-jump/6089703001/,June Girard: Party of 'fiscal responsibility' allowed debt to jump,20211011T180000Z,gainesville.com,English,US,political_risk,2021-10-11,2021-10-11 18:00:00+00:00,page_title,-1.39082058414464
https://www.record-eagle.com/news/judge-denies-secretary-of-state-jocelyn-bensons-motion-in-dismissed-antrim-election-lawsuit/article_f6e2ba74-2ade-11ec-97cf-ab66c027596e.html,Judge denies Secretary of State Jocelyn Benson's motion in dismissed Antrim election lawsuit,20211012T120000Z,record-eagle.com,English,US,political_risk,2021-10-12,2021-10-12 12:00:00+00:00,page_title,-1.87332738626227
https://www.gizmodo.com.au/2021/10/celebrate-ursula-k-le-guins-legacy-by-reading-a-classic-earthsea-story/,Celebrate Ursula K. Le Guin's Legacy By Reading a Classic Earthsea Story,20211014T000000Z,gizmodo.com.au,English,,energy,2021-10-14,2021-10-14 00:00:00+00:00,page_title,-1.33653701757021
https://www.glasgowtimes.co.uk/news/national/19645755.brussels-preparing-worst-uk-setting-changes-ni-protocol/,Brussels 'preparing for worst' from UK after setting out changes to NI protocol,20211014T000000Z,glasgowtimes.co.uk,English,UK,diplomacy,2021-10-14,2021-10-14 00:00:00+00:00,page_title,0.0
https://www.theatlantic.com/ideas/archive/2021/10/end-police-violence-get-rid-traffic-cop/620378/,"To End Police Violence, Get Rid of the Traffic Cop",20211015T120000Z,theatlantic.com,English,US,political_risk,2021-10-15,2021-10-15 12:00:00+00:00,page_title,-3.52238805970149
https://www.nbcconnecticut.com/news/politics/climate-activists-resume-weeklong-protest-at-capitol/2604950/,Climate Activists Resume Weeklong Protest at Capitol,20211016T000000Z,nbcconnecticut.com,English,US,political_risk,2021-10-16,2021-10-16 00:00:00+00:00,page_title,-3.62756952841596
https://www.dailyecho.co.uk/news/national/19653722.bouncer-shortage-poses-threat-public-safety-warn-nightclubs/,"Bouncer shortage poses 'threat to public safety', warn nightclubs",20211018T000000Z,dailyecho.co.uk,English,UK,conflict,2021-10-18,2021-10-18 00:00:00+00:00,page_title,-2.67489711934156
https://www.kob.com/business-news/bidens-dilemma-satisfying-manchin-risks-losing-other-dems/6273418/?cat=602,Biden's dilemma: Satisfying Manchin risks losing other Dems,20211019T000000Z,kob.com,English,US,energy,2021-10-19,2021-10-19 00:00:00+00:00,page_title,-1.59521435692921
https://k102.iheart.com/featured/amy-james/content/2021-10-21-how-silence-helps-you-negotiate-your-salary-according-to-study/,"How Silence Helps You Negotiate Your Salary, According to Study. | K102",20211021T180000Z,iheart.com,English,,diplomacy,2021-10-21,2021-10-21 18:00:00+00:00,page_title,1.92307692307692
https://siouxcityjournal.com/news/national/court-turkish-halkbank-to-be-charged-in-iran-sanctions-case/article_20194746-d7e1-54ec-9ecf-71605ef03ae3.html,Court: Turkish Halkbank to be charged in Iran sanctions case,20211023T000000Z,siouxcityjournal.com,English,US,political_risk,2021-10-23,2021-10-23 00:00:00+00:00,page_title,-6.85579196217494
https://www.shanghainews.net/news/271555225/over-40-nations-chide-china-at-un-for-atrocities-in-xinjiang,Over 40 nations chide China at UN for atrocities in Xinjiang,20211023T060000Z,shanghainews.net,English,CH,diplomacy,2021-10-23,2021-10-23 06:00:00+00:00,page_title,-2.82776349614396
https://tribune.com.pk/story/2326196/scream-away-your-worries-the-mental-health-benefits-of-horror,Scream away your worries: Mental health benefits of horror,20211024T120000Z,tribune.com.pk,English,US,conflict,2021-10-24,2021-10-24 12:00:00+00:00,page_title,-8.08270676691729
https://www.columbian.com/news/2021/oct/28/biden-dems-get-low-marks-on-spending-talks-ap-norc-poll/,"Biden, Dems get low marks on spending talks: AP-NORC poll",20211028T180000Z,columbian.com,English,US,diplomacy,2021-10-28,2021-10-28 18:00:00+00:00,page_title,-1.58730158730159
http://www.msn.com/en-us/news/politics/overnight-energy-environment-american-clean-power-supreme-court-to-review-power-plant-rule-case/ar-AAQ6Wzm,Overnight Energy & Environment — American Clean Power — Supreme Court to review power plant rule case,20211030T000000Z,msn.com,English,US,diplomacy,2021-10-30,2021-10-30 00:00:00+00:00,page_title,0.594795539033457
https://www.kob.com/national-news/white-house-renews-bid-to-end-remain-in-mexico-policy/6284602/?cat=500,White House renews bid to end 'Remain in Mexico' policy,20211030T000000Z,kob.com,English,US,political_risk,2021-10-30,2021-10-30 00:00:00+00:00,page_title,-3.28227571115974
https://www.eacourier.com/national/entertainment/how-we-saw-it-a-look-back-at-tv-guide-magazine-s-coverage-of-the/article_0af241e6-d182-5a20-9c1a-93c031ef5cf6.html,How We Saw It: A Look Back at TV Guide Magazine's Coverage of The Beatles | Entertainment,20211030T180000Z,eacourier.com,English,US,diplomacy,2021-10-30,2021-10-30 18:00:00+00:00,page_title,1.34932533733133
http://www.msn.com/en-nz/lifestyle/home-and-garden/the-latest-interiors-are-chic-and-eco-friendly/ar-AAQafNN,The latest interiors are chic and eco-friendly,20211101T000000Z,msn.com,English,UK,diplomacy,2021-11-01,2021-11-01 00:00:00+00:00,page_title,-0.46242774566474
https://www.travelweekly.com/Travel-News/Airline-News/Hawaiian-Airlines-to-levy-GDS-surcharge,Hawaiian Airlines to levy GDS surcharge: Travel Weekly,20211102T000000Z,travelweekly.com,English,US,diplomacy,2021-11-02,2021-11-02 00:00:00+00:00,page_title,2.39520958083832
https://www.urdupoint.com/en/miscellaneous/japan-opposition-leader-resigns-after-dismal-1390824.html,Japan Opposition Leader Resigns After Dismal Election Results,20211102T120000Z,urdupoint.com,English,JA,political_risk,2021-11-02,2021-11-02 12:00:00+00:00,page_title,-4.28571428571429
https://www.bruneinews.net/news/271640484/market-exchange-rates-in-china----nov-3,Market exchange rates in China -- Nov. 3,20211103T060000Z,bruneinews.net,English,CH,monetary_policy,2021-11-03,2021-11-03 06:00:00+00:00,page_title,0.0
https://www.nbcphiladelphia.com/tag/illinois/,Tag: Illinois – NBC10 Philadelphia,20211105T000000Z,nbcphiladelphia.com,English,US,political_risk,2021-11-05,2021-11-05 00:00:00+00:00,page_title,-2.15759849906191
https://www.beijingbulletin.com/news/271655432/us-navy-punishes-sub-that-hit-mountain-in-south-china-sea,US Navy punishes sub that hit mountain in South China Sea,20211105T060000Z,beijingbulletin.com,English,US,energy,2021-11-05,2021-11-05 06:00:00+00:00,page_title,-3.46534653465347
https://www.barryanddistrictnews.co.uk/news/national/19696883.german-greens-see-slow-progress-talks-new-government/,German Greens see slow progress in talks on new government,20211105T120000Z,barryanddistrictnews.co.uk,English,GM,diplomacy,2021-11-05,2021-11-05 12:00:00+00:00,page_title,2.04678362573099
https://gadgets.ndtv.com/cryptocurrency/news/crypto-theft-bitcoin-ether-litecon-us-man-twitter-hack-celebrities-us-new-york-2599911,UK Man Accused of Hacking Twitter Accounts of Celebrities Now Charged With Crypto Theft in US,20211105T120000Z,ndtv.com,English,US,political_risk,2021-11-05,2021-11-05 12:00:00+00:00,page_title,-10.9324758842444
https://www.healthcaredive.com/news/drug-price-negotiation-democrat-pharma-impact/609509/,"Democrats' drug pricing plan, while scaled back, could still squeeze pharma top-sellers",20211105T180000Z,healthcaredive.com,English,,monetary_policy,2021-11-05,2021-11-05 18:00:00+00:00,page_title,0.261780104712042
https://www.funkytaurusmedia.com/shop_content.php?coID=3&XTCsid=0b9s3ev8gjekch3l6vmll8b794,Funky Taurus Media  - Music Photo Agency  &  Products,20211106T000000Z,funkytaurusmedia.com,English,US,diplomacy,2021-11-06,2021-11-06 00:00:00+00:00,page_title,0.874755582998868
https://www.biznews.com/global-citizen/2021/11/08/offshore-forex-allowance-deadline,How to make the most of your offshore forex allowance,20211108T060000Z,biznews.com,English,SF,monetary_policy,2021-11-08,2021-11-08 06:00:00+00:00,page_title,1.66512488436633
https://www.christianpost.com:443/news/pastor-saves-congregants-from-gunman-who-attacked-during-prayer.html,Pastor saves congregants from gunman who attacked during prayer,20211109T000000Z,christianpost.com,English,US,conflict,2021-11-09,2021-11-09 00:00:00+00:00,page_title,-1.92616372391653
https://menafn.com/1103139215/Great-Profitable-Runs&source=26,Great Profitable Runs,20211110T120000Z,menafn.com,English,AS,energy,2021-11-10,2021-11-10 12:00:00+00:00,page_title,-0.523012552301255
https://www.wncw.org/2021-11-10/inflation-surges-to-its-highest-since-1990,Inflation surges to its highest since 1990,20211110T180000Z,wncw.org,English,US,political_risk,2021-11-10,2021-11-10 18:00:00+00:00,page_title,-2.30352303523035
https://bearingarms.com/tomknighton/2021/11/11/memphis-police-n52001,Memphis Police Address City's Violent Crime Problem,20211112T060000Z,bearingarms.com,English,US,conflict,2021-11-12,2021-11-12 06:00:00+00:00,page_title,-2.64550264550265
https://www.hawaiitelegraph.com/news/271718738/pikachu-cbd-gummies-review-find-out-the-truth,Pikachu CBD Gummies Review Find out the truth!,20211113T120000Z,hawaiitelegraph.com,English,,energy,2021-11-13,2021-11-13 12:00:00+00:00,page_title,0.524658971668415
https://tribune.com.pk/story/2329340/janni-khel-tribesmen-warn-of-march-on-peshawar,Janni Khel tribesmen warn of march on Peshawar,20211114T060000Z,tribune.com.pk,English,PK,political_risk,2021-11-14,2021-11-14 06:00:00+00:00,page_title,-1.30718954248366
http://www.ecns.cn/news/2021-11-14/detail-ihaswzpc6922265.shtml,COP26 outcome not enough: UN chief,20211114T060000Z,ecns.cn,English,UK,conflict,2021-11-14,2021-11-14 06:00:00+00:00,page_title,0.177304964539007
https://www.journalgazette.net/news/us/20211114/102-died-at-native-american-boarding-school-in-nebraska,102 died at Native American boarding school in Nebraska | US,20211114T180000Z,journalgazette.net,English,US,conflict,2021-11-14,2021-11-14 18:00:00+00:00,page_title,-3.9647577092511
https://www.irishtimes.com/business/energy-and-resources/shell-to-scrap-dual-listing-and-move-tax-residence-to-uk-1.4729038,Shell to scrap dual listing and move tax residence to UK,20211115T120000Z,irishtimes.com,English,NL,political_risk,2021-11-15,2021-11-15 12:00:00+00:00,page_title,-1.96463654223969
https://phys.org/news/2021-11-smart-textiles-high-breathable-fabric.html,"Smart textiles: High performance, breathable fabric to power small electronics",20211115T180000Z,phys.org,English,CH,diplomacy,2021-11-15,2021-11-15 18:00:00+00:00,page_title,0.822368421052631
https://www.ctpost.com/news/article/Democrat-Beto-O-Rourke-running-for-Texas-governor-16621547.php,Democrat Beto O'Rourke running for Texas governor in 2022,20211115T180000Z,ctpost.com,English,US,political_risk,2021-11-15,2021-11-15 18:00:00+00:00,page_title,-2.38290879211175
https://www.nwemail.co.uk/news/national/19718887.boris-johnson-insists-cop26-tipping-point-ending-use-coal-power/,Boris Johnson insists Cop26 is 'tipping point' for ending use of coal power,20211116T000000Z,nwemail.co.uk,English,UK,diplomacy,2021-11-16,2021-11-16 00:00:00+00:00,page_title,-2.02492211838006
https://www.wltx.com/article/news/crime/city-of-orangeburg-reaches-settlement-in-assault-case-involving-public-safety-officer/101-64a42639-841f-4852-9002-7f36af626d3f,Orangeburg settles with man in officer assault case,20211118T000000Z,wltx.com,English,US,conflict,2021-11-18,2021-11-18 00:00:00+00:00,page_title,-2.15633423180593
https://www.tellychakkar.com/tv/tv-news/srishty-rode-attends-ankita-lokhande-s-bachelorette-despite-fractured-leg-211118,Srishty Rode attends Ankita Lokhande's BACHELORETTE despite FRACTURED LEG!,20211118T060000Z,tellychakkar.com,English,IN,conflict,2021-11-18,2021-11-18 06:00:00+00:00,page_title,0.934579439252337
http://www.msn.com/en-us/news/world/a-covid-mega-surge-on-top-of-putin-s-war-is-creating-hell-on-earth/ar-AAQR37F,A COVID Mega-Surge on Top of Putin's War Is Creating Hell on Earth,20211118T120000Z,msn.com,English,UP,conflict,2021-11-18,2021-11-18 12:00:00+00:00,page_title,-6.62650602409639
https://timesofindia.indiatimes.com/city/nagpur/anil-deshmukh-will-be-out-of-jail-soon-get-his-job-back/articleshow/87790192.cms,"Anil Deshmukh will be out of jail soon, get his job back: NCP leader Praful Patel | Nagpur News",20211119T060000Z,indiatimes.com,English,IN,conflict,2021-11-19,2021-11-19 06:00:00+00:00,page_title,-3.87323943661972
https://www.chron.com/news/article/EU-awaits-counterproposals-from-UK-in-Brexit-16634270.php,EU awaits counterproposals from UK in Brexit standoff,20211119T120000Z,chron.com,English,UK,sanctions_trade,2021-11-19,2021-11-19 12:00:00+00:00,page_title,-0.531914893617021
https://www.dw.com/en/venezuela-maduros-ruling-party-sweeps-regional-vote/a-59895475,Venezuela: Maduro′s ruling party sweeps regional vote | News | DW,20211122T060000Z,dw.com,English,US,energy,2021-11-22,2021-11-22 06:00:00+00:00,page_title,-1.89873417721519
https://mondovisione.com/media-and-resources/news/leading-minds-form-innovation-hothouse-to-design-a-new-era-for-gbp-new-green/,"Leading Minds Form Innovation Hothouse To Design A 'New Era For GBP' - New Green Paper, 'New Era For GBP', To Be Launched In February 2022",20211123T120000Z,mondovisione.com,English,UK,diplomacy,2021-11-23,2021-11-23 12:00:00+00:00,page_title,2.01438848920863
https://www.registercitizen.com/business/article/Kellogg-s-to-replace-some-striking-workers-after-16645740.php,Kellogg's to replace some striking workers after talks stall,20211123T180000Z,registercitizen.com,English,US,conflict,2021-11-23,2021-11-23 18:00:00+00:00,page_title,-2.6525198938992
https://news.metal.com/newscontent/101673584/smm-morning-comments-nov-24-base-metals-closed-mixed-with-shfe-lead-registering-biggest-gain,SMM Morning Comments (Nov 24): Base Metals Closed Mixed with SHFE Lead Registering Biggest Gain_SMM,20211124T060000Z,metal.com,English,CH,energy,2021-11-24,2021-11-24 06:00:00+00:00,page_title,-0.249376558603492
https://winnipeg.ctvnews.ca/one-person-injured-in-spence-neighbourhood-altercation-1.5679000,One person injured in Spence neighbourhood altercation,20211124T180000Z,winnipeg.ctvnews.ca,English,US,conflict,2021-11-24,2021-11-24 18:00:00+00:00,page_title,-6.77966101694915
https://www.bangkokpost.com/business/2221279/thai-youth-unemployment-at-new-high,Thai youth unemployment at new high,20211125T000000Z,bangkokpost.com,English,CB,conflict,2021-11-25,2021-11-25 00:00:00+00:00,page_title,-2.56739409499358
https://www.malaymail.com/news/malaysia/2021/11/25/minister-covid-19-self-test-kits-now-available-in-malaysia-for-as-low-as-rm/2023640,Minister: Covid-19 self-test kits now available in Malaysia for as low as RM4.90 | Malaysia,20211125T120000Z,malaymail.com,English,MY,diplomacy,2021-11-25,2021-11-25 12:00:00+00:00,page_title,2.10727969348659
https://www.fox5atlanta.com/news/biden-administration-recommends-overhaul-of-us-oil-and-gas-leasing,Biden administration recommends overhaul of US oil and gas leasing,20211127T000000Z,fox5atlanta.com,English,US,energy,2021-11-27,2021-11-27 00:00:00+00:00,page_title,-0.805152979066023
https://menafn.com/1103261862/Somalia-Uganda-to-Surrender-Entebbe-Airport-to-Chinese-Debt-Snare&source=25,Somalia - Uganda to Surrender Entebbe Airport to Chinese Deb...,20211128T000000Z,menafn.com,English,UG,conflict,2021-11-28,2021-11-28 00:00:00+00:00,page_title,-0.600240096038415
https://swarajyamag.com/insta/economy-to-rebound-strongly-indias-gdp-to-grow-at-93-per-cent-in-fy22-says-moodys,India's GDP To Grow At 9.3 Per Cent In FY22: Moody's,20211129T060000Z,swarajyamag.com,English,IN,monetary_policy,2021-11-29,2021-11-29 06:00:00+00:00,page_title,-0.505050505050506
https://www.wfmz.com/news/ap/ap-business/food-gas-prices-pinch-families-as-inflation-surges-globally/article_928a19ea-9c0a-5c74-b05f-f82200daf478.html,"Food, gas prices pinch families as inflation surges globally",20211129T120000Z,wfmz.com,English,US,political_risk,2021-11-29,2021-11-29 12:00:00+00:00,page_title,-2.27790432801822
https://www.aa.com.tr/en/world/russia-to-be-main-focus-of-nato-foreign-ministers-meeting/2433553,Russia to be main focus of NATO foreign ministers meeting,20211129T120000Z,aa.com.tr,English,LG,diplomacy,2021-11-29,2021-11-29 12:00:00+00:00,page_title,-2.79329608938547
https://www.washingtonexaminer.com/opinion/anthony-fauci-is-just-another-partisan-pundit-now,Anthony Fauci is just another partisan pundit now,20211129T180000Z,washingtonexaminer.com,English,CH,political_risk,2021-11-29,2021-11-29 18:00:00+00:00,page_title,-4.71014492753623
https://www.newsradio1029.com/news/us-tracking-of-virus-variants-has-improved-after-slow-start/,US Tracking of Virus Variants Has Improved After Slow Start,20211130T180000Z,newsradio1029.com,English,US,conflict,2021-11-30,2021-11-30 18:00:00+00:00,page_title,-1.74537987679671
https://knpr.org/npr/2021-11/tvs-dr-oz-enters-pennsylvanias-crucial-senate-race-gop-side,TV's Dr. Oz enters Pennsylvania's crucial Senate race on the GOP side,20211201T000000Z,knpr.org,English,US,political_risk,2021-12-01,2021-12-01 00:00:00+00:00,page_title,-5.15463917525773
https://pjmedia.com/news-and-politics/chris-queen/2021/11/30/supreme-court-determines-the-fate-of-roe-v-wade-starting-this-week-n1537697,Supreme Court Determines the Fate of Roe v. Wade Starting This Week,20211201T000000Z,pjmedia.com,English,US,political_risk,2021-12-01,2021-12-01 00:00:00+00:00,page_title,-4.0
https://www.hospitalitynet.org/news/4107824.html,Two Glion Institute of Higher Education Alumni win the prize of Best Professional Success at the Hospitality Awards 2021,20211201T180000Z,hospitalitynet.org,English,PO,political_risk,2021-12-01,2021-12-01 18:00:00+00:00,page_title,6.00924499229584
https://paultan.org/2020/02/12/2020-proton-x70-ckd-launched-volvo-7dct-15-nm-13-better-economy-more-features-rm95k-to-123k/,2020 Proton X70 CKD launched in Malaysia - RM95k to RM123k,20211202T120000Z,paultan.org,English,CH,monetary_policy,2021-12-02,2021-12-02 12:00:00+00:00,page_title,1.00635593220339
https://www.theargus.co.uk/news/national/19759959.christmas-shoppers-urged-support-small-business-saturday/,Christmas shoppers urged to support Small Business Saturday,20211203T120000Z,theargus.co.uk,English,UK,political_risk,2021-12-03,2021-12-03 12:00:00+00:00,page_title,4.72636815920398
http://tehelka.com/electoral-compulsions-behind-modis-retreat/,Electoral compulsions behind Modi's retreat,20211204T120000Z,tehelka.com,English,IN,political_risk,2021-12-04,2021-12-04 12:00:00+00:00,page_title,-4.98848810437452
https://abc17news.com/politics/national-politics/cnn-us-politics/2021/12/07/10-things-you-didnt-know-are-in-the-democrats-build-back-better-bill/,10 things you didn't know are in the Democrats' Build Back Better bill,20211208T000000Z,abc17news.com,English,US,diplomacy,2021-12-08,2021-12-08 00:00:00+00:00,page_title,-0.509229789942711
https://1190kex.iheart.com/featured/portland-local-news/content/2021-12-07-oregon-covid-19-update-31-new-deaths-945-new-cases/,"Oregon COVID-19 Update: 31 New Deaths, 945 New Cases | News Radio 1190 KEX",20211208T060000Z,iheart.com,English,US,conflict,2021-12-08,2021-12-08 06:00:00+00:00,page_title,-2.30547550432277
https://news.yahoo.com/3-monster-growth-stocks-could-230546238.html,3 Monster Growth Stocks That Could Hit New Highs,20211210T000000Z,yahoo.com,English,US,energy,2021-12-10,2021-12-10 00:00:00+00:00,page_title,0.918484500574053
https://www.msn.com/en-us/news/world/posts-falsely-claim-muslim-journalist-in-sri-lanka-kept-silent-on-pakistan-blasphemy-killing/ar-AARGmxL,Posts falsely claim Muslim journalist in Sri Lanka 'kept silent' on Pakistan blasphemy killing,20211210T120000Z,msn.com,English,CE,political_risk,2021-12-10,2021-12-10 12:00:00+00:00,page_title,-7.57575757575758
https://www.wglr.com/2021/12/10/wisconsin-men-get-probation-in-u-s-capitol-breach/,Wisconsin men get probation in U.S. Capitol breach,20211211T060000Z,wglr.com,English,US,political_risk,2021-12-11,2021-12-11 06:00:00+00:00,page_title,-12.5
https://www.thehindu.com/news/national/rahul-gandhi-jaipur-rally/article37938681.ece,"India a country of Hindus, not Hindutvadis: Rahul Gandhi",20211212T120000Z,thehindu.com,English,CH,monetary_policy,2021-12-12,2021-12-12 12:00:00+00:00,page_title,-1.50214592274678
https://wbhpam.iheart.com/content/2021-12-13-trump-official-said-national-guard-would-protect-jan-6-supporters-report/,Trump Official Said National Guard Would Protect Jan. 6 Supporters: Report,20211213T180000Z,iheart.com,English,US,conflict,2021-12-13,2021-12-13 18:00:00+00:00,page_title,-5.21415270018622
https://www.miragenews.com/sa-leading-world-in-circular-economy-14-december-693367/,SA leading world in circular economy 14 December,20211214T000000Z,miragenews.com,English,AS,diplomacy,2021-12-14,2021-12-14 00:00:00+00:00,page_title,3.26530612244898
https://www.albanyherald.com/news/secretary-of-state-warns-of-misleading-business-registration-mailers/article_3facc4f2-5f55-11ec-b787-ff722329dc4c.html,Secretary of state warns of misleading business registration mailers,20211218T180000Z,albanyherald.com,English,US,conflict,2021-12-18,2021-12-18 18:00:00+00:00,page_title,-0.268817204301075
https://www.classiccountry1070.com/2021/12/20/police-identify-victims-of-fire-truck-crash-in-kansas-city-missouri/,"Police identify victims of fire truck crash in Kansas City, Missouri",20211221T000000Z,classiccountry1070.com,English,,conflict,2021-12-21,2021-12-21 00:00:00+00:00,page_title,-5.3030303030303
https://www.adnkronos.com/karyopharm-and-menarini-group-enter-into-exclusive-license-agreement-to-commercialize-nexpovio-selinexor-in-europe-and-other-key-global-territories_3HjTf4Dm8ln9ics4e9ZBcy,Karyopharm and Menarini Group Enter into Exclusive License Agreement to Commercialize NEXPOVIO® (selinexor) in Europe and Other Key Global Territories,20211221T180000Z,adnkronos.com,English,IC,political_risk,2021-12-21,2021-12-21 18:00:00+00:00,page_title,-3.21683876092137
https://www.indiagazette.com/news/271995323/turkish-lira-rallies-as-erdogan-announces-new-plan-to-protect-savings,Turkish lira rallies as Erdogan announces new plan to protect savings,20211222T000000Z,indiagazette.com,English,TU,political_risk,2021-12-22,2021-12-22 00:00:00+00:00,page_title,1.38888888888889
https://www.zawya.com/mena/en/economy/story/What_is_on_Boris_Johnsons_lengthy_wish_list_this_Christmas-SNG_272301224/,What is on Boris Johnson's lengthy wish list this Christmas?,20211223T060000Z,zawya.com,English,UK,political_risk,2021-12-23,2021-12-23 06:00:00+00:00,page_title,-2.80701754385965
https://buffalonews.com/news/national/govt-and-politics/putin-urges-west-to-act-quickly-to-offer-security-guarantees/article_3123b575-e9a2-5f61-9eca-cbeaa95b34be.html,Putin urges West to act quickly to offer security guarantees,20211223T120000Z,buffalonews.com,English,RS,diplomacy,2021-12-23,2021-12-23 12:00:00+00:00,page_title,-2.13675213675214
https://www.msn.com/en-xl/news/other/german-health-minister-warns-of-omicron-wave-as-first-death-recorded/ar-AAS5JDE,German health minister warns of Omicron wave as first death recorded,20211223T180000Z,msn.com,English,GM,diplomacy,2021-12-23,2021-12-23 18:00:00+00:00,page_title,-1.47058823529412
https://www.southeastasiapost.com/news/272009825/global-action-group-holds-meet-on-afghanistan-speakers-slam-pak-role-in-taliban-takeover,"Global Action Group holds meet on Afghanistan, speakers slam Pak's role in Taliban takeover",20211223T180000Z,southeastasiapost.com,English,PK,diplomacy,2021-12-23,2021-12-23 18:00:00+00:00,page_title,-3.2258064516129
https://www.milfordmirror.com/news/article/People-are-tired-CT-EMS-services-16726014.php,'People are tired': CT EMS services struggling with staffing levels,20211224T120000Z,milfordmirror.com,English,US,conflict,2021-12-24,2021-12-24 12:00:00+00:00,page_title,-1.2093023255814
https://etfdailynews.com/news/apa-nasdaqapa-downgraded-by-zacks-investment-research/,APA (NASDAQ:APA) Downgraded by Zacks Investment Research,20211225T120000Z,etfdailynews.com,English,US,energy,2021-12-25,2021-12-25 12:00:00+00:00,page_title,0.3125
https://zeenews.india.com/india/pm-modi-to-visit-dubai-on-january-6-first-international-trip-of-2022-2422876.html,"PM Modi to visit Dubai on January 6, first international trip in 2022",20211226T180000Z,india.com,English,IN,sanctions_trade,2021-12-26,2021-12-26 18:00:00+00:00,page_title,2.24913494809689
https://www.ksmb.com/news/start-your-week-smart-omicron-desmond-tutu-elizabeth-holmes-myanmar-fitness/,"Start your week smart: Omicron, Desmond Tutu, Elizabeth Holmes, Myanmar, fitness",20211226T180000Z,ksmb.com,English,US,political_risk,2021-12-26,2021-12-26 18:00:00+00:00,page_title,-2.92307692307692
https://timesofindia.indiatimes.com/city/guwahati/assam-push-for-probe-into-giraffe-death/articleshow/88516155.cms,assam:  Assam: Push for probe into giraffe death | Guwahati News,20211227T060000Z,indiatimes.com,English,IN,political_risk,2021-12-27,2021-12-27 06:00:00+00:00,page_title,-5.57491289198606
https://www.bozemandailychronicle.com/ap_news/international/young-south-africans-learn-of-tutus-activism-for-equality/article_f41f02be-4cf7-51fd-b89e-c6bc49c7c338.html,Young South Africans learn of Tutu's activism for equality,20211227T180000Z,bozemandailychronicle.com,English,SF,political_risk,2021-12-27,2021-12-27 18:00:00+00:00,page_title,0.486026731470231
https://wvoc.iheart.com/content/2021-12-30-849-pounds-of-heroin-valued-at-4-million-seized-by-us-navy/,849 Pounds Of Heroin Valued At $4 Million Seized By U.S. Navy,20211230T180000Z,iheart.com,English,AF,conflict,2021-12-30,2021-12-30 18:00:00+00:00,page_title,-1.92307692307692
https://www.msn.com/en-us/news/us/federal-officials-warn-that-january-6-anniversary-may-be-exploited-by-threat-actors-but-cite-no-specific-or-credible-threats/ar-AASkg4D,Federal officials warn that January 6 anniversary 'may be exploited by threat actors' but cite no specific or credible threats,20220101T000000Z,msn.com,English,US,conflict,2022-01-01,2022-01-01 00:00:00+00:00,page_title,-6.64819944598338
https://www.dailymail.co.uk/news/article-10361877/Don-Jr-gets-huge-hug-dad-Donald-NYE-birthday-Mar-Lago.html,Don Jr. gets a huge hug from dad Donald on NYE for his birthday,20220102T060000Z,dailymail.co.uk,English,US,political_risk,2022-01-02,2022-01-02 06:00:00+00:00,page_title,2.26460071513707
https://www.kens5.com/article/news/nation-world/prince-andrew-sexual-assault-lawsuit-domicile-claim/507-afd38a6a-b8a6-4ac2-a6f9-710f943311bc,Prince Andrew lawsuit: Judge rejects claim accuser not in US,20220102T180000Z,kens5.com,English,AS,conflict,2022-01-02,2022-01-02 18:00:00+00:00,page_title,-1.92572214580468
https://www.newstimes.com/news/article/Last-parent-of-a-child-killed-in-1963-church-16743589.php,Last parent of a child killed in 1963 church bombing dies,20220103T000000Z,newstimes.com,English,US,conflict,2022-01-03,2022-01-03 00:00:00+00:00,page_title,-3.1055900621118
https://www.dailymaverick.co.za/article/2022-01-03-africa-ventures-tentatively-into-2022-with-huge-economic-and-political-challenges/,Africa faces huge economic and political challenges in...,20220104T000000Z,dailymaverick.co.za,English,MZ,sanctions_trade,2022-01-04,2022-01-04 00:00:00+00:00,page_title,-3.95387149917628
https://www.straitstimes.com/asia/statement-on-nuclear-weapons-shows-major-powers-can-find-common-ground-china-daily,Statement on nuclear weapons shows major powers can find common ground: China Daily,20220105T060000Z,straitstimes.com,English,CH,diplomacy,2022-01-05,2022-01-05 06:00:00+00:00,page_title,0.576923076923078
https://www.heraldtribune.com/story/opinion/2022/01/05/covid-testing-in-sarasota-an-ordeal-two-local-housing-markets/9081240002/,"COVID testing in Sarasota an ordeal, two local housing markets",20220105T120000Z,heraldtribune.com,English,US,political_risk,2022-01-05,2022-01-05 12:00:00+00:00,page_title,-1.90703218116806
https://www.rte.ie/news/us/2022/0105/1272021-philadelphia-fire-fatalities/,Seven children among 13 killed in Philadelphia fire,20220105T180000Z,rte.ie,English,US,conflict,2022-01-05,2022-01-05 18:00:00+00:00,page_title,-5.46218487394958
https://menafn.com/1103493621/US-Supports-Five-Women-Entrepreneurs-in-Developing-their-Businesses,U.S. Supports Five Women Entrepreneurs in Developing their B...,20220106T000000Z,menafn.com,English,US,energy,2022-01-06,2022-01-06 00:00:00+00:00,page_title,5.66448801742919
https://menafn.com/1103505807/Optimise-your-fleets-performance-without-breaking-the-bank&source=28,Optimise your fleet's performance without breaking the bank,20220108T000000Z,menafn.com,English,,energy,2022-01-08,2022-01-08 00:00:00+00:00,page_title,4.35308343409915
https://www.featureshoot.com/2019/12/a-photojournalist-teaches-us-how-to-make-the-world-better-for-animals/,A Photojournalist Teaches Us How to Make the World Better for Animals,20220109T060000Z,featureshoot.com,English,CA,conflict,2022-01-09,2022-01-09 06:00:00+00:00,page_title,0.845803513337671
https://www.wtvq.com/mobile-home-damaged-by-fire-while-family-at-church/,Mobile home damaged by fire while family at church,20220109T180000Z,wtvq.com,English,,conflict,2022-01-09,2022-01-09 18:00:00+00:00,page_title,-1.58730158730159
https://wjbo.iheart.com/content/2022-01-09-31-victims-of-5-alarm-nyc-fire-face-life-life-threatening-injuries/,Nine Children Among 'At Least 19 People' Dead In 5-Alarm NYC Fire | WJBO Newsradio 1150 AM & 98.7 FM,20220110T000000Z,iheart.com,English,US,conflict,2022-01-10,2022-01-10 00:00:00+00:00,page_title,-4.67289719626168
https://www.abcactionnews.com/news/state/human-trafficking-bill-would-make-paying-for-sex-a-felony-in-florida,Human trafficking bill would make paying for sex a felony,20220111T060000Z,abcactionnews.com,English,,conflict,2022-01-11,2022-01-11 06:00:00+00:00,page_title,-7.88288288288288
https://whp580.iheart.com/content/2022-01-11-gas-prices-expected-to-rise-again-in-region-due-to-world-turmoil/,Gas Prices Expected to Rise Again in Region Due to World Turmoil,20220111T120000Z,iheart.com,English,KZ,energy,2022-01-11,2022-01-11 12:00:00+00:00,page_title,-1.63934426229508
https://www.columbian.com/news/2022/jan/12/prosecutors-charge-18-year-old-with-murder-in-fatal-shooting-during-shoreline-drug-buy/,Prosecutors charge 18-year-old with murder in fatal shooting during Shoreline drug buy,20220112T180000Z,columbian.com,English,,conflict,2022-01-12,2022-01-12 18:00:00+00:00,page_title,-6.87830687830688
https://www.wogx.com/news/some-healthcare-workers-with-covid-19-being-asked-to-work,Some healthcare workers with COVID-19 being asked to work,20220114T060000Z,wogx.com,English,US,conflict,2022-01-14,2022-01-14 06:00:00+00:00,page_title,-1.33037694013304
https://www.bournemouthecho.co.uk/news/19847302.apology-downing-street-party-hours-prince-philips-funeral/,Apology over Downing Street party hours before Prince Philip's funeral,20220114T120000Z,bournemouthecho.co.uk,English,UK,political_risk,2022-01-14,2022-01-14 12:00:00+00:00,page_title,-5.863539445629
https://www.somersetcountygazette.co.uk/news/national/19862798.pms-study-scotland-northern-ireland-bridge-cost-taxpayers-900-000/,"PM's study into Scotland-Northern Ireland bridge cost taxpayers £900,000",20220120T180000Z,somersetcountygazette.co.uk,English,UK,conflict,2022-01-20,2022-01-20 18:00:00+00:00,page_title,-0.970873786407767
https://www.cbn.co.za/news/mining-sector/massive-platinum-project-features-50-pumps/,Massive platinum project features 50 pumps,20220120T180000Z,cbn.co.za,English,US,political_risk,2022-01-20,2022-01-20 18:00:00+00:00,page_title,-0.45662100456621
https://www.stgeorgeutah.com/news/archive/2022/01/22/jmr-passenger-arrested-during-enoch-traffic-stop-after-allegedly-refusing-to-exit-vehicle/,Passenger arrested during Enoch traffic stop after allegedly refusing to exit vehicle,20220123T060000Z,stgeorgeutah.com,English,US,conflict,2022-01-23,2022-01-23 06:00:00+00:00,page_title,-4.1002277904328
https://www.wvlkam.com/news/fox-poll-60-percent-of-voters-say-they-wont-reelect-biden/,Fox Poll: 60 Percent of Voters Say They Won't Reelect Biden,20220124T000000Z,wvlkam.com,English,,political_risk,2022-01-24,2022-01-24 00:00:00+00:00,page_title,-1.92307692307692
https://www.dailymail.co.uk/news/article-10435849/Beto-ORourke-BANS-deeply-unpopular-Biden-Kamala-helping-Texas-governor-bid.html,Beto O'Rourke BANS deeply unpopular Biden and Kamala from helping his Texas governor bid,20220124T180000Z,dailymail.co.uk,English,US,political_risk,2022-01-24,2022-01-24 18:00:00+00:00,page_title,-2.30923694779116
https://worldoil.com/news/2022/1/25/chesapeake-to-buy-chief-for-2-6-billion-as-gas-deals-surge/,World Oil,20220126T000000Z,worldoil.com,English,US,energy,2022-01-26,2022-01-26 00:00:00+00:00,page_title,0.78740157480315
https://www.australiannews.net/news/272232255/infosys-named-the-fastest-growing-it-services-brand-in-the-world-among-top-25-fastest-growing-brands-across-sectors-globally,Infosys named the fastest-growing IT services brand in the world; among top 25 Fastest-Growing Brands across Sectors globally,20220126T120000Z,australiannews.net,English,AS,monetary_policy,2022-01-26,2022-01-26 12:00:00+00:00,page_title,1.92893401015228
https://www.washingtonpost.com/opinions/2022/01/26/west-may-not-be-able-deter-putin-least-he-knows-consequences-will-be-devastating/,Opinion | The West may not be able to deter Putin. But at least he knows the consequences will be devastating.,20220126T180000Z,washingtonpost.com,English,RS,diplomacy,2022-01-26,2022-01-26 18:00:00+00:00,page_title,-4.12087912087912
https://www.wcsufm.org/latest-from-npr/2022-01-26/game-time-the-fed-unveils-a-tougher-plan-to-fight-stubbornly-high-inflation,Game time: The Fed unveils a tougher plan to fight stubbornly high inflation,20220127T000000Z,wcsufm.org,English,US,monetary_policy,2022-01-27,2022-01-27 00:00:00+00:00,page_title,-2.18295218295218
https://www.foxla.com/news/la-councilmember-mike-bonin-drops-bid-for-reelection,LA councilman Mike Bonin drops bid for reelection,20220127T060000Z,foxla.com,English,US,energy,2022-01-27,2022-01-27 06:00:00+00:00,page_title,-1.60213618157543
https://www.cityindex.co.uk/market-analysis/us-open-futures-rebound-after-us-q4-gdp-smashes-forecasts/,US open Futures rebound after US Q4 GDP smashes forecasts,20220127T180000Z,cityindex.co.uk,English,GM,monetary_policy,2022-01-27,2022-01-27 18:00:00+00:00,page_title,-1.84659090909091
http://www.thetidenewsonline.com/2022/01/28/nuprc-cancels-marginal-oil-field-awards-to-33-companies/,NUPRC Cancels Marginal Oil Field Awards To 33 Companies,20220128T060000Z,thetidenewsonline.com,English,NI,energy,2022-01-28,2022-01-28 06:00:00+00:00,page_title,0.553505535055351
https://www.france24.com/en/live-news/20220131-long-haul-covid-patients-find-hope-in-recovery-clinics,Long haul Covid patients find hope in recovery clinics,20220131T060000Z,france24.com,English,US,conflict,2022-01-31,2022-01-31 06:00:00+00:00,page_title,-2.32558139534884
http://apanews.net/en/news/nigerian-press-spotlights-buharis-pledge-to-hand-over-stable-democracy-others/,"Nigerian press spotlights Buhari's pledge to hand over stable democracy, others",20220201T120000Z,apanews.net,English,NI,energy,2022-02-01,2022-02-01 12:00:00+00:00,page_title,-0.0887311446317658
https://www.israelnationalnews.com/news/321548,Bennett reveals: IDF to use laser interception system in a year,20220201T180000Z,israelnationalnews.com,English,US,diplomacy,2022-02-01,2022-02-01 18:00:00+00:00,page_title,-0.276243093922652
https://economictimes.indiatimes.com/markets/expert-view/goldman-sachss-santanu-sengupta-on-pros-and-cons-of-budget-2022/articleshow/89314792.cms,Budget 2022 Pros and Cons: Goldman Sachs's Santanu Sengupta on pros and cons of Budget 2022,20220203T060000Z,indiatimes.com,English,IN,monetary_policy,2022-02-03,2022-02-03 06:00:00+00:00,page_title,-0.723763570566948
https://www.jdsupra.com/legalnews/it-s-now-easier-for-alleged-joint-9313839/,It's now easier for alleged joint employers to compel arbitration | McAfee & Taft,20220204T000000Z,jdsupra.com,English,US,diplomacy,2022-02-04,2022-02-04 00:00:00+00:00,page_title,-1.82119205298013
https://www.inverness-courier.co.uk/news/fresh-blow-for-scottish-households-as-water-bills-rise-265091/,Household water bills across Scotland to rise by 4.2 per cent after Scottish water announcement,20220204T120000Z,inverness-courier.co.uk,English,UK,monetary_policy,2022-02-04,2022-02-04 12:00:00+00:00,page_title,-1.24069478908189
https://www.winsfordguardian.co.uk/news/19902995.queens-show-support-heir-throne-charles-future-king/,Queen's show of support for heir to the throne Charles as future king,20220206T060000Z,winsfordguardian.co.uk,English,UK,conflict,2022-02-06,2022-02-06 06:00:00+00:00,page_title,3.56052899287894
https://www.thehindu.com/news/cities/bangalore/road-digging-can-attract-fine/article38400371.ece,Digging up roads in Bengaluru can attract action by police,20220209T060000Z,thehindu.com,English,IN,diplomacy,2022-02-09,2022-02-09 06:00:00+00:00,page_title,-4.04040404040404
https://www.nbcsandiego.com/news/business/money-report/japan-stocks-set-for-higher-start-as-investors-await-u-s-inflation-data/2865323/,Japan Stocks Set for Higher Start as Investors Await U.S. Inflation Data,20220210T000000Z,nbcsandiego.com,English,JA,monetary_policy,2022-02-10,2022-02-10 00:00:00+00:00,page_title,-0.651465798045603
https://www.onenewspage.com/topic/Live_A_Live.htm,Live A Live News and Videos | One News Page,20220210T060000Z,onenewspage.com,English,,political_risk,2022-02-10,2022-02-10 06:00:00+00:00,page_title,0.0
https://www.retaildive.com/news/the-hidden-financial-risks-in-retail-supply-chains/618649/,The hidden financial risks in retail supply chains,20220210T180000Z,retaildive.com,English,US,monetary_policy,2022-02-10,2022-02-10 18:00:00+00:00,page_title,-4.56989247311828
https://tribuneonlineng.com/nuj-calls-for-inquest-restitution-over-pms-mishap/,"NUJ calls for inquest, restitution over PMS mishap",20220212T120000Z,tribuneonlineng.com,English,NI,energy,2022-02-12,2022-02-12 12:00:00+00:00,page_title,-5.92417061611374
https://www.zeebiz.com/market-news/news-gold-price-today-yellow-metal-trades-comfortably-above-rs-50k-target-seen-at-rs-50500-178876,"Gold Price Today: Yellow metal trades comfortably above Rs 50K; target seen at Rs 50,500",20220215T060000Z,zeebiz.com,English,IN,energy,2022-02-15,2022-02-15 06:00:00+00:00,page_title,3.00157977883096
https://foreignaffairs.co.nz/2022/02/16/mil-osi-melcor-reit-announces-change-of-transfer-agent/,MIL-OSI: Melcor REIT announces Change of Transfer Agent,20220216T000000Z,foreignaffairs.co.nz,English,CA,monetary_policy,2022-02-16,2022-02-16 00:00:00+00:00,page_title,-1.38248847926267
https://www.apr.org/politics-government/2022-02-17/the-politics-of-getting-to-the-next-phase-of-the-coronavirus-pandemic,The politics of getting to the next phase of the coronavirus pandemic,20220217T120000Z,apr.org,English,US,conflict,2022-02-17,2022-02-17 12:00:00+00:00,page_title,-1.58201498751041
https://www.wyomingnews.com/lifestyles/entertainment/tahar-rahim-joins-napoleon/article_886e5946-6ed3-5ac4-9aa1-492645133101.html,Tahar Rahim joins Napoleon,20220217T120000Z,wyomingnews.com,English,FR,conflict,2022-02-17,2022-02-17 12:00:00+00:00,page_title,1.97368421052632
https://www.business-standard.com/article/economy-policy/cepa-will-safeguard-farmers-boost-food-processing-sectors-goyal-122022101391_1.html,"CEPA will safeguard farmers, boost food processing sectors: Goyal",20220221T180000Z,business-standard.com,English,AS,diplomacy,2022-02-21,2022-02-21 18:00:00+00:00,page_title,4.15162454873646
https://swarajyamag.com/politics/congress-has-taken-our-support-for-granted-time-to-vote-for-yogi-ground-report-from-raebareli,"UP Elections 2022: Congress Has Taken Our Support For Granted, Time To Vote For Yogi: Ground Report From Raebareli",20220222T120000Z,swarajyamag.com,English,IN,political_risk,2022-02-22,2022-02-22 12:00:00+00:00,page_title,-0.277008310249307
https://www.dailymaverick.co.za/opinionista/2022-02-23-the-ancs-developmental-state-has-failed-a-synergistic-approach-is-long-overdue/,The ANC's developmental state has failed — a synerg...,20220224T000000Z,dailymaverick.co.za,English,CH,conflict,2022-02-24,2022-02-24 00:00:00+00:00,page_title,-1.86092066601371
https://www.cnsnews.com/blog/michael-w-chapman/colombia-decriminalizes-abortion-through-6-months-critics-call-it-savagery,"Colombia Decriminalizes Abortion Through 6 Months, Critics Call it 'Savagery'",20220224T000000Z,cnsnews.com,English,CO,political_risk,2022-02-24,2022-02-24 00:00:00+00:00,page_title,-3.17757009345794
https://www.oann.com/stellantis-requests-furlough-scheme-for-melfi-given-truck-strike-chip-shortage/,"Stellantis requests furlough scheme for Melfi given truck strike, chip shortage",20220225T180000Z,oann.com,English,FR,political_risk,2022-02-25,2022-02-25 18:00:00+00:00,page_title,-5.0
https://www.stripes.com/theaters/europe/2022-02-28/ukraine-russian-nuclear-threat-5173436.html,Ukraine slows Russian advance under shadow of nuclear threat,20220228T120000Z,stripes.com,English,UP,diplomacy,2022-02-28,2022-02-28 12:00:00+00:00,page_title,-5.86319218241042
https://www.thehindubusinessline.com/economy/agri-business/govt-mulls-easy-credit-scheme-for-fpos/article65093420.ece,Govt mulls easy credit scheme for FPOs - The Hindu BusinessLine,20220228T180000Z,thehindubusinessline.com,English,,monetary_policy,2022-02-28,2022-02-28 18:00:00+00:00,page_title,2.35756385068762
https://www.naharnet.com/stories/en/288231-nato-says-no-need-to-change-nuclear-alert-level,NATO Says No Need to Change Nuclear Alert Level,20220301T180000Z,naharnet.com,English,RS,diplomacy,2022-03-01,2022-03-01 18:00:00+00:00,page_title,0.709219858156028
http://www.wbiw.com/2022/03/02/nswc-crane-to-offer-navy-technology-for-commercial-applications/,NSWC Crane to offer Navy Technology for Commercial Applications,20220303T000000Z,wbiw.com,English,US,conflict,2022-03-03,2022-03-03 00:00:00+00:00,page_title,5.0314465408805
https://www.weny.com/story/45982443/asian-stocks-rise-after-fed-chair-supports-smaller-rate-hike,Asian stocks rise after Fed chair supports smaller rate hike,20220303T060000Z,weny.com,English,CH,monetary_policy,2022-03-03,2022-03-03 06:00:00+00:00,page_title,-1.14285714285714
https://www.deccanherald.com/international/world-news-politics/pakistan-likely-to-remain-on-fatf-s-grey-list-for-four-more-months-1087917.html,Pakistan likely to remain on FATF's grey list for four more months,20220304T120000Z,deccanherald.com,English,PK,political_risk,2022-03-04,2022-03-04 12:00:00+00:00,page_title,-3.11986863711002
https://www.wutc.org/2022-03-04/the-battle-for-ukraine-could-test-the-limits-of-closer-ties-between-china-and-russia,The battle for Ukraine could test the limits of closer ties between China and Russia,20220304T180000Z,wutc.org,English,US,diplomacy,2022-03-04,2022-03-04 18:00:00+00:00,page_title,-4.7584187408492
https://www.darientimes.com/news/article/How-women-s-inequities-have-worsened-in-CT-16980912.php?t=867afe726c,How officials say women's inequities have worsened in CT during pandemic,20220306T180000Z,darientimes.com,English,US,diplomacy,2022-03-06,2022-03-06 18:00:00+00:00,page_title,-2.19594594594595
https://www.nigeriasun.com/news/272364772/wheat-corn-prices-jump-on-world-markets-due-to-ukraine-war,"Wheat, corn prices jump on world markets due to Ukraine war",20220307T120000Z,nigeriasun.com,English,US,monetary_policy,2022-03-07,2022-03-07 12:00:00+00:00,page_title,-2.69360269360269
https://www.sierraleonetimes.com/news/272372202/fears-for-rising-oil-prices-fail-to-deter-asian-stock-market-investors,Fears for rising oil prices fail to deter Asian stock market investors,20220309T120000Z,sierraleonetimes.com,English,AS,monetary_policy,2022-03-09,2022-03-09 12:00:00+00:00,page_title,-2.85714285714286
https://www.prokerala.com/news/articles/a1256126.html,Sushmita Mukherjee: Today's women are driven by ambition to move ahead in life,20220309T120000Z,prokerala.com,English,IN,energy,2022-03-09,2022-03-09 12:00:00+00:00,page_title,1.66112956810631
https://www.schroders.com/en/nordics/professional-investor/nordic-insights/economics/is-russia-the-new-iran-as-a-result-of-sanctions/,Is Russia the new Iran as a result of sanctions?,20220311T120000Z,schroders.com,English,CH,monetary_policy,2022-03-11,2022-03-11 12:00:00+00:00,page_title,-6.51162790697674
https://www.clydebankpost.co.uk/news/national/19988443.emmanuel-macron-lashes-uk-not-enough-ukraines-refugees/,Emmanuel Macron lashes UK for not doing enough for Ukraine's refugees,20220312T120000Z,clydebankpost.co.uk,English,RS,conflict,2022-03-12,2022-03-12 12:00:00+00:00,page_title,-3.26197757390418
https://apnews.com/press-release/globe-newswire/business-336aedcd1ca0c507ad52e46fbf13c308,SHAREHOLDER ALERT: Pomerantz Law Firm Investigates Claims On Behalf of Investors of Amryt Pharma plc,20220313T000000Z,apnews.com,English,US,political_risk,2022-03-13,2022-03-13 00:00:00+00:00,page_title,-1.59235668789809
https://www.pressandjournal.co.uk/politics/4049918/bank-mulls-rate-hike-amid-inflation-dilemma-caused-by-ukraine-conflict/,Bank mulls rate hike amid inflation dilemma caused by Ukraine conflict,20220313T120000Z,pressandjournal.co.uk,English,RS,energy,2022-03-13,2022-03-13 12:00:00+00:00,page_title,-4.35606060606061
https://www.marketwatch.com/investing/stock/usac,USAC Stock Price | USA Compression Partners L.P. Stock Quote (U.S.: NYSE),20220314T120000Z,marketwatch.com,English,US,energy,2022-03-14,2022-03-14 12:00:00+00:00,page_title,0.0
https://www.etfdailynews.com/2022/03/16/the-bank-of-new-york-mellon-co-nysebk-shares-sold-by-benin-management-corp/,The Bank of New York Mellon Co. (NYSE:BK) Shares Sold by Benin Management CORP,20220316T120000Z,etfdailynews.com,English,BN,political_risk,2022-03-16,2022-03-16 12:00:00+00:00,page_title,1.6359918200409
https://dailypost.ng/2022/03/17/war-zelensky-lists-six-priorities-at-peace-talks-with-russia/,War: Zelensky lists six priorities at peace talks with Russia,20220317T120000Z,dailypost.ng,English,RS,diplomacy,2022-03-17,2022-03-17 12:00:00+00:00,page_title,0.806451612903226
https://www.mirror.co.uk/lifestyle/sex-relationships/my-girlfriends-childhood-trauma-puts-26495249,'My girlfriend's childhood trauma puts a huge strain on our relationship',20220317T180000Z,mirror.co.uk,English,,conflict,2022-03-17,2022-03-17 18:00:00+00:00,page_title,-2.06185567010309
https://www.wbur.org/npr/1087287150/putins-warning-to-anti-war-russians-evokes-stalinist-purges,Putin's warning to anti-war Russians evokes Stalinist purges,20220318T000000Z,wbur.org,English,RS,political_risk,2022-03-18,2022-03-18 00:00:00+00:00,page_title,-6.56565656565657
https://www.warringtonguardian.co.uk/news/20007534.william-kate-face-protests-call-slavery-reparations-jamaica/,William and Kate to face protests and call for slavery reparations in Jamaica,20220321T060000Z,warringtonguardian.co.uk,English,BH,political_risk,2022-03-21,2022-03-21 06:00:00+00:00,page_title,-2.04081632653061
https://fremonttribune.com/news/state-and-regional/crime-and-courts/consultant-recalls-red-flags-surrounding-2016-fortenberry-fundraiser/article_479e7a49-3e2f-51e8-8281-13594fd56461.html,Consultant recalls 'red flags' surrounding 2016 Fortenberry fundraiser,20220322T180000Z,fremonttribune.com,English,US,political_risk,2022-03-22,2022-03-22 18:00:00+00:00,page_title,-2.4983119513842
https://www.penncapital-star.com/blog/pa-lawmakers-unveil-bipartisan-plan-to-prevent-abuse-within-guardianship-system/,Pa. lawmakers unveil bipartisan plan to prevent abuse within guardianship system,20220322T180000Z,penncapital-star.com,English,US,political_risk,2022-03-22,2022-03-22 18:00:00+00:00,page_title,-0.386847195357833
http://today.az/news/regions/217540.html,Today.Az - Turkey's National Security Council to discuss situation in Ukraine and S.Caucasus,20220323T120000Z,today.az,English,AM,conflict,2022-03-23,2022-03-23 12:00:00+00:00,page_title,-0.87719298245614
https://www.hongkongherald.com/news/272417618/the-global-system-for-rating-companies-ethical-credentials-is-meaningless,The global system for rating companies' ethical credentials is meaningless,20220324T120000Z,hongkongherald.com,English,CH,conflict,2022-03-24,2022-03-24 12:00:00+00:00,page_title,-1.21654501216545
https://oilprice.com/Energy/Energy-General/Pressure-Mounts-On-Russias-Oil-Industry.html,Pressure Mounts On Russia's Oil Industry,20220325T180000Z,oilprice.com,English,SA,monetary_policy,2022-03-25,2022-03-25 18:00:00+00:00,page_title,-3.59673024523161
https://www.iraqsun.com/news/272426942/pak-opposition-sees-conspiracy-of-pm-imran-khan-to-cause-bloodshed,Pak opposition sees conspiracy of PM Imran Khan to cause bloodshed,20220327T180000Z,iraqsun.com,English,PK,diplomacy,2022-03-27,2022-03-27 18:00:00+00:00,page_title,-1.03305785123967
https://www.leaderlive.co.uk/news/national/20026688.uup-chief-concedes-will-lose-votes-pulling-anti-protocol-rallies/,UUP chief concedes he will lose votes after pulling out of anti-protocol rallies,20220328T180000Z,leaderlive.co.uk,English,UK,political_risk,2022-03-28,2022-03-28 18:00:00+00:00,page_title,-3.18091451292246
https://www.vanguardngr.com/2022/03/nigerias-terms-of-trade-decline-moderately/,Nigeria's terms of trade decline moderately,20220329T000000Z,vanguardngr.com,English,NI,energy,2022-03-29,2022-03-29 00:00:00+00:00,page_title,-1.19331742243437
https://www.bendbulletin.com/opinion/guest-column-why-people-disapprove-of-president-biden/article_3c9ea7bc-af87-11ec-a6f5-4f8b18f3725e.html,Guest Column: Why people disapprove of President Biden,20220330T060000Z,bendbulletin.com,English,US,energy,2022-03-30,2022-03-30 06:00:00+00:00,page_title,-2.40770465489567
https://www.kfiz.com/governor-evers-orders-flags-flown-at-half-staff-in-fdl-county/,Governor Evers Orders Flags Flown At Half Staff In FDL County – KFIZ News-Talk 1450 AM,20220330T120000Z,kfiz.com,English,US,political_risk,2022-03-30,2022-03-30 12:00:00+00:00,page_title,2.98507462686567
http://www.ukrainianjournal.com/index.php?w=article&id=34881,Ukrainian Journal,20220331T000000Z,ukrainianjournal.com,English,RS,energy,2022-03-31,2022-03-31 00:00:00+00:00,page_title,-4.21052631578947
https://www.artforum.com/print/202204/lea-bertucci-shares-her-top-ten-88121,Lea Bertucci shares her top ten - Artforum International,20220401T060000Z,artforum.com,English,US,diplomacy,2022-04-01,2022-04-01 06:00:00+00:00,page_title,1.20068610634648
https://www.balloon-juice.com/2022/03/31/war-for-ukraine-update-37-the-ukrainian-air-force-has-a-few-important-things-it-would-like-to-share/,Balloon Juice - War for Ukraine Update 37: The Ukrainian Air Force Has a Few Important Things It Would Like To Share,20220401T060000Z,balloon-juice.com,English,UP,diplomacy,2022-04-01,2022-04-01 06:00:00+00:00,page_title,-1.49860843502462
https://twincitiesnewstalk.iheart.com/content/2022-04-01-several-hundred-russians-have-switched-sides-now-fight-for-ukraine/,"'Several Hundred' Russians Have Switched Sides, Now Fight For Ukraine",20220401T180000Z,iheart.com,English,RS,political_risk,2022-04-01,2022-04-01 18:00:00+00:00,page_title,-1.15606936416185
https://www.bgdailynews.com/news/state/arkansas-supreme-court-stays-ruling-against-4-voting-laws/article_d409a5a2-fb69-55e5-bfbc-c31698196a99.html,Arkansas Supreme Court stays ruling against 4 voting laws,20220402T000000Z,bgdailynews.com,English,US,conflict,2022-04-02,2022-04-02 00:00:00+00:00,page_title,-3.8860103626943
https://www.wfmz.com/news/alaskas-leadership-lauds-late-congressman-at-memorial/article_5317a77a-3587-5e65-a1d2-530459c85e81.html,Alaska's leadership lauds late congressman at memorial,20220403T000000Z,wfmz.com,English,US,political_risk,2022-04-03,2022-04-03 00:00:00+00:00,page_title,1.48883374689826
https://www.risingkashmir.com/Parliament-Budget-Session--RS-adjourned-for-the-day-following-repeated-disruptions-over-inflation--fuel-price-hike----103895,"Parliament Budget Session: RS adjourned for the day following repeated disruptions over inflation, fuel price hike",20220404T120000Z,risingkashmir.com,English,IN,energy,2022-04-04,2022-04-04 12:00:00+00:00,page_title,-2.68948655256724
https://www.chanute.com/lifestyles/entertainment/article_37530128-1f22-5f8d-8524-ec989b4d327f.html,Tom Brady ready for new NFL challenge,20220405T180000Z,chanute.com,English,,diplomacy,2022-04-05,2022-04-05 18:00:00+00:00,page_title,4.87804878048781
https://wsau.com/2022/04/05/u-s-senators-want-elevated-and-volatile-west-coast-pump-prices-investigated/,U.S. senators want 'elevated and volatile' West Coast pump prices investigated | WSAU News/Talk 550 AM · 99.9 FM,20220406T000000Z,wsau.com,English,US,energy,2022-04-06,2022-04-06 00:00:00+00:00,page_title,-3.24324324324324
https://www.cbsnews.com/newyork/news/3-elementary-school-students-in-yonkers-hospitalized-after-eating-edible-marijuana/,3 elementary school students in Yonkers hospitalized after eating edible marijuana,20220407T180000Z,cbsnews.com,English,US,conflict,2022-04-07,2022-04-07 18:00:00+00:00,page_title,-3.37078651685393
https://www.france24.com/en/live-news/20220410-macron-seeks-new-term-in-tight-french-vote,Macron seeks new term in tight French vote,20220410T060000Z,france24.com,English,CA,political_risk,2022-04-10,2022-04-10 06:00:00+00:00,page_title,-2.0
https://www.digitaljournal.com/world/syrians-aid-ukrainians-in-ties-forged-by-war/article,Syrians aid Ukrainians in ties forged by war,20220412T060000Z,digitaljournal.com,English,SY,diplomacy,2022-04-12,2022-04-12 06:00:00+00:00,page_title,-3.40285400658617
https://www.shorenewsnetwork.com/2022/04/12/south-dakota-lawmakers-to/,South Dakota lawmakers to vote on impeaching attorney general,20220412T180000Z,shorenewsnetwork.com,English,US,conflict,2022-04-12,2022-04-12 18:00:00+00:00,page_title,-6.58307210031348
https://finance.yahoo.com/news/p2-gold-announces-filing-final-224300442.html,P2 Gold Announces Filing of Final Base Shelf Prospectus,20220413T000000Z,yahoo.com,English,,conflict,2022-04-13,2022-04-13 00:00:00+00:00,page_title,-1.39625802848366
https://www.enca.com/news/watch-kzn-floods-protest-erupts-over-silence-officials,WATCH | KZN Floods | Protest erupts over 'silence' from officials,20220414T120000Z,enca.com,English,SF,political_risk,2022-04-14,2022-04-14 12:00:00+00:00,page_title,-17.0212765957447
https://www.wdef.com/gubernatorial-candidate-david-perdue-speaks-in-catoosa-county/,Gubernatorial Candidate David Perdue speaks in Catoosa County,20220415T000000Z,wdef.com,English,US,monetary_policy,2022-04-15,2022-04-15 00:00:00+00:00,page_title,-2.47524752475248
https://seekingalpha.com/article/4501589-richie-capital-group-q1-2022-letter-to-investors,Richie Capital Group Q1 2022 Letter To Investors,20220415T060000Z,seekingalpha.com,English,GM,monetary_policy,2022-04-15,2022-04-15 06:00:00+00:00,page_title,-1.34288272157565
https://www.wisbar.org/NewsPublications/Pages/General-Article.aspx?ArticleID=29041&source=carousel,"WisBar News: Welcome to 19 New Wisconsin Lawyers, Admission by Bar Exam:",20220415T180000Z,wisbar.org,English,US,conflict,2022-04-15,2022-04-15 18:00:00+00:00,page_title,2.24598930481283
https://www.wfmz.com/news/us-lawmakers-affirm-japan-alliance-eyeing-china-north-korea/article_50415d63-9eb3-5733-acaf-dbecde91a99f.html,"US lawmakers affirm Japan alliance eyeing China, North Korea",20220416T060000Z,wfmz.com,English,US,diplomacy,2022-04-16,2022-04-16 06:00:00+00:00,page_title,-1.33333333333333
https://sputniknews.com/20220416/japans-military-reportedly-fails-to-find-radioactive-parts-of-f-15-jet-crashed-in-january-1094817719.html,Japan's Military Reportedly Fails to Find Radioactive Parts of F-15 Jet Crashed in January,20220416T180000Z,sputniknews.com,English,JA,conflict,2022-04-16,2022-04-16 18:00:00+00:00,page_title,-3.42465753424658
https://www.thehindu.com/news/national/prashant-kishor-briefs-congress-leaders-again/article65333084.ece,Prashant Kishor briefs Congress leaders again,20220418T180000Z,thehindu.com,English,IN,political_risk,2022-04-18,2022-04-18 18:00:00+00:00,page_title,0.0
https://www.esquire.com/news-politics/politics/a39753826/scott-pruitt-senate-epa-administrator/,Trump EPA Chief Scott Pruitt Seeks U.S. Senate Seat Despite Scandals,20220419T000000Z,esquire.com,English,US,conflict,2022-04-19,2022-04-19 00:00:00+00:00,page_title,-2.87610619469027
https://www.forexlive.com/centralbank/more-from-feds-bullard-he-says-there-will-be-no-recession-20220418/,More from Fed's Bullard. He says there will be no recession.,20220419T000000Z,forexlive.com,English,UP,monetary_policy,2022-04-19,2022-04-19 00:00:00+00:00,page_title,-3.44827586206897
https://www.morningstar.com/news/dow-jones/20220419193/emea-morning-briefing-stocks-set-for-tentative-gains-with-fed-policy-in-focus,EMEA Morning Briefing: Stocks Set for Tentative Gains with Fed Policy in Focus,20220419T060000Z,morningstar.com,English,CH,political_risk,2022-04-19,2022-04-19 06:00:00+00:00,page_title,-1.61194029850746
https://www.sfgate.com/news/article/Gun-safety-activists-decry-inaction-as-US-17090905.php,Gun safety activists decry inaction as US shootings surge,20220419T180000Z,sfgate.com,English,US,political_risk,2022-04-19,2022-04-19 18:00:00+00:00,page_title,-3.2258064516129
https://www.torquenews.com/14093/beat-dealerships-their-own-game-car-contract-loophole,Beat Dealerships at Their Own Game with This Car Contract Loophole,20220420T060000Z,torquenews.com,English,US,diplomacy,2022-04-20,2022-04-20 06:00:00+00:00,page_title,-2.35849056603774
https://www.asahi.com/ajw/articles/14602812,"Myanmar military government denies rumors of fuel shortages | The Asahi Shimbun: Breaking News, Japan News and Analysis",20220420T060000Z,asahi.com,English,BM,monetary_policy,2022-04-20,2022-04-20 06:00:00+00:00,page_title,-5.85106382978723
https://menafn.com/1104059501/Procter-Gamble-profits-rise-on-higher-pricing&source=27,Procter & Gamble profits rise on higher pricing,20220420T180000Z,menafn.com,English,RS,monetary_policy,2022-04-20,2022-04-20 18:00:00+00:00,page_title,-0.874635568513119
https://www.ifiberone.com/news/national_news/ex-officer-charged-in-assault-on-mother-driving-near-protest/article_e25e4703-dd1e-51ac-a7b5-3ccca337768b.html,Ex-officer charged in assault on mother driving near protest,20220422T000000Z,ifiberone.com,English,US,conflict,2022-04-22,2022-04-22 00:00:00+00:00,page_title,-6.38977635782748
https://www.joplinglobe.com/opinion/your-view-american-elections-could-take-cue-from-australia/article_c5402c00-bf07-11ec-880c-ab7785507712.html,Your view: American elections could take cue from Australia,20220422T060000Z,joplinglobe.com,English,AS,political_risk,2022-04-22,2022-04-22 06:00:00+00:00,page_title,1.62162162162162
https://www.gazetteandherald.co.uk/news/20085741.boris-johnson-meets-narendra-modi-talks-defence-trade/,Boris Johnson meets with Narendra Modi for talks on defence and trade,20220422T060000Z,gazetteandherald.co.uk,English,RS,energy,2022-04-22,2022-04-22 06:00:00+00:00,page_title,-2.86944045911047
https://www.prnewswire.com/news-releases/study-of-more-than-18-000-patients-finds-exome-sequencing-delivers-higher-diagnostic-rates-for-autism-spectrum-disorders-301532449.html,"Study of More Than 18,000 Patients Finds Exome Sequencing Delivers Higher Diagnostic Rates for Autism Spectrum Disorders",20220426T120000Z,prnewswire.com,English,US,political_risk,2022-04-26,2022-04-26 12:00:00+00:00,page_title,-0.794912559618441
https://www.berkshireeagle.com/ap/national/live-updates-un-chief-calls-for-cease-fire-on-moscow-visit/article_be0ea3e9-cc11-5505-a244-3846ba540e34.html,Live updates | UN chief calls for cease-fire on Moscow visit,20220426T120000Z,berkshireeagle.com,English,UP,diplomacy,2022-04-26,2022-04-26 12:00:00+00:00,page_title,-3.63545816733068
https://www.clevelandstar.com/news/272524437/us-capitol-evacuated-when-not-alerted-of-parachute-demonstration,US Capitol evacuated when not alerted of parachute demonstration,20220428T060000Z,clevelandstar.com,English,US,monetary_policy,2022-04-28,2022-04-28 06:00:00+00:00,page_title,-2.36220472440945
https://www.kacu.org/2022-04-28/what-russia-cutting-off-energy-to-poland-and-bulgaria-means-for-the-world,What Russia cutting off energy to Poland and Bulgaria means for the world,20220428T120000Z,kacu.org,English,RS,monetary_policy,2022-04-28,2022-04-28 12:00:00+00:00,page_title,-3.21151716500554
https://www.middleeaststar.com/news/272529208/lebanon-cracks-human-smuggling-network,Lebanon cracks human smuggling network,20220429T180000Z,middleeaststar.com,English,LE,conflict,2022-04-29,2022-04-29 18:00:00+00:00,page_title,-7.69230769230769
https://www.telegraph.co.uk/news/2022/04/29/home-working-middle-class-remainer-cult/,Home-working is a middle-class Remainer cult,20220429T180000Z,telegraph.co.uk,English,UK,conflict,2022-04-29,2022-04-29 18:00:00+00:00,page_title,-2.0377358490566
https://www.arabherald.com/news/272534266/taliban-chief-hails-victory-in-rare-public-speech-in-afghanistan,"Taliban Chief Hails Victory, in Rare Public Speech in Afghanistan",20220502T000000Z,arabherald.com,English,AF,diplomacy,2022-05-02,2022-05-02 00:00:00+00:00,page_title,-3.81471389645777
https://www.mizzima.com/article/two-more-survivors-pulled-china-building-collapse-dozens-still-missing,"Two more survivors pulled from China building collapse, dozens still missing",20220502T060000Z,mizzima.com,English,CH,political_risk,2022-05-02,2022-05-02 06:00:00+00:00,page_title,-2.17821782178218
https://www.longfordleader.ie/news/home/799587/longford-s-property-market-facing-chronic-undersupply.html,Longford's property market facing chronic 'undersupply',20220502T120000Z,longfordleader.ie,English,EI,monetary_policy,2022-05-02,2022-05-02 12:00:00+00:00,page_title,-1.6
https://www.forbes.com/sites/greatspeculations/2022/05/02/the-founding-of-the-us-is-a-case-study-in-decentralization/,The Founding Of The U.S. Is A Case Study In Decentralization,20220502T180000Z,forbes.com,English,CH,conflict,2022-05-02,2022-05-02 18:00:00+00:00,page_title,0.32258064516129
https://www.chieftain.com/story/travel/airline-news/2022/05/02/spirit-airline-jetblue-frontier-merger/9613214002/,"Spirit Airlines rejects JetBlue offer, clears way for Frontier merger",20220503T000000Z,chieftain.com,English,US,diplomacy,2022-05-03,2022-05-03 00:00:00+00:00,page_title,0.788954635108481
https://www.dailymail.co.uk/news/article-10780263/Leader-Russian-Orthodox-Church-shouldnt-Putins-altar-boy-support-invasion-Ukraine.html,Leader of Russian Orthodox Church shouldn't be 'Putin's altar boy',20220504T000000Z,dailymail.co.uk,English,RS,conflict,2022-05-04,2022-05-04 00:00:00+00:00,page_title,-4.03071017274472
https://www.weekendpost.co.bw/34285/business/absa-bank-botswana-upskills-professionals-in-partnership-with-duke-corporate-education/,Absa Bank Botswana upskills professionals in partnership with Duke Corporate Education,20220504T120000Z,weekendpost.co.bw,English,RS,monetary_policy,2022-05-04,2022-05-04 12:00:00+00:00,page_title,-0.180505415162455
https://www.americamagazine.org/politics-society/2022/05/04/supreme-court-abortion-242929,We have more common ground on abortion than you think. Don't let a Supreme Court leak threaten it.,20220504T180000Z,americamagazine.org,English,US,political_risk,2022-05-04,2022-05-04 18:00:00+00:00,page_title,-2.55555555555556
https://www.rferl.org/a/armenia-protests-pashinian-resignation-karabakh/31835660.html,Dozens Detained In Armenia As Protesters Call For Prime Minister's Resignation,20220505T120000Z,rferl.org,English,UP,energy,2022-05-05,2022-05-05 12:00:00+00:00,page_title,-3.78228782287823
https://www.gobankingrates.com/money/business/starbucks-to-raise-wages-but-not-for-unionized-employees/,"Starbucks to Raise Wages, But Not For Unionized Employees",20220505T180000Z,gobankingrates.com,English,US,diplomacy,2022-05-05,2022-05-05 18:00:00+00:00,page_title,1.89075630252101
https://www.thezimbabwemail.com/main/zimbabweans-vow-to-defy-police-crackdown-ahead-of-planned-uprising/,Zimbabweans vow to defy police crackdown ahead of planned-uprising,20220507T120000Z,thezimbabwemail.com,English,ZI,political_risk,2022-05-07,2022-05-07 12:00:00+00:00,page_title,-5.6390977443609
https://bleedingcool.com/comics/its-free-comic-book-day-in-your-daily-litg-7th-may-2022/,"It's Free Comic Book Day In Your Daily LITG, 7th May 2022",20220507T120000Z,bleedingcool.com,English,,conflict,2022-05-07,2022-05-07 12:00:00+00:00,page_title,5.68862275449102
https://www.grimsbytelegraph.co.uk/news/red-arrows-typhoons-among-top-7066868,Red Arrows and Typhoons among top attractions at Cleethorpes Armed Forces Weekend 2022,20220512T060000Z,grimsbytelegraph.co.uk,English,UK,conflict,2022-05-12,2022-05-12 06:00:00+00:00,page_title,2.50521920668058
https://isp.netscape.com/pf/story/0001/20220512/f980a51dab3412aba611277821e2822b,EU plan aims to help get wheat from Ukraine to the world - Netscape Money & Business,20220512T180000Z,netscape.com,English,AU,energy,2022-05-12,2022-05-12 18:00:00+00:00,page_title,-3.51145038167939
https://www.gobankingrates.com/money/economy/biden-cancels-alaskan-oil-gas-lease-prices-pump/,Biden Cancels Alaskan Oil & Gas Lease – What Does This Mean for Prices at the Pump?,20220513T000000Z,gobankingrates.com,English,US,monetary_policy,2022-05-13,2022-05-13 00:00:00+00:00,page_title,-1.15942028985507
https://madison.com/news/national/asian-shares-bounce-back-shrugging-off-inflation-concerns/article_f5b62173-2a3b-5fb8-a567-1d4e417ca781.html,"Asian shares bounce back, shrugging off inflation concerns",20220513T060000Z,madison.com,English,JA,energy,2022-05-13,2022-05-13 06:00:00+00:00,page_title,-4.38144329896907
https://www.fox43.com/article/tech/elon-musk-twitter-deal-paused/507-11c6b5bd-74fa-4ffc-980d-c8e4c8ae5837,Elon Musk hits pause on plan to buy Twitter,20220513T180000Z,fox43.com,English,RS,political_risk,2022-05-13,2022-05-13 18:00:00+00:00,page_title,-5.51839464882943
https://menafn.com/1104211090/Federal-Judge-Rules-For-MFA-Houston-In-Suit-Over-18Th-Century-Painting-Brought-By-German-Jewish-Owners-Heirs-Who-Claim-Work-Was-Sold-Under-Duress-In-1938&source=29,Federal Judge Rules For MFA Houston In Suit Over 18Th-Centur...,20220514T120000Z,menafn.com,English,US,political_risk,2022-05-14,2022-05-14 12:00:00+00:00,page_title,-1.50068212824011
https://www.romseyadvertiser.co.uk/news/20139843.prescription-charges-frozen-ministers-grapple-cost-of-living-crisis/,Prescription charges frozen as ministers grapple with cost-of-living crisis,20220515T000000Z,romseyadvertiser.co.uk,English,UP,political_risk,2022-05-15,2022-05-15 00:00:00+00:00,page_title,-3.16027088036117
https://www.tivysideadvertiser.co.uk/news/national/20143372.uk-strongly-supports-finland-sweden-joining-nato---truss/,UK 'strongly supports' Finland and Sweden joining Nato – Truss,20220517T000000Z,tivysideadvertiser.co.uk,English,FI,diplomacy,2022-05-17,2022-05-17 00:00:00+00:00,page_title,1.86335403726708
https://news.cgtn.com/news/2022-05-17/What-did-Russia-say-during-the-CSTO-summit--1a6PmdaGh0c/,What did Russia say during the CSTO summit?,20220517T120000Z,cgtn.com,English,CH,political_risk,2022-05-17,2022-05-17 12:00:00+00:00,page_title,-2.34986945169713
https://www.tbsnews.net/economy/banking/dollar-price-crosses-tk100-open-market-421574,Dollar price crosses Tk100 in open market,20220517T120000Z,tbsnews.net,English,BG,monetary_policy,2022-05-17,2022-05-17 12:00:00+00:00,page_title,-2.67857142857143
https://www.yorkdispatch.com/story/news/2022/05/17/biden-hate-will-prevail/50244545/,Biden: 'Hate will not prevail',20220518T000000Z,yorkdispatch.com,English,US,monetary_policy,2022-05-18,2022-05-18 00:00:00+00:00,page_title,-6.48148148148148
https://www.rferl.org/a/russia-debt-default-license-bond/31856913.html,"U.S. Unlikely To Extend License Allowing Russia To Pay Bond Debt, Increasing Possibility Of Default",20220518T180000Z,rferl.org,English,UP,conflict,2022-05-18,2022-05-18 18:00:00+00:00,page_title,-9.59752321981424
https://www.lankabusinessonline.com/we-will-support-govt-in-reinstating-previous-tax-regime-imf-reforms-eran-wickramaratne/,We will support govt in reinstating previous tax regime & IMF reforms: Eran Wickramaratne,20220522T060000Z,lankabusinessonline.com,English,CE,conflict,2022-05-22,2022-05-22 06:00:00+00:00,page_title,-5.82677165354331
https://www.bbc.com/news/world-australia-61546470,Anthony Albanese: Australia's new PM sworn in ahead of Quad meeting,20220523T060000Z,bbc.com,English,AS,political_risk,2022-05-23,2022-05-23 06:00:00+00:00,page_title,0.128700128700129
https://www.yourlocalguardian.co.uk/news/20160302.eco-activists-could-undermine-energy-security-hinder-net-zero-effort/,Eco activists 'could undermine energy security and hinder net-zero effort',20220524T000000Z,yourlocalguardian.co.uk,English,RS,conflict,2022-05-24,2022-05-24 00:00:00+00:00,page_title,-5.20446096654275
https://www.bristolpost.co.uk/news/bristol-news/reality-bristols-cost-living-crisis-7122602,The reality of Bristol's cost of living crisis - from skipping meals to rough sleeping,20220525T060000Z,bristolpost.co.uk,English,UK,diplomacy,2022-05-25,2022-05-25 06:00:00+00:00,page_title,-2.33830845771144
https://hot995.iheart.com/content/2022-05-25-ed-sheeran-announces-hes-dropping-4-new-songs/,Ed Sheeran Announces He's Dropping 4 New Songs,20220526T000000Z,iheart.com,English,UK,conflict,2022-05-26,2022-05-26 00:00:00+00:00,page_title,-1.78571428571429
https://localnews8.com/news/ap-national/2022/05/25/china-wants-10-pacific-nations-to-endorse-sweeping-agreement/,China wants 10 Pacific nations to endorse sweeping agreement,20220526T060000Z,localnews8.com,English,CH,sanctions_trade,2022-05-26,2022-05-26 06:00:00+00:00,page_title,-1.38339920948617
http://english.news.cn/20220527/1eb010a8081845edae3ed41df9a6f1da/c.html,Hungarian govt to impose 2.2 bln USD windfall tax-Xinhua,20220526T180000Z,english.news.cn,English,HU,monetary_policy,2022-05-26,2022-05-26 18:00:00+00:00,page_title,-2.45283018867925
https://www.queerty.com/watch-pastor-stops-city-council-meeting-deliver-vicious-antigay-rant-20220526,WATCH: Pastor stops by city council meeting to deliver vicious antigay rant,20220527T000000Z,queerty.com,English,US,political_risk,2022-05-27,2022-05-27 00:00:00+00:00,page_title,-3.7037037037037
https://www.wwno.org/npr-news/npr-news/2022-05-28/the-u-s-is-uniquely-terrible-at-protecting-children-from-gun-violence,The U.S is uniquely terrible at protecting children from gun violence,20220528T180000Z,wwno.org,English,US,political_risk,2022-05-28,2022-05-28 18:00:00+00:00,page_title,-6.41269841269841
https://www.theepochtimes.com/5-herbs-for-bone-health_1276757.html,5 Herbs for Bone Health,20220530T000000Z,theepochtimes.com,English,IT,diplomacy,2022-05-30,2022-05-30 00:00:00+00:00,page_title,-1.98329853862213
https://insurancenewsnet.com/oarticle/lawsuit-alleges-insurance-department-stalled-enforcement-to-help-commissioners-campaign,Lawsuit alleges Insurance Department stalled enforcement to help commissioner's campaign – InsuranceNewsNet,20220530T120000Z,insurancenewsnet.com,English,US,political_risk,2022-05-30,2022-05-30 12:00:00+00:00,page_title,-6.1377245508982
https://allafrica.com/stories/202205310047.html,Sudan: $20 Million UN Grant for Food Security in Sudan,20220531T060000Z,allafrica.com,English,SU,monetary_policy,2022-05-31,2022-05-31 06:00:00+00:00,page_title,-1.88133140376266
https://www.cbc.ca/news/canada/north/cree-politics-ungava-maitee-labreque-saganash-quebec-solidaire-1.6471548,Activist Maïtée Labrecque-Saganash hopes to become 1st Indigenous woman in Que's legislature,20220531T120000Z,cbc.ca,English,CA,political_risk,2022-05-31,2022-05-31 12:00:00+00:00,page_title,0.591715976331361
https://seekingalpha.com/news/3844062-ecopetrol-surges-after-surprise-colombia-presidential-election-result,Ecopetrol surges after surprise Colombia presidential election result (NYSE:EC),20220531T180000Z,seekingalpha.com,English,CO,energy,2022-05-31,2022-05-31 18:00:00+00:00,page_title,1.42857142857143
https://www.peacefmonline.com/pages/local/social/202205/467750.php,500 Lifeguards Pass Out To Save Lives On The Volta Lake,20220531T180000Z,peacefmonline.com,English,GH,conflict,2022-05-31,2022-05-31 18:00:00+00:00,page_title,2.26130653266332
https://www.dailymail.co.uk/money/markets/article-10875715/New-gas-field-North-Sea-finally-given-thumbs-regulators.html,New gas field in North Sea finally been given thumbs up by regulators,20220602T000000Z,dailymail.co.uk,English,RS,energy,2022-06-02,2022-06-02 00:00:00+00:00,page_title,-1.3550135501355
https://www.finanznachrichten.de/nachrichten-2022-06/56220070-european-markets-finish-higher-on-thursday-020.htm,European Markets Finish Higher On Thursday,20220602T180000Z,finanznachrichten.de,English,FR,monetary_policy,2022-06-02,2022-06-02 18:00:00+00:00,page_title,-1.42857142857143
https://www.tahlequahdailypress.com/natlnewsap/stocks-sink-as-wall-street-eyes-downside-of-solid-jobs-data/article_2ba36a97-a527-578a-9e42-5fb31c4932c5.html,Stocks sink as Wall Street eyes downside of solid jobs data,20220604T000000Z,tahlequahdailypress.com,English,CH,monetary_policy,2022-06-04,2022-06-04 00:00:00+00:00,page_title,-2.98136645962733
https://news.err.ee/1608623059/opposition-mps-hesitant-on-any-prime-minister-no-confidence-motion,Opposition MPs hesitant on any prime minister no-confidence motion,20220608T060000Z,news.err.ee,English,EN,diplomacy,2022-06-08,2022-06-08 06:00:00+00:00,page_title,0.15220700152207
https://www.record-eagle.com/state/high-prices-low-inventory-a-new-norm-for-car-shoppers/article_84aba402-a823-5668-a13e-241e5b27e199.html,"High prices, low inventory, a new norm for car shoppers",20220608T120000Z,record-eagle.com,English,,diplomacy,2022-06-08,2022-06-08 12:00:00+00:00,page_title,0.466200466200466
https://kmmsam.com/the-best-montana-bar-sandwich-i-just-invented-needs-a-menu-home/,The Best Montana Bar Sandwich I Just Invented Needs a Menu Home,20220609T180000Z,kmmsam.com,English,US,energy,2022-06-09,2022-06-09 18:00:00+00:00,page_title,1.25944584382871
https://english.news.cn/northamerica/20220611/f8b5cd32cc72446dbcd36b2abdc3fd79/c.html,Dow plunges 880 points amid hotter-than-expected inflation-Xinhua,20220611T000000Z,english.news.cn,English,,monetary_policy,2022-06-11,2022-06-11 00:00:00+00:00,page_title,-2.56410256410256
https://www.wglt.org/2022-06-14/a-sighting-reveals-extinction-and-climate-change-in-a-single-image,A sighting reveals extinction and climate change in a single image,20220614T120000Z,wglt.org,English,US,conflict,2022-06-14,2022-06-14 12:00:00+00:00,page_title,0.484261501210654
https://hotair.com/ed-morrissey/2022/06/14/incredible-transition-update-gas-prices-officially-smash-eia-record-rise-to-5-107-a-gallon-n476122,"Incredible transition update: Gas prices officially smash EIA record, rise to $5.107 a gallon",20220614T180000Z,hotair.com,English,US,energy,2022-06-14,2022-06-14 18:00:00+00:00,page_title,-1.91605839416058
https://www.msn.com/en-us/news/crime/seven-members-from-texas-part-of-white-nationalist-patriot-front-arrested-in-idaho-near-pride-event/ar-AAYpGjc,Seven members from Texas part of white nationalist Patriot Front arrested in Idaho near Pride event,20220614T180000Z,msn.com,English,US,political_risk,2022-06-14,2022-06-14 18:00:00+00:00,page_title,-3.29218106995885
https://www.freepressjournal.in/india/presidential-polls-you-are-the-firstchoice-mamata-banerjee-tells-sharad-pawar,"Presidential Polls: You are the first choice, Mamata Banerjee tells Sharad Pawar",20220614T180000Z,freepressjournal.in,English,IN,political_risk,2022-06-14,2022-06-14 18:00:00+00:00,page_title,0.966183574879227
https://www.cnn.com/politics/live-news/january-6-hearings-june-9/h_b84a4fc1dc6932ff2afc36e99c5d8170,"Jan. 6 panel says Trump tweet about ""wild"" protest inspired extremists, echoing DOJ allegations",20220616T000000Z,cnn.com,English,US,political_risk,2022-06-16,2022-06-16 00:00:00+00:00,page_title,-3.82873610539317
https://www.ivpressonline.com/news/world/police-amazon-fisherman-confesses-to-killing-missing-pair/article_3f319cc1-a451-5e21-8b57-ea18d841acee.html,Police: Amazon fisherman confesses to killing missing pair,20220616T060000Z,ivpressonline.com,English,BR,conflict,2022-06-16,2022-06-16 06:00:00+00:00,page_title,-4.46168768186227
https://www.abc15.com/news/local-news/federal-interest-rate-increase-to-tackle-inflation-impacts-housing-market,Federal interest rate increase to tackle inflation,20220616T060000Z,abc15.com,English,,monetary_policy,2022-06-16,2022-06-16 06:00:00+00:00,page_title,-0.619834710743802
https://www.msn.com/en-us/news/world/russian-farmers-seek-to-ride-out-western-sanctions/ar-AAYzA4k,Russian farmers seek to ride out Western sanctions,20220617T060000Z,msn.com,English,RS,monetary_policy,2022-06-17,2022-06-17 06:00:00+00:00,page_title,-3.87323943661972
https://www.irishcentral.com/culture/food-drink/irish-cod-fish-cakes-recipe,Irish cod fish cakes recipe from an Irish American Mom,20220617T120000Z,irishcentral.com,English,US,energy,2022-06-17,2022-06-17 12:00:00+00:00,page_title,-0.173913043478261
https://designyoutrust.com/2022/06/ukrainian-artist-paints-old-plates-with-realistic-3d-food/,Ukrainian Artist Paints Old Plates With Realistic 3D Food,20220618T180000Z,designyoutrust.com,English,FR,energy,2022-06-18,2022-06-18 18:00:00+00:00,page_title,1.84049079754601
https://behrend.psu.edu/admissions-financial-aid/undergraduate-admissions/first-year-students,First-Year Students,20220621T120000Z,psu.edu,English,,diplomacy,2022-06-21,2022-06-21 12:00:00+00:00,page_title,0.490196078431372
https://english.aawsat.com/home/article/3718161/britain-launches-free-trade-talks-gulf-countries,Britain Launches Free Trade Talks with Gulf Countries,20220622T120000Z,aawsat.com,English,SA,sanctions_trade,2022-06-22,2022-06-22 12:00:00+00:00,page_title,2.75862068965517
https://www.portclintonnewsherald.com/story/news/politics/elections/2022/06/22/ohio-gas-prices-biden-propose-federal-tax-holiday-dewine-opposes/7697716001/,Ohio gas prices: Biden to propose federal tax holiday. DeWine opposes.,20220622T180000Z,portclintonnewsherald.com,English,US,energy,2022-06-22,2022-06-22 18:00:00+00:00,page_title,-4.67706013363029
https://www.irishexaminer.com/business/economy/arid-40901633.html,"Elderly hit worst by inflation and households are finding it harder to save, says new report",20220623T000000Z,irishexaminer.com,English,UK,sanctions_trade,2022-06-23,2022-06-23 00:00:00+00:00,page_title,-3.18791946308725
https://www.dailyrecord.co.uk/news/scottish-news/scots-would-risk-homelessness-give-27323087,"Scots would rather risk homelessness than give up their pet, survey suggests",20220624T180000Z,dailyrecord.co.uk,English,UK,conflict,2022-06-24,2022-06-24 18:00:00+00:00,page_title,2.03619909502262
https://www.breitbart.com/national-security/2022/06/24/chile-copper-strike-highlights-volatility-green-economy/,Chile Copper Strike Highlights Volatility of Green Economy,20220625T000000Z,breitbart.com,English,CH,sanctions_trade,2022-06-25,2022-06-25 00:00:00+00:00,page_title,-2.86885245901639
https://www.etftrends.com/u-s-stock-etfs-rally-on-hopes-of-a-less-aggressive-fed/,U.S. Stock ETFs Rally on Hopes of a Less Aggressive Fed,20220625T000000Z,etftrends.com,English,US,energy,2022-06-25,2022-06-25 00:00:00+00:00,page_title,-1.98300283286119
https://www.yahoo.com/news/g-7-leaders-set-commit-040540851.html,"G-7 leaders to commit to Ukraine, US sending anti-air system",20220627T060000Z,yahoo.com,English,GM,diplomacy,2022-06-27,2022-06-27 06:00:00+00:00,page_title,0.118063754427391
https://www.oreanda.ru/en/tek/oil-production-in-ecuador-may-be-suspended-for-two-days-due-to-protests/article1435389/,Oil Production in Ecuador May be Suspended for Two Days Due to Protests,20220627T120000Z,oreanda.ru,English,EC,energy,2022-06-27,2022-06-27 12:00:00+00:00,page_title,-5.53191489361702
https://www.chron.com/news/article/Spanish-PM-blames-traffickers-migrants-for-17270284.php,"Spanish PM blames traffickers, migrants for deaths at border",20220628T060000Z,chron.com,English,SP,political_risk,2022-06-28,2022-06-28 06:00:00+00:00,page_title,-7.45341614906832
https://www.thehollywoodgossip.com/2022/06/erika-jayne-im-getting-sooo-much-d-ck-these-days/,Erika Jayne: I'm Getting SOOO Much D-ck These Days!,20220701T000000Z,thehollywoodgossip.com,English,RE,political_risk,2022-07-01,2022-07-01 00:00:00+00:00,page_title,-3.25670498084291
https://www.whec.com/news/to-avoid-blackouts-california-may-tap-fossil-fuel-plants/6514933/?cat=10036,"To avoid blackouts, California may tap fossil fuel plants",20220701T060000Z,whec.com,English,US,energy,2022-07-01,2022-07-01 06:00:00+00:00,page_title,-1.04321907600596
https://www.plenglish.com/news/2022/07/01/nemo-reiterates-support-for-cuba/,NEMO reiterates support for Cuba,20220702T000000Z,plenglish.com,English,CU,political_risk,2022-07-02,2022-07-02 00:00:00+00:00,page_title,-9.47368421052632
https://www.srilankasource.com/news/272608377/sri-lanka-needs-to-pay-587-million-usd-for-planned-fuel-imports,Sri Lanka needs to pay 587 million USD for planned fuel imports,20220703T180000Z,srilankasource.com,English,CE,energy,2022-07-03,2022-07-03 18:00:00+00:00,page_title,-0.78125
https://www.europesun.com/news/272608410/germany-comments-on-potential-security-guarantees-for-kiev,Germany comments on potential security guarantees for Kiev,20220703T180000Z,europesun.com,English,UP,diplomacy,2022-07-03,2022-07-03 18:00:00+00:00,page_title,-0.384615384615385
https://www.kunr.org/u-s-headlines/u-s-headlines/2022-07-04/police-respond-to-a-shooting-at-a-july-fourth-parade-in-a-chicago-suburb,Police respond to a shooting at a July Fourth parade in a Chicago suburb,20220704T180000Z,kunr.org,English,US,conflict,2022-07-04,2022-07-04 18:00:00+00:00,page_title,-3.57142857142857
https://artdaily.com/news/147855/At-the-Met--protest-and-poetry-about-water,"At the Met, protest and poetry about water",20220705T000000Z,artdaily.com,English,US,energy,2022-07-05,2022-07-05 00:00:00+00:00,page_title,1.01626016260163
https://www.chron.com/news/article/Appeals-arguments-set-on-immigrants-brought-to-US-17286688.php,Appeals arguments set on immigrants brought to US as kids,20220706T060000Z,chron.com,English,US,diplomacy,2022-07-06,2022-07-06 06:00:00+00:00,page_title,-2.9082774049217
https://www.bnnbloomberg.ca/euro-zone-faces-recession-with-or-without-gas-cut-off-ing-says-1.1788975,"Euro Zone Faces Recession With or Without Gas Cut-Off, ING Says",20220707T180000Z,bnnbloomberg.ca,English,RS,monetary_policy,2022-07-07,2022-07-07 18:00:00+00:00,page_title,-6.66666666666667
https://www.darientimes.com/news/article/Yellen-to-push-price-cap-on-Russian-oil-during-17291962.php,Yellen to push price cap on Russian oil during Asia visit,20220708T120000Z,darientimes.com,English,US,energy,2022-07-08,2022-07-08 12:00:00+00:00,page_title,-1.85676392572944
https://www.hjnews.com/world/uk-leader-hopefuls-jostle-as-johnson-digs-in-for-final-weeks/article_d582122d-935c-5d8c-b7f5-aef4afb65e8a.html,UK leader hopefuls jostle as Johnson digs in for final weeks,20220708T120000Z,hjnews.com,English,UK,monetary_policy,2022-07-08,2022-07-08 12:00:00+00:00,page_title,-3.55239786856128
https://kstp.com/kstp-news/business-news/moodys-downgrades-mexican-governments-debt-rating/,Moody's downgrades Mexican government's debt rating,20220709T000000Z,kstp.com,English,MX,monetary_policy,2022-07-09,2022-07-09 00:00:00+00:00,page_title,-7.14285714285714
https://www.yorkpress.co.uk/news/20269167.japans-ruling-party-heads-victory-wake-former-pms-death/,Japan's ruling party heads to victory in wake of former PM's death,20220710T180000Z,yorkpress.co.uk,English,JA,conflict,2022-07-10,2022-07-10 18:00:00+00:00,page_title,-1.1968085106383
https://www.gazettetimes.com/corvallis/news/local/froma-harrop-democrats-dont-have-to-be-dumb/article_0479a870-f853-5a5e-9580-1f60c2fc9506.html,Froma Harrop: Democrats Don't Have to Be Dumb,20220710T180000Z,gazettetimes.com,English,US,political_risk,2022-07-10,2022-07-10 18:00:00+00:00,page_title,-5.3125
https://www.joplinglobe.com/region/ap-news-in-brief-at-12-04-a-m-edt/article_65a8f799-ffa3-51e1-8a76-ec9f8d6f4378.html,AP News in Brief at 12:04 a.m. EDT,20220712T060000Z,joplinglobe.com,English,US,diplomacy,2022-07-12,2022-07-12 06:00:00+00:00,page_title,-3.6260375709917
https://www.proactiveinvestors.co.uk/companies/news/987236/today-s-market-view-bushveld-minerals-kefi-gold-and-copper-phoenix-copper-and-more-987236.html,"Today's Market View - Bushveld Minerals, KEFI Gold and Copper, Phoenix Copper, and more...",20220712T120000Z,proactiveinvestors.co.uk,English,CH,political_risk,2022-07-12,2022-07-12 12:00:00+00:00,page_title,0.827586206896552
https://muscatinejournal.com/news/state-and-regional/govt-and-politics/red-flag-laws-doubtful-in-iowa-despite-federal-incentive/article_bbfb4fbb-da75-5b61-bb64-f50d29295e6d.html,'Red flag' laws doubtful in Iowa despite federal incentive | Government & Politics,20220714T000000Z,muscatinejournal.com,English,US,diplomacy,2022-07-14,2022-07-14 00:00:00+00:00,page_title,-3.72670807453416
https://www.news24.com/citypress/trending/late-actress-busi-lurayi-gets-a-saftas-nomination-20220714,Late actress Busi Lurayi gets a Saftas nomination,20220714T120000Z,news24.com,English,FR,conflict,2022-07-14,2022-07-14 12:00:00+00:00,page_title,3.26086956521739
https://www.timesca.com/index.php/component/tags/tag/46-25066-eu-kazakhstan-business-platform-focuses-on-cooperation-in-raw-materials-and-sustainable-mining,Mining,20220716T180000Z,timesca.com,English,KZ,energy,2022-07-16,2022-07-16 18:00:00+00:00,page_title,4.98915401301518
https://mb.com.ph/2022/07/17/economic-concerns-to-continue-weighing-down-stocks/,Economic concerns to continue weighing down stocks,20220717T060000Z,mb.com.ph,English,,monetary_policy,2022-07-17,2022-07-17 06:00:00+00:00,page_title,-2.85714285714286
https://www.msn.com/en-us/news/world/finance-minister-calls-for-cost-of-living-support/ar-AAZGbdJ,Finance minister calls for cost of living support,20220718T060000Z,msn.com,English,UK,political_risk,2022-07-18,2022-07-18 06:00:00+00:00,page_title,-1.06761565836299
https://www.letsrecycle.com/news/eustice-hints-at-delay-over-risks-in-epr-reform/,Eustice hints at delay over 'risks' in EPR reform,20220718T120000Z,letsrecycle.com,English,,monetary_policy,2022-07-18,2022-07-18 12:00:00+00:00,page_title,-3.15398886827458
https://sanangelolive.com/community/obituaries/2022-07-13/cipriano-zamora-fuentes,Cipriano Zamora Fuentes,20220718T180000Z,sanangelolive.com,English,US,conflict,2022-07-18,2022-07-18 18:00:00+00:00,page_title,0.0
https://www.fxstreet.com/news/gold-prices-remains-subdued-around-1710-amidst-a-buoyant-us-dollar-202207201536,Gold price remains subdued around $1710 amidst a buoyant US dollar,20220720T180000Z,fxstreet.com,English,US,monetary_policy,2022-07-20,2022-07-20 18:00:00+00:00,page_title,-1.22282608695652
https://sputniknews.com/20220721/italian-prime-minister-confirms-intention-to-resign-1097643317.html,Italian Prime Minister Confirms Intention to Resign,20220721T120000Z,sputniknews.com,English,IT,diplomacy,2022-07-21,2022-07-21 12:00:00+00:00,page_title,1.04166666666667
https://www.hampshirechronicle.co.uk/news/20296113.parents-brain-damaged-boy-court-appeal-fight/,Parents of brain-damaged boy in Court of Appeal fight,20220721T180000Z,hampshirechronicle.co.uk,English,UK,conflict,2022-07-21,2022-07-21 18:00:00+00:00,page_title,3.16301703163017
https://sunny1065.iheart.com/featured/chris-davis/content/2022-07-21-drug-resistant-prostate-cancer-could-be-killed-off-with-large-dose-of-iron/,Drug-Resistant Prostate Cancer Could Be Killed Off With Large Dose Of Iron | Sunny 106.5,20220722T000000Z,iheart.com,English,US,conflict,2022-07-22,2022-07-22 00:00:00+00:00,page_title,-3.47826086956522
https://www.pentictonherald.ca/news/national_news/article_6d612e39-dca6-5a84-9be8-7327981c49fd.html,"Confronting Pope Francis, Monkeypox experience : In The News for July 22",20220722T120000Z,pentictonherald.ca,English,CA,political_risk,2022-07-22,2022-07-22 12:00:00+00:00,page_title,-3.26991676575505
https://hot1079.iheart.com/content/2022-07-23-demi-lovato-applauds-themself-about-sobriety-its-a-beautiful-thing/,Demi Lovato Applauds Themself About Sobriety: It's 'A Beautiful Thing',20220723T180000Z,iheart.com,English,,diplomacy,2022-07-23,2022-07-23 18:00:00+00:00,page_title,-0.595238095238095
https://www.msn.com/en-in/news/other/tourists-on-vacation-from-morals-not-welcome-says-amsterdam-mayor/ar-AAZSHZ6,"'On vacation from morals': Amsterdam mayor says tourists coming for sex, drugs not welcome",20220723T180000Z,msn.com,English,NL,political_risk,2022-07-23,2022-07-23 18:00:00+00:00,page_title,-0.479616306954437
https://www.aljazeera.com/news/2022/7/25/civilians-in-crossfire-as-shifting-alliances-spark-libya-violence,Civilians in crossfire as shifting alliances spark Libya violence,20220725T180000Z,aljazeera.com,English,LY,diplomacy,2022-07-25,2022-07-25 18:00:00+00:00,page_title,-4.8938134810711
https://www.detroitnews.com/story/business/2022/07/25/financial-markets-stocks-wall-street-monday-tdn/10142506002/,Stocks off to mixed start to week ahead of Fed meeting,20220725T180000Z,detroitnews.com,English,US,conflict,2022-07-25,2022-07-25 18:00:00+00:00,page_title,-1.25391849529781
https://www.heraldscotland.com/politics/20526969.rishi-sunak-liz-truss-clash-repeatedly-bruising-tv-debate/,Rishi Sunak and Liz Truss clash repeatedly in bruising TV debate,20220726T000000Z,heraldscotland.com,English,CH,conflict,2022-07-26,2022-07-26 00:00:00+00:00,page_title,-4.65408805031447
https://en.qantara.de/content/sanctions-against-iran-like-a-slow-poison-injected-into-society,Sanctions against Iran: Like a Slow Poison Injected into Society,20220728T060000Z,en.qantara.de,English,IR,energy,2022-07-28,2022-07-28 06:00:00+00:00,page_title,-7.37527114967462
https://www.parisguardian.com/news/272635891/macron-hosts-saudi-crown-prince-with-oil-iran-rights-on-agenda,"Macron Hosts Saudi Crown Prince With Oil, Iran, Rights on Agenda",20220729T000000Z,parisguardian.com,English,FR,energy,2022-07-29,2022-07-29 00:00:00+00:00,page_title,-1.87793427230047
https://www.rnz.co.nz/news/world/471935/debris-from-chinese-rocket-falls-back-to-earth,Debris from Chinese rocket falls back to Earth,20220731T060000Z,rnz.co.nz,English,CH,conflict,2022-07-31,2022-07-31 06:00:00+00:00,page_title,-2.6431718061674
https://www.dailyadvance.com/news/world/africa-sees-some-artifacts-returned-home-but-seeks-far-more/article_60994f7f-eb3c-55ff-82ae-c635170eefca.html,Africa sees some artifacts returned home but seeks far more,20220731T120000Z,dailyadvance.com,English,BE,political_risk,2022-07-31,2022-07-31 12:00:00+00:00,page_title,-1.40421263791374
https://www.channelstv.com/2022/07/31/umahi-wins-apc-ticket-for-ebonyi-south-senatorial-district/,Umahi Wins APC Ticket For Ebonyi South Senatorial District,20220801T000000Z,channelstv.com,English,NI,political_risk,2022-08-01,2022-08-01 00:00:00+00:00,page_title,3.79746835443038
https://www.indiagazette.com/news/272645823/ex-aicc-spokesperson-dasoju-sravan-joins-bjp,Ex-AICC spokesperson Dasoju Sravan joins BJP,20220807T120000Z,indiagazette.com,English,IN,political_risk,2022-08-07,2022-08-07 12:00:00+00:00,page_title,-3.7463976945245
https://nmpoliticalreport.com/2022/08/07/climate-provisions-part-of-senate-passed-inflation-reduction-act/,Climate provisions part of Senate-passed Inflation Reduction Act,20220808T000000Z,nmpoliticalreport.com,English,US,energy,2022-08-08,2022-08-08 00:00:00+00:00,page_title,1.10062893081761
https://www.jamaicaobserver.com/latest-news/more-ukraine-grain-sets-sail-as-new-strike-hits-nuclear-site/,More Ukraine grain sets sail as new strike hits nuclear site,20220808T180000Z,jamaicaobserver.com,English,UP,energy,2022-08-08,2022-08-08 18:00:00+00:00,page_title,-5.54323725055432
https://www.naharnet.com/stories/en/291727-public-sector-strike-cripples-cash-strapped-lebanon,Public sector strike cripples cash-strapped Lebanon,20220809T120000Z,naharnet.com,English,LE,political_risk,2022-08-09,2022-08-09 12:00:00+00:00,page_title,-2.75988960441582
https://www.dw.com/en/us-charges-iranian-with-plot-to-kill-ex-official-john-bolton/a-62771540,US charges Iranian with ′plot′ to kill ex-official John Bolton | News | DW,20220810T180000Z,dw.com,English,US,diplomacy,2022-08-10,2022-08-10 18:00:00+00:00,page_title,-5.93824228028503
https://www.borehamwoodtimes.co.uk/news/national/20619478.ministers-hold-crunch-talks-energy-bosses-winter-price-hikes/,Ministers to hold crunch talks with energy bosses over winter price hikes,20220811T000000Z,borehamwoodtimes.co.uk,English,UK,energy,2022-08-11,2022-08-11 00:00:00+00:00,page_title,-1.16144018583043
http://en.ce.cn/main/latest/202208/11/t20220811_37954625.shtml,Cuba makes progress in controlling fuel farm fire--China Economic Net,20220811T060000Z,en.ce.cn,English,CU,conflict,2022-08-11,2022-08-11 06:00:00+00:00,page_title,-3.48258706467662
https://www.theusnews.com/news/272649386/russian-missile-scientist-charged-with-passing-secrets-to-china,Russian missile scientist charged with passing secrets to China,20220811T120000Z,theusnews.com,English,US,political_risk,2022-08-11,2022-08-11 12:00:00+00:00,page_title,-3.90625
https://www.forbes.com/sites/chloesorvino/2022/08/12/fresh-take-hunting-invasive-lionfish-in-dominica-a-45-billion-chicken-industry-consolidation-and-the-moldy-grain-coming-out-of-ukraines-black-sea-ports/,"Fresh Take: Hunting Invasive Lionfish In Dominica, A $4.5 Billion Chicken Industry Consolidation, And The Moldy Grain Coming Out Of Ukraine's Black Sea Ports",20220812T180000Z,forbes.com,English,US,conflict,2022-08-12,2022-08-12 18:00:00+00:00,page_title,-0.200400801603206
https://menafn.com/1104689629/Delhi-Police-Bust-Intl-Fake-SIM-Cards-Racket,Delhi Police Bust Int'l Fake SIM Cards Racket,20220812T180000Z,menafn.com,English,IN,political_risk,2022-08-12,2022-08-12 18:00:00+00:00,page_title,-2.37388724035608
https://www.mynews13.com/fl/orlando/ap-top-news/2022/08/12/best-buy-cuts-jobs-after-it-cuts-sales-and-profit-outlook,Best Buy cuts jobs after it cuts sales and profit outlook,20220813T000000Z,mynews13.com,English,,monetary_policy,2022-08-13,2022-08-13 00:00:00+00:00,page_title,-0.76530612244898
https://newsradio1470.iheart.com/content/2022-08-12-houses-passes-740-billion-health-care-energy-and-climate-bill/,"Houses Passes $740 Billion Health Care, Energy And Climate Bill",20220813T000000Z,iheart.com,English,,monetary_policy,2022-08-13,2022-08-13 00:00:00+00:00,page_title,-1.58730158730159
https://www.wkyc.com/article/news/nation-world/expanded-irs-free-file-system-closer/507-c1e78cf6-7eb8-49d8-b3da-14de7dc3fdb3,Expanded IRS free-file system closer in Inflation Reduction Act,20220813T180000Z,wkyc.com,English,US,conflict,2022-08-13,2022-08-13 18:00:00+00:00,page_title,0.695134061569017
https://www.khaleejtimes.com/world/how-middle-east-countries-can-help-people-dealing-with-rising-food-prices,How Middle East countries can help people dealing with rising food prices,20220814T180000Z,khaleejtimes.com,English,CH,energy,2022-08-14,2022-08-14 18:00:00+00:00,page_title,-1.88053097345133
https://www.greenocktelegraph.co.uk/news/national/20647867.41-dead-fire-packed-cairo-church-morning-service/,41 dead after fire in packed Cairo church during morning service,20220814T180000Z,greenocktelegraph.co.uk,English,EG,conflict,2022-08-14,2022-08-14 18:00:00+00:00,page_title,-5.96546310832025
https://www.wortfm.org/to-madisons-gay-community-risk-of-monkeypox-goes-beyond-just-the-virus/,"To Madison's Gay Community, Risk of Monkeypox Goes Beyond Just the Virus",20220819T000000Z,wortfm.org,English,US,conflict,2022-08-19,2022-08-19 00:00:00+00:00,page_title,-3.20781032078103
https://apnews.com/press-release/business-wire/technology-united-states-604ef6d9994046dea81dfd2de89ad99b,Groove Named to Inc. 5000 List for Fourth Year in a Row,20220819T000000Z,apnews.com,English,US,monetary_policy,2022-08-19,2022-08-19 00:00:00+00:00,page_title,3.65682137834037
https://voiceofvienna.org/?p=614,Strikes cripple London transport as UK slips into recession,20220820T060000Z,voiceofvienna.org,English,UK,conflict,2022-08-20,2022-08-20 06:00:00+00:00,page_title,-4.0
https://www.hulldailymail.co.uk/news/hull-east-yorkshire-news/incredibly-stupid-man-harassed-ex-7491551,'Incredibly stupid' man harassed ex to the point she 'had to move home every few weeks',20220822T060000Z,hulldailymail.co.uk,English,,conflict,2022-08-22,2022-08-22 06:00:00+00:00,page_title,-7.80542986425339
https://www.forexlive.com/centralbank/while-we-await-federal-reserve-chair-powell-speaking-on-friday-preview-20220823/,While we await Federal Reserve Chair Powell speaking on Friday - preview,20220823T060000Z,forexlive.com,English,,monetary_policy,2022-08-23,2022-08-23 06:00:00+00:00,page_title,-0.490196078431372
https://www.britannica.com:443/topic/Twitter,"Twitter | History, Description, Elon Musk, & Uses",20220823T060000Z,britannica.com,English,US,political_risk,2022-08-23,2022-08-23 06:00:00+00:00,page_title,-1.64787510841284
https://www.thelondoner.ca:443/news/canada/lobster-shore-prices-drop-as-fall-fishing-season-begins,"We're eating less lobster, just as fall fishing season begins",20220823T120000Z,thelondoner.ca,English,CA,monetary_policy,2022-08-23,2022-08-23 12:00:00+00:00,page_title,-2.07852193995381
https://katcountry989.com/2022/08/23/chinese-battery-giant-catl-posts-strong-q2-profit-on-robust-ev-sales/,Chinese battery giant CATL posts strong Q2 profit on robust EV sales,20220824T060000Z,katcountry989.com,English,CH,diplomacy,2022-08-24,2022-08-24 06:00:00+00:00,page_title,2.48138957816377
https://timesofindia.indiatimes.com/world/europe/22-reported-killed-in-independence-day-attack-in-ukraine/articleshow/93763260.cms,22 reported killed in Independence Day attack in Ukraine,20220825T000000Z,indiatimes.com,English,RS,diplomacy,2022-08-25,2022-08-25 00:00:00+00:00,page_title,-6.19369369369369
https://www.wksu.org/npr-news/npr-news/2022-08-24/an-australian-news-site-dared-fox-ceo-lachlan-murdoch-to-sue-now-he-has,An Australian news site dared Fox CEO Lachlan Murdoch to sue. Now he has,20220825T060000Z,wksu.org,English,AS,political_risk,2022-08-25,2022-08-25 06:00:00+00:00,page_title,-6.56167979002625
https://www.myplainview.com/news/article/Argentina-president-accused-of-threatening-17397971.php,Argentina president accused of threatening prosecutor,20220825T180000Z,myplainview.com,English,AR,political_risk,2022-08-25,2022-08-25 18:00:00+00:00,page_title,-8.85780885780886
https://elkodaily.com/lifestyles/technology/california-moves-toward-phasing-out-gas-fueled-vehicles/article_29f680cf-2f2a-5566-8ac9-55bb1c76d38f.html,California moves toward phasing out gas-fueled vehicles,20220826T000000Z,elkodaily.com,English,US,energy,2022-08-26,2022-08-26 00:00:00+00:00,page_title,0.354295837023915
https://www.wsws.org/en/articles/2022/08/26/gret-a26.html,The social and political crisis in the UK and the tasks of the working class,20220827T000000Z,wsws.org,English,CE,monetary_policy,2022-08-27,2022-08-27 00:00:00+00:00,page_title,-5.62770562770563
https://www.greenocktelegraph.co.uk/news/national/20820280.truss-favours-targeted-help-support-all-ease-cost-of-living-crisis/,Truss 'favours targeted help over support for all' to ease cost-of-living crisis,20220829T000000Z,greenocktelegraph.co.uk,English,UK,conflict,2022-08-29,2022-08-29 00:00:00+00:00,page_title,-1.25628140703518
https://www.heritage.org/budget-and-spending/commentary/obamas-4-trillion-budget-liberalisms-last-hurrah,Obama's $4 Trillion Budget: Liberalism's Last Hurrah?,20220829T180000Z,heritage.org,English,US,monetary_policy,2022-08-29,2022-08-29 18:00:00+00:00,page_title,-3.39506172839506
https://www.business-standard.com/article/companies/loss-on-petrol-ends-continue-to-incur-loss-on-diesel-sales-bpcl-chairman-122082901156_1.html,Loss on petrol ends; continue to incur loss on diesel sales: BPCL chairman,20220829T180000Z,business-standard.com,English,IN,monetary_policy,2022-08-29,2022-08-29 18:00:00+00:00,page_title,-3.83561643835616
https://www.bucksfreepress.co.uk/news/national/20871085.think-tank-millions-face-absolute-poverty-amid-terrifying-fall-income/,Think tank: millions more face absolute poverty amid terrifying fall in income,20220901T060000Z,bucksfreepress.co.uk,English,UK,monetary_policy,2022-09-01,2022-09-01 06:00:00+00:00,page_title,-0.904977375565611
https://www.bnnbloomberg.ca/korea-inflation-slows-more-than-expected-as-rate-hikes-take-hold-1.1813663,Korea Inflation Slows More Than Expected as Rate Hikes Take Hold,20220902T000000Z,bnnbloomberg.ca,English,KS,conflict,2022-09-02,2022-09-02 00:00:00+00:00,page_title,-2.47252747252747
https://www.thestar.com.my/news/nation/2022/09/02/two-former-senior-private-hospital-officers-charged-with-corruption,Two former senior private hospital officers charged with corruption,20220902T120000Z,thestar.com.my,English,MY,political_risk,2022-09-02,2022-09-02 12:00:00+00:00,page_title,-3.97553516819572
https://www.kelownadailycourier.ca/business_news/national_business/article_367c9b77-a1a9-5dac-80a7-42e18dd8c474.html,Recent Suncor fatalities 'devastating' for survivors of other workplace tragedies,20220904T180000Z,kelownadailycourier.ca,English,CA,energy,2022-09-04,2022-09-04 18:00:00+00:00,page_title,-4.05278039585297
https://timesofindia.indiatimes.com/city/hubballi/progressive-lingayats-call-on-followers-to-revive-original-ideas-of-the-sect/articleshow/93989616.cms,Progressive Lingayats call on followers to revive original ideas of the sect | Hubballi News,20220905T000000Z,indiatimes.com,English,IN,conflict,2022-09-05,2022-09-05 00:00:00+00:00,page_title,-0.819672131147541
https://www.warringtonguardian.co.uk/news/national/20904209.live-liz-truss-become-pm-winning-tory-leadership-contest/,Live: Liz Truss to become PM after winning Tory leadership contest,20220905T120000Z,warringtonguardian.co.uk,English,UK,political_risk,2022-09-05,2022-09-05 12:00:00+00:00,page_title,0.651465798045602
https://www.dailymaverick.co.za/article/2022-09-05-psychiatrist-lesley-robertson-striving-for-balance-and-pushing-for-reform-in-mental-health-support/,Psychiatrist Lesley Robertson — striving for balance...,20220906T000000Z,dailymaverick.co.za,English,SF,political_risk,2022-09-06,2022-09-06 00:00:00+00:00,page_title,-0.998238402818556
https://www.bloodyelbow.com/2022/9/8/23342205/ufc-279s-johnny-walker-claims-cbd-left-him-drugged-every-single-day-for-three-years-mma-news,UFC 279's Johnny Walker claims CBD left him 'drugged every single day' for three years,20220908T120000Z,bloodyelbow.com,English,BR,energy,2022-09-08,2022-09-08 12:00:00+00:00,page_title,-0.798722044728434
https://www.theatlantic.com/podcasts/archive/2022/09/meeting-zelensky/671369/,Zelensky Is Everywhere,20220908T120000Z,theatlantic.com,English,AF,political_risk,2022-09-08,2022-09-08 12:00:00+00:00,page_title,-0.255941499085923
https://www.oskaloosa.com/news/national_news/weather-helping-but-threat-from-western-fires-persists/article_c20aa891-a15f-57b2-a33f-5413a26cab0f.html,"Weather helping, but threat from Western fires persists",20220912T000000Z,oskaloosa.com,English,US,conflict,2022-09-12,2022-09-12 00:00:00+00:00,page_title,-4.25257731958763
https://english.vov.vn/en/politics/vietnam-greatly-values-ties-with-japan-post955270.vov,Vietnam greatly values ties with Japan,20220912T120000Z,english.vov.vn,English,JA,diplomacy,2022-09-12,2022-09-12 12:00:00+00:00,page_title,5.84070796460177
http://www.msn.com/en-us/health/other/1st-death-due-to-monkeypox-in-la-county-resident-officials-say/ar-AA11Kyea,"1st death due to monkeypox in LA County resident, officials say",20220913T000000Z,msn.com,English,US,conflict,2022-09-13,2022-09-13 00:00:00+00:00,page_title,-3.37078651685393
https://african.business/2022/09/trade-investment/nairobi-mombasa-highway-goes-ahead-with-south-korean-contractor/,Nairobi-Mombasa Highway goes ahead with South Korean contractor,20220913T120000Z,african.business,English,KE,political_risk,2022-09-13,2022-09-13 12:00:00+00:00,page_title,-0.12453300124533
https://www.mesabitribune.com/around_the_web/entertainment/ryan-reynolds-had-extremely-subtle-polyp-removed-in-potentially-life-saving-colonoscopy/article_f0eba13f-60a7-5bbd-ac9f-3f21bceee044.html,Ryan Reynolds had 'extremely subtle polyp' removed in 'potentially life-saving' colonoscopy. | Entertainment,20220914T060000Z,mesabitribune.com,English,,diplomacy,2022-09-14,2022-09-14 06:00:00+00:00,page_title,0.823045267489712
https://www.keysnews.com/news/national/biden-stumps-for-evs-in-detroit/article_da912b9a-4aaa-5e06-a280-d1e3d963e2d4.html,Biden stumps for EVs in Detroit,20220915T000000Z,keysnews.com,English,US,monetary_policy,2022-09-15,2022-09-15 00:00:00+00:00,page_title,-0.229885057471265
https://www.philstar.com/headlines/2022/09/15/2209929/comelec-all-set-maguindanao-plebiscite-preps-barangay-polls-ongoing,"Comelec all set for Maguindanao plebiscite, preps for barangay polls ongoing",20220915T120000Z,philstar.com,English,RP,political_risk,2022-09-15,2022-09-15 12:00:00+00:00,page_title,-3.1055900621118
https://www.dumbartonreporter.co.uk/news/national/21590224.germany-marks-70-years-compensating-holocaust-survivors/,Germany marks 70 years of compensating Holocaust survivors,20220915T120000Z,dumbartonreporter.co.uk,English,GM,diplomacy,2022-09-15,2022-09-15 12:00:00+00:00,page_title,-3.83973288814691
https://www.maldonandburnhamstandard.co.uk/news/national/21816146.train-drivers-set-resume-strikes-pay/,Train drivers set to resume strikes over pay,20220916T120000Z,maldonandburnhamstandard.co.uk,English,,conflict,2022-09-16,2022-09-16 12:00:00+00:00,page_title,-2.60869565217391
https://www.chinanationalnews.com/news/272770869/protests-against-china-over-uyghur-cause-gathers-pace-hizb-ut-tahrir-joins-in,"Protests against China over Uyghur cause gathers pace, Hizb-ut-Tahrir joins in",20220918T120000Z,chinanationalnews.com,English,TU,political_risk,2022-09-18,2022-09-18 12:00:00+00:00,page_title,-5.25114155251141
https://charter97.org/en/news/2022/9/19/516313/,Lukashenka Sets Off Chain Reaction Causing Diplomatic Rows,20220919T120000Z,charter97.org,English,UP,political_risk,2022-09-19,2022-09-19 12:00:00+00:00,page_title,-3.88349514563107
https://www.middleeaststar.com/news/272786490/egypt-keeps-interest-rates-unchanged,Egypt keeps interest rates unchanged,20220923T000000Z,middleeaststar.com,English,EG,monetary_policy,2022-09-23,2022-09-23 00:00:00+00:00,page_title,1.88679245283019
https://www.northwestgeorgianews.com/tribune/regional/editorial-moving-wall-offers-va-clients-a-time-to-heal/article_62199d1c-a725-5580-b365-6cb814e46496.html,EDITORIAL: Moving Wall offers VA clients a time to heal,20220923T120000Z,northwestgeorgianews.com,English,US,conflict,2022-09-23,2022-09-23 12:00:00+00:00,page_title,-1.18694362017804
https://zeenews.india.com/bullion/gold-price-today-23-september-2022-yellow-metal-falls-rs-139-silver-declines-rs-363-2513470.html,"Gold price today, 23 September 2022: Yellow metal falls Rs 139; silver declines Rs 363",20220923T120000Z,india.com,English,IN,monetary_policy,2022-09-23,2022-09-23 12:00:00+00:00,page_title,0.75187969924812
https://menafn.com/1104917178/Japan-In-Urgent-Search-Of-New-Strategic-Balance,Japan In Urgent Search Of New Strategic Balance,20220924T060000Z,menafn.com,English,JA,political_risk,2022-09-24,2022-09-24 06:00:00+00:00,page_title,-0.182149362477232
https://www.dw.com/en/cuba-holds-referendum-on-same-sex-marriage-adoption/a-63231499,"Cuba holds referendum on same-sex marriage, adoption | News | DW",20220925T120000Z,dw.com,English,CU,political_risk,2022-09-25,2022-09-25 12:00:00+00:00,page_title,-1.32890365448505
https://www.theusnews.com/news/272797802/shareholder-alert-pomerantz-law-firm-reminds-shareholders-with-losses-on-their-investment-in-fulgent-genetics-inc-of-class-action-lawsuit-and-upcoming-deadline---flgt,"SHAREHOLDER ALERT: Pomerantz Law Firm Reminds Shareholders with Losses on their Investment in Fulgent Genetics, Inc. of Class Action Lawsuit and Upcoming Deadline",20220926T060000Z,theusnews.com,English,US,political_risk,2022-09-26,2022-09-26 06:00:00+00:00,page_title,-4.26409903713893
https://www.crainsnewyork.com/labor-unions/local-1549-dc37-placed-under-trusteeship,Local 1549 of DC37 placed under trusteeship | Crain's New York Business,20220927T000000Z,crainsnewyork.com,English,US,diplomacy,2022-09-27,2022-09-27 00:00:00+00:00,page_title,0.0
https://www.wusa9.com/article/news/nation-world/white-house-new-rule-true-cost-of-plane-tickets/507-c5cd6240-e0e3-43ea-be20-9fdadecf0346,New rule will show 'true cost' of plane tickets,20220927T060000Z,wusa9.com,English,US,monetary_policy,2022-09-27,2022-09-27 06:00:00+00:00,page_title,-0.126582278481012
http://www.akp.gov.kh/post/detail/262758,akp.gov.kh,20220927T060000Z,akp.gov.kh,English,US,diplomacy,2022-09-27,2022-09-27 06:00:00+00:00,page_title,-2.6281208935611
https://www.nwaonline.com/news/2022/sep/27/three-candidates-compete-in-arkansas-house-race/,Three candidates compete in Arkansas House race for new majority Hispanic district,20220927T120000Z,nwaonline.com,English,US,diplomacy,2022-09-27,2022-09-27 12:00:00+00:00,page_title,1.71277997364954
https://wibb.iheart.com/content/2022-09-28-police-believe-suspect-in-pnb-rocks-murder-is-armed-dangerous/,Police Believe PnB Rock Murder Suspect Is 'Armed & Dangerous',20220928T180000Z,iheart.com,English,US,conflict,2022-09-28,2022-09-28 18:00:00+00:00,page_title,-6.25
https://mynorthwest.com/3652323/commissioner-mason-county-fire-employees-investigation-misuse-funds/,County asks District 12 fire commissioners to resign amid investigation,20220929T000000Z,mynorthwest.com,English,US,political_risk,2022-09-29,2022-09-29 00:00:00+00:00,page_title,-3.56347438752784
https://www.turnto23.com/news/national/us-navy-fined-8-8m-by-hawaii-for-unauthorized-sewage-release,US Navy fined $8.8M by Hawaii for unauthorized sewage release,20220929T000000Z,turnto23.com,English,US,conflict,2022-09-29,2022-09-29 00:00:00+00:00,page_title,-4.18250950570342
https://www.fox5dc.com/news/dc-police-id-elderly-woman-murdered-inside-her-northwest-apartment-25k-reward-offered-in-case,DC police ID elderly woman murdered inside her northwest apartment; $25K reward offered in case,20220929T180000Z,fox5dc.com,English,US,conflict,2022-09-29,2022-09-29 18:00:00+00:00,page_title,-10.0
https://www.nevadabusiness.com/2022/09/northcap-commercial-arranges-sale-of-sunrise-view-apartments-for-5500000/,"Northcap Commercial Arranges Sale of Sunrise View Apartments for $5,500,000",20220930T180000Z,nevadabusiness.com,English,US,diplomacy,2022-09-30,2022-09-30 18:00:00+00:00,page_title,1.88679245283019
https://www.norfolkandtillsonburgnews.com/news/local-news/get-concerned-stratford-signs-violate-election-advertising-rules-city-officials-claim,"Get Concerned Stratford signs violate election advertising rules, city officials claim",20221001T000000Z,norfolkandtillsonburgnews.com,English,CH,political_risk,2022-10-01,2022-10-01 00:00:00+00:00,page_title,-3.61581920903955
https://www.sundaynews.co.zw/the-trial-of-pan-of-pan-africanism-in-the-new-world-order/,The Trial of Pan of Pan-Africanism in the New World Order,20221002T000000Z,sundaynews.co.zw,English,EG,political_risk,2022-10-02,2022-10-02 00:00:00+00:00,page_title,-1.75953079178886
https://www.rnz.co.nz/news/world/475921/brazil-votes-in-tense-lula-bolsonaro-presidential-contest,Brazil votes in tense Lula-Bolsonaro presidential contest,20221002T120000Z,rnz.co.nz,English,BR,monetary_policy,2022-10-02,2022-10-02 12:00:00+00:00,page_title,-2.24358974358974
https://www.asianimage.co.uk/news/national/23033857.cabinet-ministers-urge-tories-rally-behind-truss-risk-election-defeat/,Cabinet ministers urge Tories to rally behind Truss or risk election defeat,20221009T000000Z,asianimage.co.uk,English,IN,political_risk,2022-10-09,2022-10-09 00:00:00+00:00,page_title,-1.49551345962114
https://www.dailyfx.com/forex/fundamental/forecast/weekly/usd/2022/10/09/weekly-fundamental-us-dollar-forecast-all-eyes-on-inflation-data.html,Weekly Fundamental US Dollar Forecast: All Eyes on Inflation Data,20221010T000000Z,dailyfx.com,English,US,monetary_policy,2022-10-10,2022-10-10 00:00:00+00:00,page_title,1.02974828375286
https://www.richmondandtwickenhamtimes.co.uk/news/23043585.richmond-mp-slams-heathrow-expansion/,Richmond MP slams Heathrow expansion | Richmond and Twickenham Times,20221013T060000Z,richmondandtwickenhamtimes.co.uk,English,UK,conflict,2022-10-13,2022-10-13 06:00:00+00:00,page_title,2.35294117647059
https://magicvalley.com/news/national/retail-sales-flat-in-september-as-inflation-takes-a-bite/article_d923da56-eb21-5152-9811-e9a4ca0290bd.html,Retail sales flat in September as inflation takes a bite,20221014T180000Z,magicvalley.com,English,US,monetary_policy,2022-10-14,2022-10-14 18:00:00+00:00,page_title,-0.841346153846154
https://www.chanute.com/lifestyles/health/article_b87181ef-074c-5712-b9fb-5eefd968b7b6.html,"FDA, Company Square Off in Hearing Over Drug Meant to Prevent Preterm Births",20221018T000000Z,chanute.com,English,US,conflict,2022-10-18,2022-10-18 00:00:00+00:00,page_title,-3.1858407079646
https://news.yahoo.com/ex-nanny-returns-claim-olivia-233523265.html,Ex-Nanny Returns to Claim Olivia Wilde Also Dumped Her Dog for Harry Styles,20221019T000000Z,yahoo.com,English,UK,conflict,2022-10-19,2022-10-19 00:00:00+00:00,page_title,-2.94117647058824
https://www.alsahwa-yemen.net/en/p-61251,Rights groups demand investigation into  massacre of child cancer patients,20221019T180000Z,alsahwa-yemen.net,English,YM,conflict,2022-10-19,2022-10-19 18:00:00+00:00,page_title,-10.2803738317757
https://www.finanznachrichten.de/nachrichten-2022-10/57346303-amaroq-minerals-ltd-amarop-minerals-proposed-fundraising-200.htm,Amaroq Minerals Ltd.: Amarop Minerals Proposed Fundraising,20221019T180000Z,finanznachrichten.de,English,UK,monetary_policy,2022-10-19,2022-10-19 18:00:00+00:00,page_title,0.521027167845181
https://www.hitc.com/en-gb/2022/10/20/shortest-serving-prime-minister-george-canning-dethroned-by-liz-truss-record/,Shortest-serving prime minister George Canning dethroned by Liz Truss' record,20221020T180000Z,hitc.com,English,UK,conflict,2022-10-20,2022-10-20 18:00:00+00:00,page_title,-1.86567164179104
https://www.washingtontimes.com/news/2022/oct/21/eu-weighs-ukraine-support-as-new-refugee-exodus-be/,EU weighs Ukraine support as new refugee exodus beckons,20221021T120000Z,washingtontimes.com,English,BE,energy,2022-10-21,2022-10-21 12:00:00+00:00,page_title,-8.10810810810811
https://www.cravenherald.co.uk/news/national/23072366.tory-leadership-contest-week-will-unfold/,Tory leadership contest: How the week will unfold,20221024T060000Z,cravenherald.co.uk,English,,political_risk,2022-10-24,2022-10-24 06:00:00+00:00,page_title,0.44543429844098
https://1029now.iheart.com/content/2022-10-25-texas-boy-fatally-shoots-brother-while-playing-with-gun-tragic-situation/,Texas Boy Fatally Shoots Brother While Playing With Gun: 'Tragic Situation',20221025T180000Z,iheart.com,English,US,political_risk,2022-10-25,2022-10-25 18:00:00+00:00,page_title,-2.6431718061674
https://wdov.iheart.com/content/2022-10-25-florida-man-puts-up-pig-pen-after-developer-builds-driveway-on-his-property/,Florida Man Puts Up Pig Pen After Developer Builds Driveway On His Property,20221026T000000Z,iheart.com,English,US,diplomacy,2022-10-26,2022-10-26 00:00:00+00:00,page_title,-0.921658986175115
https://www.bemidjipioneer.com/news/local/from-the-archives-october-26-in-the-pioneer,From the Archives: October 26 in the Pioneer,20221026T120000Z,bemidjipioneer.com,English,,energy,2022-10-26,2022-10-26 12:00:00+00:00,page_title,-5.19480519480519
https://www.businessgreen.com/news/4058881/rishi-sunak-reinstate-fracking-ban-touts-ambition-%E2%80%98-renewables,Rishi Sunak to reinstate fracking ban as he touts ambition for 'more renewables',20221026T180000Z,businessgreen.com,English,OS,energy,2022-10-26,2022-10-26 18:00:00+00:00,page_title,-0.780572419774501
https://www.bbc.co.uk/news/uk-scotland-63400941,Scotland's doctors urged to prescribe gardening and cooking,20221026T180000Z,bbc.co.uk,English,UK,conflict,2022-10-26,2022-10-26 18:00:00+00:00,page_title,2.11382113821138
https://www.dallassun.com/news/272991993/base-oil-demand-is-poised-to-flourish-at-a-cagr-of-23-to-reach-a-value-of-us-44-bn-by-2032,Base Oil Demand Is Poised To Flourish At A CAGR Of 2.3% To Reach A Value Of US$ 44 Bn By 2032,20221027T060000Z,dallassun.com,English,EI,energy,2022-10-27,2022-10-27 06:00:00+00:00,page_title,1.96987253765933
https://www.ypradio.org/2022-10-27/mortgage-rates-are-now-above-7-on-average-nationally,Mortgage rates are now above 7% on average nationally,20221028T000000Z,ypradio.org,English,,monetary_policy,2022-10-28,2022-10-28 00:00:00+00:00,page_title,-5.40540540540541
https://www.eyeradio.org/kampala-university-rejoices-at-court-verdict/,Kampala University rejoices at court verdict,20221028T120000Z,eyeradio.org,English,UG,political_risk,2022-10-28,2022-10-28 12:00:00+00:00,page_title,-5.38922155688623
https://www.bbc.co.uk/news/uk-northern-ireland-63400016,NI election: Sinn Féin says talks to be held on Tuesday,20221029T180000Z,bbc.co.uk,English,UK,political_risk,2022-10-29,2022-10-29 18:00:00+00:00,page_title,-2.3696682464455
https://www.latestly.com/agency-news/business-news-indian-stock-indices-extend-gains-to-third-week-rupee-appreciates-slightly-4397815.html,"Business News | Indian Stock Indices Extend Gains to Third Week, Rupee Appreciates Slightly",20221031T060000Z,latestly.com,English,IN,monetary_policy,2022-10-31,2022-10-31 06:00:00+00:00,page_title,0.0
https://www.register-herald.com/news/nation_world/judge-orders-armed-group-away-from-arizona-ballot-drop-boxes/article_4747c5cf-5f3a-51af-b1dd-923465cc9f1d.html,Judge orders armed group away from Arizona ballot drop boxes,20221102T060000Z,register-herald.com,English,US,diplomacy,2022-11-02,2022-11-02 06:00:00+00:00,page_title,-2.37623762376238
https://www.finanznachrichten.de/nachrichten-2022-11/57468179-eqs-news-amerigo-resources-ltd-amerigo-announces-q3-2022-results-quarterly-dividend-023.htm,EQS-News: Amerigo Resources Ltd: Amerigo Announces Q3-2022 Results & Quarterly Dividend,20221102T120000Z,finanznachrichten.de,English,CI,diplomacy,2022-11-02,2022-11-02 12:00:00+00:00,page_title,-1.81956027293404
https://thecommonwealth.org/news/marlborough-house-hosts-25-indian-start-entrepreneurs-knowledge-sharing-session,Marlborough House hosts 25 Indian start-up entrepreneurs for knowledge-sharing session,20221102T180000Z,thecommonwealth.org,English,UK,diplomacy,2022-11-02,2022-11-02 18:00:00+00:00,page_title,3.4816247582205
https://www.wxyz.com/news/things-could-be-getting-better-for-homebuyers-in-metro-detroit,Things could be getting better for homebuyers in metro Detroit,20221103T120000Z,wxyz.com,English,US,monetary_policy,2022-11-03,2022-11-03 12:00:00+00:00,page_title,0.328407224958949
https://www.presstv.ir/Detail/2022/11/04/692155/Biden-vow-to-bring-down-inflation-as-midterms-loom-,Biden vow to bring down inflation as midterm elections loom,20221104T180000Z,presstv.ir,English,US,conflict,2022-11-04,2022-11-04 18:00:00+00:00,page_title,-1.23762376237624
https://www.mei.edu/blog/monday-briefing-cop27-kicks-good-news-theres-long-struggle-ahead,"Monday Briefing: COP27 kicks off with good news, but there's a long struggle ahead",20221108T000000Z,mei.edu,English,EG,diplomacy,2022-11-08,2022-11-08 00:00:00+00:00,page_title,-3.08596620132256
https://www.miragenews.com/sitc-2022-special-edition-891982/,SITC 2022 special edition,20221109T060000Z,miragenews.com,English,US,political_risk,2022-11-09,2022-11-09 06:00:00+00:00,page_title,-1.65505226480836
https://www.harrowtimes.co.uk/news/national/23113005.kate-hails-childrens-centres-amazing-integrated-support-service-mothers/,Kate hails children's centre's 'amazing' integrated support service for mothers,20221109T180000Z,harrowtimes.co.uk,English,UK,diplomacy,2022-11-09,2022-11-09 18:00:00+00:00,page_title,3.78657487091222
https://www.heraldnews.com/story/news/politics/elections/local/2022/11/09/fall-river-voters-approve-mbta-membership-ok-south-coast-rail-service/69633563007/,"Fall River voters approve MBTA membership, OK South Coast Rail service",20221109T180000Z,heraldnews.com,English,US,conflict,2022-11-09,2022-11-09 18:00:00+00:00,page_title,0.0
https://www.moneyweb.co.za/news/international/pilot-complacency-blamed-for-indonesia-jet-crash-that-killed-62/,Pilot complacency blamed for Indonesia jet crash that killed 62,20221110T120000Z,moneyweb.co.za,English,ID,conflict,2022-11-10,2022-11-10 12:00:00+00:00,page_title,-5.95238095238095
https://www.thenationalherald.com/new-democracy-says-tsipras-gave-greeks-lies-taxes-cuts/,"New Democracy Says Tsipras Gave Greeks Lies, Taxes, Cuts",20221110T180000Z,thenationalherald.com,English,GR,political_risk,2022-11-10,2022-11-10 18:00:00+00:00,page_title,-7.01402805611222
https://kdon.iheart.com/content/2022-11-10-aaron-carter-never-had-closure-conversation-with-nick-carter-before-death/,Aaron Carter Never Had Closure Conversation With Nick Carter Before Death,20221110T180000Z,iheart.com,English,,conflict,2022-11-10,2022-11-10 18:00:00+00:00,page_title,-1.94552529182879
https://www.wdrb.com/politics/abortion-rights-wins-in-kentucky-elsewhere-stoke-supporters/article_77bcd578-6394-11ed-ab63-1bab9f641c4c.html,"Abortion rights wins in Kentucky, elsewhere stoke supporters",20221114T120000Z,wdrb.com,English,US,diplomacy,2022-11-14,2022-11-14 12:00:00+00:00,page_title,-3.20855614973262
https://www.chinookobserver.com/opinion/columns/column-election-should-not-make-democrats-cocky/article_7f38d386-644f-11ed-beb0-b362ae10bffb.html,Column: Election should not make Democrats cocky,20221115T000000Z,chinookobserver.com,English,US,monetary_policy,2022-11-15,2022-11-15 00:00:00+00:00,page_title,-3.6101083032491
https://www.dailymail.co.uk/news/article-11428367/Kids-toys-SHRINKING-inflation-retailers-putting-expensive-smaller-toys.html,Kids toys are SHRINKING due to inflation,20221115T060000Z,dailymail.co.uk,English,US,political_risk,2022-11-15,2022-11-15 06:00:00+00:00,page_title,-0.075018754688672
https://www.ross-shirejournal.co.uk/news/new-highland-constituency-plans-slammed-as-a-ridiculous-nu-293559/,New Highland constituency plans slammed as 'ridiculous',20221115T120000Z,ross-shirejournal.co.uk,English,UK,political_risk,2022-11-15,2022-11-15 12:00:00+00:00,page_title,-2.54691689008043
https://www.heritage.org/trade/commentary/tariffs-chinese-goods-will-only-punish-americans,Tariffs on Chinese Goods Will Only Punish Americans,20221115T180000Z,heritage.org,English,US,diplomacy,2022-11-15,2022-11-15 18:00:00+00:00,page_title,-2.65604249667995
https://radio.wpsu.org/2022-11-15/biden-backs-investigation-into-origins-of-missile-that-struck-poland,Biden backs investigation into origins of missile that struck Poland,20221116T060000Z,wpsu.org,English,PL,conflict,2022-11-16,2022-11-16 06:00:00+00:00,page_title,-9.52380952380952
https://zeenews.india.com/personal-finance/sbi-customer-alert-now-pay-more-towards-these-transactions-as-bank-hikes-processing-fee-2536024.html,"SBI customer alert! Now, Pay more towards THESE transactions as bank hikes processing fee",20221116T060000Z,india.com,English,IN,conflict,2022-11-16,2022-11-16 06:00:00+00:00,page_title,-1.6304347826087
https://news.topwirenews.com/2022/11/16/iran-issues-new-death-sentence-as-protests-enter-third-month/,Iran issues new death sentence as protests enter third month,20221117T000000Z,topwirenews.com,English,IR,conflict,2022-11-17,2022-11-17 00:00:00+00:00,page_title,-10.8585858585859
https://www.timesofisrael.com/liveblog_entry/outgoing-defense-minister-gantz-speaks-to-us-counterpart-austin-a-true-friend/,Outgoing Defense Minister Gantz speaks to US counterpart Austin: A true friend,20221117T180000Z,timesofisrael.com,English,IR,political_risk,2022-11-17,2022-11-17 18:00:00+00:00,page_title,2.37580993520518
https://www.phoenixherald.com/news/273108383/john-deloche-on-the-rise-of-cyber-threats-and-how-enterprises-can-defend-themselves,John DeLoche on the Rise of Cyber Threats and How Enterprises Can Defend Themselves,20221117T180000Z,phoenixherald.com,English,US,conflict,2022-11-17,2022-11-17 18:00:00+00:00,page_title,0.195694716242661
https://balloon-juice.com/2022/11/17/war-for-ukraine-day-267-just-a-brief-update-tonight/,Balloon Juice - War for Ukraine Day 267: Just a Brief Update Tonight,20221118T060000Z,balloon-juice.com,English,UP,diplomacy,2022-11-18,2022-11-18 06:00:00+00:00,page_title,-2.83451438099208
https://www.ibtimes.com/two-largest-us-rail-unions-report-contract-vote-monday-3638567,Two Largest U.S. Rail Unions To Report Contract Vote Monday,20221121T120000Z,ibtimes.com,English,US,monetary_policy,2022-11-21,2022-11-21 12:00:00+00:00,page_title,-4.48877805486284
https://www.heritage.org/political-process/report/executive-summary-taking-charge-federal-personnel,Executive Summary: Taking Charge of Federal Personnel,20221122T000000Z,heritage.org,English,US,diplomacy,2022-11-22,2022-11-22 00:00:00+00:00,page_title,1.71503957783641
https://peoplesworld.org/article/members-of-largest-rail-unions-split-on-ratifying-proposed-deal/,Members of largest rail unions split on ratifying proposed deal,20221122T180000Z,peoplesworld.org,English,US,diplomacy,2022-11-22,2022-11-22 18:00:00+00:00,page_title,-1.04651162790698
https://www.sandiegouniontribune.com/news/nation-world/story/2022-11-22/ex-tennessee-lawmaker-pleads-guilty-to-campaign-cash-scheme,Ex-Tennessee lawmaker pleads guilty to campaign cash scheme,20221123T000000Z,sandiegouniontribune.com,English,US,political_risk,2022-11-23,2022-11-23 00:00:00+00:00,page_title,-6.49546827794562
https://wcfcourier.com/news/national/ap-news-summary-at-12-22-a-m-est/article_07d22997-b5be-5bc5-b1b5-612b461c61fd.html,AP News Summary at 12:22 a.m. EST,20221124T060000Z,wcfcourier.com,English,US,political_risk,2022-11-24,2022-11-24 06:00:00+00:00,page_title,-4.07023144453312
https://www.thedailyreview.com/opinion/columns_editorials/the-lefts-cynical-speech-is-violence-ploy/article_6a5b359a-3b6f-5510-80aa-2b000aebd6db.html,The Left's cynical 'speech is violence' ploy,20221124T120000Z,thedailyreview.com,English,US,diplomacy,2022-11-24,2022-11-24 12:00:00+00:00,page_title,-8.47201210287443
https://timesofindia.indiatimes.com/world/china/china-reports-new-daily-record-covid-cases-curbs-tighten-across-country/articleshow/95752826.cms,"China reports new daily record Covid cases, curbs tighten across country",20221125T060000Z,indiatimes.com,English,,political_risk,2022-11-25,2022-11-25 06:00:00+00:00,page_title,-2.4390243902439
https://pakobserver.net/imran-wont-get-an-election-date-from-rawalpindi-sanaullah/,Imran won't get an election date from Rawalpindi: Sanaullah,20221126T060000Z,pakobserver.net,English,PK,political_risk,2022-11-26,2022-11-26 06:00:00+00:00,page_title,-3.37662337662338
https://www.bangladeshsun.com/news/273132752/rishikesh-shaantam-resorts-voted-amongst-best-resorts-in-the-world-for-record-4th-year,Rishikesh's Shaantam Resorts voted amongst Best Resorts in the World for Record 4th Year,20221126T120000Z,bangladeshsun.com,English,US,monetary_policy,2022-11-26,2022-11-26 12:00:00+00:00,page_title,-4.44444444444444
https://www.stripes.com/theaters/us/2022-11-28/us-russia-arms-control-talks-8220697.html,US says Russia abruptly postpones arms control talks,20221128T180000Z,stripes.com,English,EG,conflict,2022-11-28,2022-11-28 18:00:00+00:00,page_title,-2.72727272727273
https://www.phillytrib.com/news/across_america/5-officers-charged-after-black-man-paralyzed-in-police-van/article_c7d8b345-2767-5a3d-b952-b233d56c4791.html,5 officers charged after Black man paralyzed in police van,20221129T000000Z,phillytrib.com,English,US,conflict,2022-11-29,2022-11-29 00:00:00+00:00,page_title,-7.83132530120482
https://www.gjsentinel.com/news/us/missouri-supreme-court-weighs-fate-of-death-row-inmate/article_d5339bdf-8eef-5353-bbba-8e087c5076fc.html,Missouri Supreme Court weighs fate of death row inmate,20221129T000000Z,gjsentinel.com,English,US,conflict,2022-11-29,2022-11-29 00:00:00+00:00,page_title,-6.67506297229219
https://www.erienewsnow.com/story/47794283/rescuers-used-a-cherry-picker-to-save-2-people-after-a-small-plane-crashed-into-power-lines-and-tower-in-maryland,Rescuers used a cherry picker to save 2 people after a small plane crashed into power lines and tower in Maryland,20221129T000000Z,erienewsnow.com,English,US,political_risk,2022-11-29,2022-11-29 00:00:00+00:00,page_title,-0.634517766497462
https://thewire.in/uncategorised/in-sainaths-last-heroes-unsung-patriots-tell-their-stories-of-fight-for-freedom,"In Sainath's 'Last Heroes', Unsung Patriots Tell Their Stories of Fight for Freedom",20221129T120000Z,thewire.in,English,IN,conflict,2022-11-29,2022-11-29 12:00:00+00:00,page_title,1.20967741935484
https://siouxcityjournal.com/news/national/govt-and-politics/congress-prepares-to-take-up-bill-preventing-rail-strike/article_3b312444-7599-531e-ab1e-0b8356f29685.html,Congress prepares to take up bill preventing rail strike,20221130T060000Z,siouxcityjournal.com,English,US,diplomacy,2022-11-30,2022-11-30 06:00:00+00:00,page_title,-2.29885057471264
https://www.dailymail.co.uk/news/article-11497495/Elon-Musk-teases-explosive-Twitter-censorship-revelations-today-Hunter-Biden-laptop.html,Elon Musk teases MORE explosive Twitter censorship revelations today,20221203T060000Z,dailymail.co.uk,English,US,political_risk,2022-12-03,2022-12-03 06:00:00+00:00,page_title,-4.37710437710438
https://www.kelownadailycourier.ca/business_news/national_business/article_f9d2f0da-c3d6-5eeb-bf33-239af55bbaf2.html,"Food delivery robots hit Canadian sidewalks, but many challenges delay mass adoption",20221204T180000Z,kelownadailycourier.ca,English,CA,diplomacy,2022-12-04,2022-12-04 18:00:00+00:00,page_title,-1.44092219020173
https://www.thepilot.com/news/new-school-board-members-sworn-in-monday/article_834176e0-7511-11ed-9252-278e30426020.html,New School Board Members Sworn In Monday,20221206T060000Z,thepilot.com,English,,political_risk,2022-12-06,2022-12-06 06:00:00+00:00,page_title,1.79533213644524
https://economictimes.indiatimes.com/markets/stocks/stock-watch/stock-market-update-mining-stocks-down-as-market-falls/articleshow/96020921.cms,Stock Market Sectors: Stock market update: Mining stocks  down  as market  falls,20221206T060000Z,indiatimes.com,English,IN,energy,2022-12-06,2022-12-06 06:00:00+00:00,page_title,0.826446280991736
https://news.yahoo.com/president-zelensky-spirit-ukraine-named-170600888.html,President Zelensky and 'the spirit of Ukraine' named Time magazine's person of the year,20221207T180000Z,yahoo.com,English,UP,conflict,2022-12-07,2022-12-07 18:00:00+00:00,page_title,-2.2964509394572
https://www.investing.com/analysis/despite-iea-report-renewables-unlikely-to-threaten-oil-prices-in-the-next-5-years-200633272,"Despite IEA Report, Renewables Unlikely to Threaten Oil Prices in the Next 5 Years",20221208T120000Z,investing.com,English,CH,energy,2022-12-08,2022-12-08 12:00:00+00:00,page_title,0.0
https://www.fxstreet.com/news/gbp-usd-strengthens-and-tests-levels-above-12230-202212081511,GBP/USD strengthens and tests levels above 1.2230,20221208T180000Z,fxstreet.com,English,CH,monetary_policy,2022-12-08,2022-12-08 18:00:00+00:00,page_title,-0.346020761245675
https://www.fox5atlanta.com/money/auto-insurance-costs-increased-how-consumers-save,Spending on auto insurance is up: Here's how drivers are saving money,20221209T000000Z,fox5atlanta.com,English,US,monetary_policy,2022-12-09,2022-12-09 00:00:00+00:00,page_title,0.165016501650165
https://pakobserver.net/marriyum-terms-imran-embodiment-of-shamelessness/,Marriyum terms Imran embodiment of shamelessness,20221210T000000Z,pakobserver.net,English,PK,political_risk,2022-12-10,2022-12-10 00:00:00+00:00,page_title,-5.43478260869565
https://www.thehindu.com/news/international/it-hurts-my-soul-brazils-bolsonaro-ends-post-election-silence/article66248769.ece,'It hurts my soul': Brazil's Bolsonaro ends post-election silence,20221210T180000Z,thehindu.com,English,BR,political_risk,2022-12-10,2022-12-10 18:00:00+00:00,page_title,3.63636363636364
https://www.al-monitor.com/originals/2022/12/greek-mep-stripped-vice-president-powers-over-qatar-graft-probe,Greek MEP stripped of vice president powers over Qatar graft probe,20221211T000000Z,al-monitor.com,English,BE,political_risk,2022-12-11,2022-12-11 00:00:00+00:00,page_title,-5.09193776520509
https://www.longbeachstar.com/news/273196160/serbia-slams-german-absurdity,Serbia slams German absurdity,20221212T120000Z,longbeachstar.com,English,GM,political_risk,2022-12-12,2022-12-12 12:00:00+00:00,page_title,-8.13008130081301
https://allafrica.com/stories/202212120449.html,Nigeria: INEC Office Attack - Don't Test Our Might - Imo Police Warns Hoodlums,20221212T120000Z,allafrica.com,English,NI,conflict,2022-12-12,2022-12-12 12:00:00+00:00,page_title,-5.85774058577406
https://www.lancashiretelegraph.co.uk/news/national/23187824.military-just-40-paramedics-qualified-work-nhs/,Military has just 40 paramedics qualified to work in NHS,20221213T120000Z,lancashiretelegraph.co.uk,English,,conflict,2022-12-13,2022-12-13 12:00:00+00:00,page_title,-2.01005025125628
https://www.prnewswire.com:443/news-releases/eisai-and-washington-university-school-of-medicine-in-st-louis-enter-into-comprehensive-research-collaboration-agreement-aiming-to-create-new-therapies-for-neurodegenerative-diseases-301703496.html,EISAI AND WASHINGTON UNIVERSITY SCHOOL OF MEDICINE IN ST. LOUIS ENTER INTO COMPREHENSIVE RESEARCH COLLABORATION AGREEMENT AIMING TO CREATE NEW THERAPIES FOR NEURODEGENERATIVE DISEASES,20221215T000000Z,prnewswire.com,English,JA,diplomacy,2022-12-15,2022-12-15 00:00:00+00:00,page_title,0.259067357512953
https://www.europesun.com/news/273216819/germany-spending-500-billion-to-keep-the-lights-on-media,Germany spending $500 billion to keep the lights on media,20221216T000000Z,europesun.com,English,GM,monetary_policy,2022-12-16,2022-12-16 00:00:00+00:00,page_title,-4.67532467532468
https://www.bloomberg.com/news/articles/2022-12-18/fed-zooms-in-on-american-paychecks-as-it-takes-inflation-battle-into-2023,Fed zooms in on American paychecks as it takes inflation battle into 2023,20221218T180000Z,bloomberg.com,English,US,monetary_policy,2022-12-18,2022-12-18 18:00:00+00:00,page_title,1.02040816326531
http://www.msn.com/en-us/news/politics/adams-and-hochul-held-private-strategy-session-on-bail-and-recidivism/ar-AA15xg7K,Adams and Hochul held private strategy session on bail and recidivism,20221221T180000Z,msn.com,English,US,diplomacy,2022-12-21,2022-12-21 18:00:00+00:00,page_title,-3.83747178329571
https://www.hellenicshippingnews.com/u-s-crude-stocks-drop-more-than-expected-eia/,U.S. crude stocks drop more than expected – EIA | Hellenic Shipping News Worldwide,20221222T000000Z,hellenicshippingnews.com,English,US,energy,2022-12-22,2022-12-22 00:00:00+00:00,page_title,-2.75482093663912
https://enterprisersproject.com/article/2022/12/automation-predictions-2023,5 automation predictions for 2023 from IT leaders,20221222T120000Z,enterprisersproject.com,English,,conflict,2022-12-22,2022-12-22 12:00:00+00:00,page_title,1.49647887323944
http://www.msn.com/en-us/health/medical/charlbi-dean-s-cause-of-death-revealed/ar-AA15yuHV,Charlbi Dean's cause of death revealed,20221222T120000Z,msn.com,English,US,conflict,2022-12-22,2022-12-22 12:00:00+00:00,page_title,-9.56175298804781
https://frontpageafricaonline.com/entertainment/liberia-famous-liberian-comedian-to-bag-lifetime-achievement-award-on-new-years-day/,Liberia: Famous Liberian Comedian to Bag Lifetime Achievement Award on New Year's Day – FrontPageAfrica,20221229T180000Z,frontpageafricaonline.com,English,LI,conflict,2022-12-29,2022-12-29 18:00:00+00:00,page_title,4.49438202247191
https://www.appenmedia.com/dunwoody/news/frigid-holiday-wreaks-havoc-on-water-lines-local-roadways/article_d4b128a2-8b9d-11ed-b088-c717a9af7eef.html,"Frigid holiday wreaks havoc on water lines, local roadways",20230104T000000Z,appenmedia.com,English,US,conflict,2023-01-04,2023-01-04 00:00:00+00:00,page_title,-4.39429928741093
https://www.thisismoney.co.uk/money/comment/article-11600021/MAGGIE-PAGANO-Rishi-spin-platitudes.html,MAGGIE PAGANO: Rishi must do more than spin yet more platitudes,20230105T000000Z,thisismoney.co.uk,English,UK,monetary_policy,2023-01-05,2023-01-05 00:00:00+00:00,page_title,0.0
https://www.malverngazette.co.uk/news/national/23230239.starmer-promises-take-back-control-new-year-speech/,Starmer promises to 'take back control' in new year speech,20230105T120000Z,malverngazette.co.uk,English,UK,monetary_policy,2023-01-05,2023-01-05 12:00:00+00:00,page_title,-0.453172205438067
https://www.arkansasonline.com/news/2023/jan/05/other-days/,Other Days,20230105T120000Z,arkansasonline.com,English,US,political_risk,2023-01-05,2023-01-05 12:00:00+00:00,page_title,1.171875
https://www.thisislocallondon.co.uk/news/23230038.traders-bid-save-hampstead-antique-craft-emporium/,Traders bid to save Hampstead Antique & Craft Emporium,20230105T120000Z,thisislocallondon.co.uk,English,UK,political_risk,2023-01-05,2023-01-05 12:00:00+00:00,page_title,0.7168458781362
https://english.ahram.org.eg/Category/3/12/Business/World-food-prices-hit-record-high-in-.aspx,Economy - Business - Ahram Online,20230106T180000Z,ahram.org.eg,English,,monetary_policy,2023-01-06,2023-01-06 18:00:00+00:00,page_title,0.0
https://www.malverngazette.co.uk/news/national/23235891.german-police-arrest-man-chemical-attack-plot/,German police arrest man in chemical attack plot,20230108T120000Z,malverngazette.co.uk,English,GM,energy,2023-01-08,2023-01-08 12:00:00+00:00,page_title,-6.2962962962963
https://businessrecord.com/Content/Iowa-Stops-Hunger/Iowa-Stops-Hunger/Article/DMARC-food-pantry-network-sets-another-single-day-record/198/1053/99217,DMARC food pantry network sets another single-day record,20230110T180000Z,businessrecord.com,English,,monetary_policy,2023-01-10,2023-01-10 18:00:00+00:00,page_title,-0.476190476190476
https://womensagenda.com.au/latest/women-work-harder-than-men-our-anthropological-study-reveals-why/,Women work harder than men- our anthropological study reveals why,20230111T000000Z,womensagenda.com.au,English,CH,diplomacy,2023-01-11,2023-01-11 00:00:00+00:00,page_title,0.9765625
https://me.smenet.org/webContent.cfm?context=1&webarticleid=4204,Mining Engineering Online,20230111T180000Z,smenet.org,English,GM,diplomacy,2023-01-11,2023-01-11 18:00:00+00:00,page_title,-3.87243735763098
https://www.asianinvestor.net:443/article/hkma-exchange-fund-how-it-selects-external-managers/482850,HKMA Exchange Fund: How it selects external managers | Asset Owners,20230111T180000Z,asianinvestor.net,English,MY,monetary_policy,2023-01-11,2023-01-11 18:00:00+00:00,page_title,0.520833333333333
https://www.thetimestribune.com/news/national_news/us-stocks-gain-ground-ahead-of-inflation-earnings-updates/article_a32054a0-7b2f-5d76-bd8f-58f8ebbd3c38.html,"US stocks gain ground ahead of inflation, earnings updates",20230111T180000Z,thetimestribune.com,English,US,monetary_policy,2023-01-11,2023-01-11 18:00:00+00:00,page_title,-2.34042553191489
https://accesswdun.com/article/2023/1/1160351,Los Angeles chief 'deeply concerned' by 2 police shooti...,20230112T060000Z,accesswdun.com,English,SP,diplomacy,2023-01-12,2023-01-12 06:00:00+00:00,page_title,-7.36342042755344
https://economictimes.indiatimes.com/industry/services/retail/ahead-of-2024-general-elections-modi-govt-has-a-plan-for-small-retailers/articleshow/97030971.cms,"Narendra Modi government: Ahead of 2024 general elections, Modi govt has a plan for India's small retailers",20230116T120000Z,indiatimes.com,English,IN,monetary_policy,2023-01-16,2023-01-16 12:00:00+00:00,page_title,0.248138957816377
https://www.abqjournal.com/2565215/torre-zsets-focus-on-childrens-civil-rights-ex-new-ag-prioritizes-t.html,Torrez sets focus on children's civil rights,20230117T060000Z,abqjournal.com,English,US,conflict,2023-01-17,2023-01-17 06:00:00+00:00,page_title,-2.5028441410694
https://www.birminghammail.co.uk/news/midlands-news/two-fresh-train-strike-dates-25996643,Two fresh train strike dates announced in February 2023 - full list,20230117T120000Z,birminghammail.co.uk,English,UK,monetary_policy,2023-01-17,2023-01-17 12:00:00+00:00,page_title,-2.05655526992288
https://www.etfdailynews.com/2023/01/17/pinnacle-associates-ltd-has-377000-stock-position-in-coterra-energy-inc-nysectra/,"Pinnacle Associates Ltd. Has $377,000 Stock Position in Coterra Energy Inc. (NYSE:CTRA)",20230117T120000Z,etfdailynews.com,English,US,energy,2023-01-17,2023-01-17 12:00:00+00:00,page_title,0.575263662511985
https://www.areadevelopment.com/newsItems/1-18-2023/the-upcycle-company-bishopville-south-carolina.shtml,"The Upcycle Company Plans Bishopville, South Carolina, Operations",20230118T180000Z,areadevelopment.com,English,US,energy,2023-01-18,2023-01-18 18:00:00+00:00,page_title,3.63128491620112
https://www.massdevice.com/cardiorenal-systems-fda-breakthrough-renalguard/,CardioRenal Systems wins breakthrough nod for RenalGuard,20230120T180000Z,massdevice.com,English,,political_risk,2023-01-20,2023-01-20 18:00:00+00:00,page_title,-2.46305418719212
https://rock1017fm.iheart.com/content/2023-01-21-new-details-emerge-about-custody-battle-for-lisa-marie-presleys-children/,New Details Emerge About Custody Arrangement For Lisa Marie Presley's Kids,20230121T180000Z,iheart.com,English,US,conflict,2023-01-21,2023-01-21 18:00:00+00:00,page_title,-3.18302387267904
https://www.wcsy.com/2023/01/21/county-road-association-seeking-plan-for-road-revenue/,County Road Association seeking plan for road revenue,20230122T000000Z,wcsy.com,English,US,diplomacy,2023-01-22,2023-01-22 00:00:00+00:00,page_title,-1.04712041884817
https://www.thesundaily.my/world/france-germany-bid-to-firm-ties-strained-by-ukraine-invasion-MH10536831,"France, Germany bid to firm ties strained by Ukraine invasion",20230122T060000Z,thesundaily.my,English,FR,energy,2023-01-22,2023-01-22 06:00:00+00:00,page_title,-1.70015455950541
https://www.thestar.com.my/aseanplus/aseanplus-news/2023/01/23/oil-prices-retreat-in-thin-trade-but-china-outlook-offers-support,"Oil prices retreat in thin trade, but China outlook offers support",20230123T060000Z,thestar.com.my,English,CH,energy,2023-01-23,2023-01-23 06:00:00+00:00,page_title,-0.529100529100529
https://www.rhyljournal.co.uk/news/national/23271213.labour-outline-proposals-fix-uks-tarnished-international-reputation/,Labour to outline proposals to fix UK's 'tarnished international reputation',20230124T000000Z,rhyljournal.co.uk,English,UK,conflict,2023-01-24,2023-01-24 00:00:00+00:00,page_title,2.31788079470199
https://m.lasvegassun.com/news/2023/jan/24/desantis-wages-war-on-wokeness-but-wont-even-defin/,DeSantis wages war on 'wokeness' but won't even define it,20230125T060000Z,lasvegassun.com,English,US,political_risk,2023-01-25,2023-01-25 06:00:00+00:00,page_title,-2.91164658634538
https://www.deseret.com/2023/1/24/23564290/would-you-walk-down-the-aisle-with-someone-who-doesnt-share-your-politics,Why do online dating sites ask about your politics?,20230125T060000Z,deseret.com,English,US,political_risk,2023-01-25,2023-01-25 06:00:00+00:00,page_title,0.982532751091703
https://www.desmoinesregister.com/story/news/politics/2023/01/26/gop-advances-bill-to-stop-iowans-buying-pop-candy-with-snap-benefits/69832971007/,"GOP advances bill to stop Iowans buying pop, candy with SNAP benefits",20230127T000000Z,desmoinesregister.com,English,US,diplomacy,2023-01-27,2023-01-27 00:00:00+00:00,page_title,0.840336134453781
https://uk.news.yahoo.com/hunt-rejects-tax-cut-plea-113107274.html,Hunt rejects tax cut plea and ducks questions about his personal taxes,20230127T120000Z,yahoo.com,English,FR,monetary_policy,2023-01-27,2023-01-27 12:00:00+00:00,page_title,-2.59179265658747
https://www.waterwaysjournal.net/2023/01/27/corps-seeking-public-input-on-wrda-implementation/,Corps Seeking Public Input On WRDA Implementation - The Waterways Journal,20230127T180000Z,waterwaysjournal.net,English,US,monetary_policy,2023-01-27,2023-01-27 18:00:00+00:00,page_title,-1.10864745011087
https://www.france24.com/en/live-news/20230129-qatar-joins-lebanon-gas-exploration-consortium,Qatar joins Lebanon gas exploration consortium,20230129T180000Z,france24.com,English,LE,conflict,2023-01-29,2023-01-29 18:00:00+00:00,page_title,-1.20192307692308
https://www.ifiberone.com/south_sound/news/national_news/bus-falls-off-bridge-catches-fire-in-pakistan-killing-40/article_ea0d32a1-2c0a-5a7c-bcdd-594c8f05947a.html,"Bus falls off bridge, catches fire in Pakistan, killing 40",20230130T060000Z,ifiberone.com,English,PK,conflict,2023-01-30,2023-01-30 06:00:00+00:00,page_title,-3.50467289719626
https://www.yorkpress.co.uk/news/national/23285267.blinken-calls-restraint-ahead-visit-jerusalem-west-bank/,Blinken calls for restraint ahead of visit to Jerusalem and West Bank,20230130T120000Z,yorkpress.co.uk,English,IS,diplomacy,2023-01-30,2023-01-30 12:00:00+00:00,page_title,-7.83699059561128
https://www.timescolonist.com/national-news/who-decides-the-covid-19-global-emergency-isnt-over-6455663,WHO decides the COVID-19 global emergency isn't over,20230130T180000Z,timescolonist.com,English,CA,conflict,2023-01-30,2023-01-30 18:00:00+00:00,page_title,-4.30232558139535
https://www.chinanationalnews.com/news/273470558/china-russia-relationship-a-threat-nato,China-Russia relationship a threat NATO,20230202T000000Z,chinanationalnews.com,English,CH,diplomacy,2023-02-02,2023-02-02 00:00:00+00:00,page_title,-3.50467289719626
https://fremonttribune.com/news/national/photos-scenes-from-punxsutawney-as-phil-predicts-6-more-weeks-of-winter/collection_7e94391b-514f-512f-9925-43c2dabc6ff5.html,Photos: Scenes from Punxsutawney as Phil predicts 6 more weeks of winter,20230202T180000Z,fremonttribune.com,English,RS,conflict,2023-02-02,2023-02-02 18:00:00+00:00,page_title,-7.69230769230769
https://www.freepressjournal.in/india/bjp-tmc-in-a-race-to-woo-tripura-voters,"BJP, TMC in a race to woo Tripura voters",20230206T180000Z,freepressjournal.in,English,IN,diplomacy,2023-02-06,2023-02-06 18:00:00+00:00,page_title,0.0
https://www.dispatch.com/story/news/crime/2023/02/06/columbus-police-to-release-footage-from-sunday-police-shooting/69878410007/,Columbus police to release footage from Sunday police shooting,20230207T000000Z,dispatch.com,English,US,conflict,2023-02-07,2023-02-07 00:00:00+00:00,page_title,-6.98985343855693
https://www.prnewswire.com/news-releases/the-data-economics-company-and-gordian-knot-strategies-announce-enkrateia-climate-investment-decision-support-platform-301740033.html,The Data Economics Company and Gordian Knot Strategies Announce Enkrateia Climate Investment Decision Support Platform,20230207T120000Z,prnewswire.com,English,,political_risk,2023-02-07,2023-02-07 12:00:00+00:00,page_title,5.08982035928144
https://www.ft.lk/news/Govt-delaying-polls-due-to-dwindling-voter-base-MP-Lakshman-Kiriella/56-745046,Govt. delaying polls due to dwindling voter base: MP Lakshman Kiriella,20230208T000000Z,ft.lk,English,CE,monetary_policy,2023-02-08,2023-02-08 00:00:00+00:00,page_title,-3.66088631984586
https://www.dailymaverick.co.za/article/2023-02-07-the-great-green-reset-of-sas-economy-demands-urgent-and-essential-action/,The great green reset of SA's economy demands urgent an...,20230208T000000Z,dailymaverick.co.za,English,FR,diplomacy,2023-02-08,2023-02-08 00:00:00+00:00,page_title,-1.41150922909881
https://www.streetinsider.com/General+News/JPMorgan+to+hire+more+than+500+small-business+bankers+over+2+years/21181535.html,JPMorgan to hire more than 500 small-business bankers over 2 years,20230208T180000Z,streetinsider.com,English,US,diplomacy,2023-02-08,2023-02-08 18:00:00+00:00,page_title,-1.98412698412698
https://www.thestatehousefile.com/politics/arming-teachers-pension-bill-state-of-the-union-reactions-and-more/article_1b8519a4-a7f1-11ed-ad59-475bb579d51c.html,"Arming teachers, pension bill, State of the Union reactions and more",20230209T000000Z,thestatehousefile.com,English,US,conflict,2023-02-09,2023-02-09 00:00:00+00:00,page_title,0.154320987654321
https://www.dailyindependent.com/national/live-updates-turkey-syria-quake-is-deadliest-since-2015/article_49e2feeb-982a-5af9-9631-1056f6b41727.html,"Live Updates | Turkey, Syria quake is deadliest since 2015",20230209T000000Z,dailyindependent.com,English,TU,monetary_policy,2023-02-09,2023-02-09 00:00:00+00:00,page_title,-2.16178521617852
https://www.newjerseytelegraph.com/news/273491950/the-fresh-factory-announces-closing-of-first-tranche-of-private-placement,The Fresh Factory Announces Closing of First Tranche of Private Placement,20230209T180000Z,newjerseytelegraph.com,English,US,monetary_policy,2023-02-09,2023-02-09 18:00:00+00:00,page_title,2.20483641536273
https://www.berkshireeagle.com/news/central_berkshires/potholes-in-pittsfield-and-north-adams-cause-headaches-and-bumpy-rides-for-drivers/article_9534f69e-a8cc-11ed-92ab-af2058f12f0a.html,Where are the worst potholes in Berkshire County? Eagle reporters got out their measuring tapes,20230210T180000Z,berkshireeagle.com,English,,conflict,2023-02-10,2023-02-10 18:00:00+00:00,page_title,-4.15929203539823
https://www.wxpr.org/2023-02-10/brazils-new-president-is-meeting-with-biden-to-talk-climate-change-and-democracy,Brazil's new president is meeting with Biden to talk climate change and democracy,20230210T180000Z,wxpr.org,English,US,political_risk,2023-02-10,2023-02-10 18:00:00+00:00,page_title,-1.38248847926267
https://www.graphic.com.gh/features/opinion/eighth-parliament-has-it-delivered.html,Eighth Parliament: Has it delivered?,20230211T180000Z,graphic.com.gh,English,GH,political_risk,2023-02-11,2023-02-11 18:00:00+00:00,page_title,-4.90716180371353
https://www.israelnationalnews.com/flashes/599728,Bennett reveals:  'Changes we made to 'open-fire' procedure have saved lives',20230212T120000Z,israelnationalnews.com,English,,conflict,2023-02-12,2023-02-12 12:00:00+00:00,page_title,0.0
https://hanfordsentinel.com/opinion/columnists/california-s-housing-duel-between-state-and-local-governments-intensifies-dan-walters/article_5ad8e6be-14c0-5469-8b75-7394a62509d2.html,California's housing duel between state and local governments intensifies | Dan Walters | Columnist,20230214T180000Z,hanfordsentinel.com,English,US,monetary_policy,2023-02-14,2023-02-14 18:00:00+00:00,page_title,-2.68562401263823
https://www.mnn.org/watch/programs/attica-then-attica-now-50-years-later,"Attica Then, Attica Now: 50 Years Later",20230214T180000Z,mnn.org,English,US,diplomacy,2023-02-14,2023-02-14 18:00:00+00:00,page_title,-13.5746606334842
https://www.theday.com/housing-solutions-lab/20230214/zoning-for-affordability-housing-advocates-say-public-support-is-there/,Zoning for affordability: Housing advocates say public support is there,20230215T000000Z,theday.com,English,US,diplomacy,2023-02-15,2023-02-15 00:00:00+00:00,page_title,1.39500734214391
https://www.daijiworld.com/news/newsDisplay?newsID=1050996,Twelve cheetahs to be translocated from S Africa to India on Feb 18,20230216T120000Z,daijiworld.com,English,IN,diplomacy,2023-02-16,2023-02-16 12:00:00+00:00,page_title,1.08892921960073
https://www.mtlblog.com/netflix-is-releasing-a-pornhub-documentary-that-aims-to-expose-the-montreal-company,Netflix Is Releasing A Pornhub Documentary That Aims To Expose The Montreal Company,20230217T000000Z,mtlblog.com,English,,political_risk,2023-02-17,2023-02-17 00:00:00+00:00,page_title,-1.65289256198347
https://www.wral.com/restaurant-ratings-backyard-bbq-pit-bulkogi-at-boxyard-rtp-and-thai-cafe/20725771/,"Restaurant Ratings: Backyard BBQ Pit, Bulkogi at Boxyard RTP and Thai Cafe",20230218T000000Z,wral.com,English,TH,conflict,2023-02-18,2023-02-18 00:00:00+00:00,page_title,-3.77358490566038
https://www.wirralglobe.co.uk/news/national/23330613.crowds-gather-vigil-brianna-ghey-home-town/,Crowds gather at vigil for Brianna Ghey in her home town,20230218T000000Z,wirralglobe.co.uk,English,UK,conflict,2023-02-18,2023-02-18 00:00:00+00:00,page_title,-0.831024930747922
https://english.news.cn/20230219/5a7ff951de254c1a8b03c84d7b4ffd45/c.html,"Senior Chinese diplomat urges respect for sovereignty, territorial integrity of all countries-Xinhua",20230219T000000Z,english.news.cn,English,GM,diplomacy,2023-02-19,2023-02-19 00:00:00+00:00,page_title,-5.2863436123348
https://www.foxnews.com/us/woman-waves-loaded-handgun-mcdonalds-drive-thru-free-cookie-incident-affidavit,Woman waves loaded handgun at McDonald's drive-thru after free cookie incident: affidavit,20230219T180000Z,foxnews.com,English,US,conflict,2023-02-19,2023-02-19 18:00:00+00:00,page_title,-6.71641791044776
https://www.seatrade-maritime.com/regulation/cyprus-pushes-eu-support-over-shipping-industry-sanctions-impact,Cyprus seeking EU support for shipping industry sanctions impact,20230220T060000Z,seatrade-maritime.com,English,BE,political_risk,2023-02-20,2023-02-20 06:00:00+00:00,page_title,-2.31884057971014
https://www.kuwaittimes.com/moroccans-defy-ban-to-protest-surging-costs-of-food-and-fuel/,Moroccans defy ban to protest surging costs of food and fuel,20230220T180000Z,kuwaittimes.com,English,MO,monetary_policy,2023-02-20,2023-02-20 18:00:00+00:00,page_title,-4.98084291187739
https://www.britainnews.net/news/273551156/we-have-cautioned-foreign-govts-that-these-are-very-radical-extremist-forces-at-work-jaishankar-on-attacks-on-temples-overseas,"""We have cautioned foreign govts that these are very radical, extremist forces at work"": Jaishankar on attacks on temples overseas",20230221T180000Z,britainnews.net,English,AS,conflict,2023-02-21,2023-02-21 18:00:00+00:00,page_title,-4.83870967741935
https://www.wsiu.org/2023-02-26/how-to-help-young-people-limit-screen-time-and-feel-better-about-how-they-look,How to help young people limit screen time — and feel better about how they look,20230226T120000Z,wsiu.org,English,TH,political_risk,2023-02-26,2023-02-26 12:00:00+00:00,page_title,0.791936645068394
https://tribune.com.pk/story/2403389/pti-wins-na-193-by-poll,PTI wins NA-193 by-poll,20230227T060000Z,tribune.com.pk,English,PK,political_risk,2023-02-27,2023-02-27 06:00:00+00:00,page_title,2.13219616204691
https://www.ft.com/content/beaed1d3-1478-49c1-ae9c-4fe5ade62b5d,Solar set to overtake other energy sources by 2027,20230227T060000Z,ft.com,English,CH,monetary_policy,2023-02-27,2023-02-27 06:00:00+00:00,page_title,-1.0989010989011
https://www.adgully.com/idpl-digital-properties-to-present-a-detailed-analysis-on-assembly-elections-129034.html,IDPL Digital properties to present a detailed analysis on Assembly elections,20230228T060000Z,adgully.com,English,IN,political_risk,2023-02-28,2023-02-28 06:00:00+00:00,page_title,1.81818181818182
https://www.brisbanetimes.com.au/business/companies/milklab-maker-hopes-for-coffee-culture-to-continue-despite-cost-of-living-crisis-20230227-p5cnzd.html,Milklab maker Noumi (ASX: NOU) banks on coffee sales as it posts net losses of $23.6 million,20230228T060000Z,brisbanetimes.com.au,English,AS,conflict,2023-02-28,2023-02-28 06:00:00+00:00,page_title,-0.214132762312634
https://www.cbc.ca/news/canada/edmonton/hydro-once-made-up-around-half-of-alberta-s-power-capacity-why-does-alberta-have-so-little-now-1.6744209,Hydro once made up around half of Alberta's power capacity. Why does Alberta have so little now?,20230228T120000Z,cbc.ca,English,CA,conflict,2023-02-28,2023-02-28 12:00:00+00:00,page_title,0.0938086303939963
https://www.ndtv.com/india-news/ahead-of-vote-count-assam-chief-ministers-big-prediction-3822805,"Ahead Of Vote Count, Assam Chief Minister's Big Prediction",20230228T180000Z,ndtv.com,English,IN,diplomacy,2023-02-28,2023-02-28 18:00:00+00:00,page_title,4.51127819548872
https://www.abc15.com/news/national/american-cite-high-costs-as-barrier-to-getting-health-care,Americans cite high costs as barrier to getting health care,20230228T180000Z,abc15.com,English,US,monetary_policy,2023-02-28,2023-02-28 18:00:00+00:00,page_title,1.19521912350598
https://95wxtk.iheart.com/content/2023-03-01-man-found-carrying-800-year-old-mummified-corpse-in-food-delivery-bag/,Man Found Carrying 800-Year-Old Mummified Corpse In Food Delivery Bag,20230301T180000Z,iheart.com,English,PE,conflict,2023-03-01,2023-03-01 18:00:00+00:00,page_title,-0.36231884057971
https://www.yakimaherald.com/news/nation_and_world/world/a-decade-under-maduro-migration-marks-venezuelans-lives/article_28bd57a1-c716-5630-95aa-baa60e642768.html,"A decade under Maduro, migration marks Venezuelans' lives | World",20230304T000000Z,yakimaherald.com,English,VE,monetary_policy,2023-03-04,2023-03-04 00:00:00+00:00,page_title,-1.91221208170361
https://www.ilfordrecorder.co.uk/news/national/23363653.defra-lagging-behind-developing-net-zero-policies-documents-reveal/,"Defra lagging behind in developing net-zero policies, documents reveal",20230305T000000Z,ilfordrecorder.co.uk,English,UK,monetary_policy,2023-03-05,2023-03-05 00:00:00+00:00,page_title,-3.07377049180328
https://www.butlereagle.com/20230307/what-is-chinas-peace-proposal-for-ukraine-war/,What is China's peace proposal for Ukraine War? – Butler Eagle,20230307T060000Z,butlereagle.com,English,CH,diplomacy,2023-03-07,2023-03-07 06:00:00+00:00,page_title,-4.24528301886792
https://www.timesofisrael.com/liveblog_entry/hundreds-protesting-outside-home-of-likud-mk-yuli-edelstein/,Hundreds protesting outside home of Likud MK Yuli Edelstein,20230307T180000Z,timesofisrael.com,English,IS,political_risk,2023-03-07,2023-03-07 18:00:00+00:00,page_title,1.64383561643836
https://www.washingtonexaminer.com/policy/defense-national-security/zelensky-bakhmut-wagner-gains,Zelensky says Ukraine can't give up on Bahkmut as Russian mercenaries claim gains,20230308T180000Z,washingtonexaminer.com,English,UP,conflict,2023-03-08,2023-03-08 18:00:00+00:00,page_title,-0.29673590504451
https://miss103.iheart.com/content/2023-03-08-28-girls-hospitalized-after-fainting-while-playing-with-ouija-board/,28 Girls Hospitalized After Fainting While Playing With Ouija Board,20230308T180000Z,iheart.com,English,CO,conflict,2023-03-08,2023-03-08 18:00:00+00:00,page_title,-0.975609756097561
https://torontosun.com/news/world/japan-marks-12-years-from-tsunami-and-fukushima-nuclear-disaster,Japan marks 12 years from tsunami and Fukushima nuclear disaster,20230311T180000Z,torontosun.com,English,JA,energy,2023-03-11,2023-03-11 18:00:00+00:00,page_title,-1.01382488479263
https://www.sanantoniopost.com/news/273620605/bjp-unleased-post-poll-violence-after-getting-majority-in-tripura-opposition-delegation,BJP unleased post-poll violence after getting majority in Tripura: Opposition delegation,20230312T180000Z,sanantoniopost.com,English,IN,conflict,2023-03-12,2023-03-12 18:00:00+00:00,page_title,-4.99306518723994
https://www.freepressjournal.in/mumbai/thane-police-issues-show-cause-notice-to-four-ncp-workers-for-assaulting-tmc-assistant-commissioner-mahesh-aher,Thane: Police issues show cause notice to four NCP workers for assaulting TMC Assistant Commissioner Mahesh Aher,20230313T180000Z,freepressjournal.in,English,IN,political_risk,2023-03-13,2023-03-13 18:00:00+00:00,page_title,-3.20512820512821
http://www.sun-sentinel.com/news/crime/fl-ne-xxxtentacion-verdict-watch-20230313-n3tqu5nhs5fhtloswlvqa35qim-story.html,"Verdict remains elusive for three men accused of robbing, killing rapper XXXTentacion",20230314T000000Z,sun-sentinel.com,English,,conflict,2023-03-14,2023-03-14 00:00:00+00:00,page_title,-6.78513731825525
https://www.thesouthafrican.com/news/world-news/rural-poverty-is-getting-worse-and-welfare-harder-to-access-breaking-14-march-2023/,Rural poverty is getting worse and welfare harder to access,20230314T120000Z,thesouthafrican.com,English,UK,political_risk,2023-03-14,2023-03-14 12:00:00+00:00,page_title,-5.078125
https://peacefmonline.com/pages/local/news/202303/484662.php,Nigeria Central Bank Says Old Naira Notes Still Legal Tender,20230314T120000Z,peacefmonline.com,English,NI,monetary_policy,2023-03-14,2023-03-14 12:00:00+00:00,page_title,-2.92682926829268
https://www.albanyherald.com/news/world_nation/did-deregulation-lead-to-silicon-valley-banks-collapse/article_730f0a05-09d9-5442-a81b-23d970f9cec3.html,Did deregulation lead to Silicon Valley Bank's collapse?,20230315T000000Z,albanyherald.com,English,US,monetary_policy,2023-03-15,2023-03-15 00:00:00+00:00,page_title,-3.27635327635328
https://www.jwire.com.au/israeli-reserve-pilots-to-refuse-training-this-week-in-protest-against-judicial-reform/,Israeli reserve pilots to refuse training this week in protest against judicial reform – J-Wire,20230320T120000Z,jwire.com.au,English,IS,diplomacy,2023-03-20,2023-03-20 12:00:00+00:00,page_title,-3.7037037037037
https://www.sandiegouniontribune.com/news/nation-world/story/2023-03-20/3-stabbed-at-canadian-hospital-student-in-custody,"3 stabbed at Canadian hospital, student in custody",20230320T180000Z,sandiegouniontribune.com,English,CA,conflict,2023-03-20,2023-03-20 18:00:00+00:00,page_title,-7.35294117647059
https://www.dailymail.co.uk/tvshowbiz/article-11882039/Jewel-talks-abusive-father-poverty-stricken-childhood-scheming-mother.html,"Jewel talks about her abusive father, poverty stricken childhood and scheming mother",20230320T180000Z,dailymail.co.uk,English,US,political_risk,2023-03-20,2023-03-20 18:00:00+00:00,page_title,0.936599423631124
https://kesq.com/news/ap-california/2023/03/20/army-of-lobbyists-helped-water-down-banking-regulations/,Army of lobbyists helped water down banking regulations,20230321T060000Z,kesq.com,English,US,diplomacy,2023-03-21,2023-03-21 06:00:00+00:00,page_title,-1.04166666666667
https://www.postcrescent.com/story/news/2023/03/21/appleton-lgbtq-activist-kathy-flores-stepping-down/69949803007/,Appleton LGBTQ activist Kathy Flores stepping down,20230321T120000Z,postcrescent.com,English,US,political_risk,2023-03-21,2023-03-21 12:00:00+00:00,page_title,0.224592925322852
https://www.producer.com/market_update/canadian-dollar-and-business-outlook-1862/,Canadian dollar and business outlook | The Western Producer,20230323T180000Z,producer.com,English,US,monetary_policy,2023-03-23,2023-03-23 18:00:00+00:00,page_title,0.0
https://scrippsnews.com/stories/utah-law-aims-to-curb-teen-use-of-tiktok-instagram/,"Utah law aims to curb teen use of TikTok, Instagram",20230324T000000Z,scrippsnews.com,English,US,conflict,2023-03-24,2023-03-24 00:00:00+00:00,page_title,-1.02941176470588
https://www.naroomanewsonline.com.au/story/8134874/cost-of-diesel-stubbornly-high-as-war-ratchets-up-price/?cs=14264,Cost of diesel stubbornly high as war ratchets up price,20230324T060000Z,naroomanewsonline.com.au,English,AS,energy,2023-03-24,2023-03-24 06:00:00+00:00,page_title,-2.35849056603774
https://www.talkvietnam.com/tag/best-2030-target-funds/,Best 2030 target funds – Talk Vietnam,20230324T120000Z,talkvietnam.com,English,VM,monetary_policy,2023-03-24,2023-03-24 12:00:00+00:00,page_title,0.0
https://www.theleader.com.au/story/8135039/leaders-vie-for-final-votes-as-nsw-nears-election-end/?cs=1507,Leaders vie for final votes as NSW nears election end,20230325T060000Z,theleader.com.au,English,AS,monetary_policy,2023-03-25,2023-03-25 06:00:00+00:00,page_title,1.24309392265193
https://www.capitalfm.co.ke/business/2023/03/imf-chief-warns-risks-to-financial-stability-have-increased/,IMF chief warns risks to financial stability have increased,20230326T180000Z,capitalfm.co.ke,English,CH,monetary_policy,2023-03-26,2023-03-26 18:00:00+00:00,page_title,-5.08083140877598
https://www.wlwt.com/article/local-law-enforcement-searching-for-escaped-inmate/43422450,Local law enforcement searching for escaped inmate from River City Correctional Center,20230327T060000Z,wlwt.com,English,US,conflict,2023-03-27,2023-03-27 06:00:00+00:00,page_title,-2.44648318042813
https://www.local10.com/news/florida/2023/03/27/florida-gas-prices-drop-9-cents-last-week/,Florida gas prices drop 9 cents last week,20230327T120000Z,local10.com,English,US,energy,2023-03-27,2023-03-27 12:00:00+00:00,page_title,-2.10526315789474
https://www.iraqinews.com/iraq/al-faw-grand-port-to-be-deeper-than-suez-canal/,Al-Faw Grand Port to be deeper than Suez Canal,20230327T180000Z,iraqinews.com,English,IZ,energy,2023-03-27,2023-03-27 18:00:00+00:00,page_title,1.2987012987013
https://pakobserver.net/no-talks-with-ik-unless-he-apologises-to-public-pm/,No talks with IK unless he apologises to public: PM,20230329T000000Z,pakobserver.net,English,PK,political_risk,2023-03-29,2023-03-29 00:00:00+00:00,page_title,-2.88808664259928
https://www.jns.org/opinion/why-did-the-biden-administration-oppose-israeli-judicial-reform/,Why did the Biden administration oppose Israeli judicial reform?,20230329T060000Z,jns.org,English,IS,diplomacy,2023-03-29,2023-03-29 06:00:00+00:00,page_title,-3.78571428571429
https://www.bbc.co.uk/news/uk-53699511,How many people cross the Channel in small boats and where do they come from?,20230329T120000Z,bbc.co.uk,English,AF,conflict,2023-03-29,2023-03-29 12:00:00+00:00,page_title,-3.94036208732694
https://www.independent.ie/world-news/no-economic-growth-forecast-until-next-year-as-outlook-exceedingly-uncertain-42410342.html,No economic growth forecast until next year as outlook 'exceedingly uncertain',20230330T000000Z,independent.ie,English,UK,monetary_policy,2023-03-30,2023-03-30 00:00:00+00:00,page_title,-0.204498977505112
https://www.rttnews.com/story.aspx?Id=3353313,Asian Markets Trading Mixed,20230330T060000Z,rttnews.com,English,JA,energy,2023-03-30,2023-03-30 06:00:00+00:00,page_title,-1.78372352285396
https://www.msn.com/en-xl/news/other/40-forty-lounge-details-of-nairobi-club-owners/ar-AA19ikoC,40 Forty Lounge: Details of Nairobi Club Owners,20230331T060000Z,msn.com,English,KE,diplomacy,2023-03-31,2023-03-31 06:00:00+00:00,page_title,7.41525423728814
https://wfin.com/fox-world-news/just-stop-oil-protestors-who-stormed-british-grand-prix-track-avoid-prison-time/,'Just Stop Oil' protestors who stormed British Grand Prix track avoid prison time,20230401T000000Z,wfin.com,English,UK,energy,2023-04-01,2023-04-01 00:00:00+00:00,page_title,-7.19794344473008
https://newbusinessethiopia.com/health/who-provides-health-services-to-somali-refugees-in-ethiopia/,WHO provides health services to Somali refugees in Ethiopia – New Business Ethiopia,20230401T000000Z,newbusinessethiopia.com,English,ET,conflict,2023-04-01,2023-04-01 00:00:00+00:00,page_title,-5.50621669626998
https://www.basingstokegazette.co.uk/news/national/23429664.donald-trump-deliver-remarks-florida-club-arraignment/,Donald Trump to deliver 'remarks' at his Florida club after arraignment,20230402T180000Z,basingstokegazette.co.uk,English,US,political_risk,2023-04-02,2023-04-02 18:00:00+00:00,page_title,-6.29370629370629
https://www.bignewsnetwork.com/news/273707400/california-says-half-of-heavy-duty-trucks-to-be-electric-by-2035,California says half of heavy duty trucks to be electric by 2035,20230404T180000Z,bignewsnetwork.com,English,US,conflict,2023-04-04,2023-04-04 18:00:00+00:00,page_title,-4.44444444444444
https://en.ammonnews.net/article/64977,"Qatar Strongly Condemns Israeli Occupation Forces' Storming of Al-Aqsa Mosque, Attacking Worshipers | World",20230405T120000Z,ammonnews.net,English,IS,conflict,2023-04-05,2023-04-05 12:00:00+00:00,page_title,-2.69360269360269
https://gazette.com/news/us-world/s-p-nasdaq-slip-as-weak-private-payrolls-data-feeds-recession-fears/article_dfb643e5-3e73-514b-b1da-f30a3e297c66.html,"S&P, Nasdaq fall as recession worries mount on weak economic data",20230405T180000Z,gazette.com,English,IN,monetary_policy,2023-04-05,2023-04-05 18:00:00+00:00,page_title,-1.86440677966102
https://www.staradvertiser.com/2023/04/06/hawaii-news/ruling-opens-path-for-uh-grad-students-to-unionize/,Ruling opens path for UH grad students to unionize,20230406T120000Z,staradvertiser.com,English,US,diplomacy,2023-04-06,2023-04-06 12:00:00+00:00,page_title,0.0
https://www.eurasiareview.com/08042023-the-shift-from-pink-to-green-in-latin-america-oped/,The Shift From Pink To Green In Latin America – OpEd,20230408T000000Z,eurasiareview.com,English,US,diplomacy,2023-04-08,2023-04-08 00:00:00+00:00,page_title,-0.541892455189662
https://www.stroudnewsandjournal.co.uk/news/national/23444240.junior-doctor-strikes-cause-unparalleled-levels-disruption---nhs-boss/,Junior doctor strikes to cause 'unparalleled levels of disruption' – NHS boss,20230409T000000Z,stroudnewsandjournal.co.uk,English,UK,diplomacy,2023-04-09,2023-04-09 00:00:00+00:00,page_title,-1.74563591022444
https://www.austinchronicle.com/events/arts/2023-04-09/,"Events - Arts - Sunday, April  9, 2023 - The Austin Chronicle",20230409T060000Z,austinchronicle.com,English,US,diplomacy,2023-04-09,2023-04-09 06:00:00+00:00,page_title,2.98818624044475
https://www.bucksfreepress.co.uk/news/23444942.royal-family-lookalikes-win-2k-hungry-horse-competition/,Royal Family lookalikes could win £2k from Hungry Horse competition,20230409T180000Z,bucksfreepress.co.uk,English,UK,conflict,2023-04-09,2023-04-09 18:00:00+00:00,page_title,1.98019801980198
https://www.wdiy.org/people/ruth-sherlock,Ruth Sherlock,20230411T120000Z,wdiy.org,English,LE,political_risk,2023-04-11,2023-04-11 12:00:00+00:00,page_title,-1.31578947368421
https://wisconsinexaminer.com/2023/04/12/shots-fired-data-reveals-issues-around-kenosha-innovation-neighborhood/,Gunshot data raises awkward questions for Kenosha Innovation Neighborhood,20230412T120000Z,wisconsinexaminer.com,English,US,diplomacy,2023-04-12,2023-04-12 12:00:00+00:00,page_title,-3.53045013239188
https://www.enfieldindependent.co.uk/news/national/23451945.junior-doctors-go-strike-third-day-government-urged-enter-talks/,Junior doctors go on strike for third day as Government urged to enter talks,20230413T060000Z,enfieldindependent.co.uk,English,UK,diplomacy,2023-04-13,2023-04-13 06:00:00+00:00,page_title,-1.81818181818182
https://www.bakersfield.com/ap/news/comstock-releases-shareholder-letter/article_ca2093cc-80cd-54ae-878c-8f26209f46b5.html,Comstock Releases Shareholder Letter,20230413T120000Z,bakersfield.com,English,US,diplomacy,2023-04-13,2023-04-13 12:00:00+00:00,page_title,-0.393922341024199
https://1063thebuzz.com/ixp/366/p/metallica-72-seasons-album-lyrics-all-songs/,Read the Lyrics to Every Song on Metallica's '72 Seasons' Album,20230414T180000Z,1063thebuzz.com,English,,diplomacy,2023-04-14,2023-04-14 18:00:00+00:00,page_title,-8.41286673736303
https://www.ndtv.com/india-news/gurugram-man-cheated-of-rs-9-lakh-in-online-fraud-3rd-case-this-week-cops-3949281,"Gurugram Man Cheated Of Rs 9 Lakh In Online Fraud, 3rd Case This Week: Cops",20230414T180000Z,ndtv.com,English,IN,political_risk,2023-04-14,2023-04-14 18:00:00+00:00,page_title,-5.21042084168337
https://www.moneyweb.co.za/news/economy/africa-faces-biggest-test-this-century-as-funds-dry-up-imf-says/,"Africa faces biggest test this century as funds dry up, IMF says",20230414T180000Z,moneyweb.co.za,English,US,monetary_policy,2023-04-14,2023-04-14 18:00:00+00:00,page_title,-4.78821362799263
https://www.12newsnow.com/article/news/nation-world/sudans-army-and-rival-force-battle-killing-at-least-27-people/507-bebe0145-79aa-4130-a169-52bab2537023,"Sudan's army and rival force battle, dozens killed",20230416T180000Z,12newsnow.com,English,SU,political_risk,2023-04-16,2023-04-16 18:00:00+00:00,page_title,-5.5672268907563
https://www.oaoa.com/local-news/climate-envoy-kerry-no-rolling-back-clean-energy-transition/,Climate envoy Kerry: No rolling back clean energy transition,20230416T180000Z,oaoa.com,English,US,monetary_policy,2023-04-16,2023-04-16 18:00:00+00:00,page_title,0.422832980972516
https://www.africanexaminer.com/all-inec-national-commissioners-meet-over-adamawa-poll/,All INEC National Commissioners Meet Over Adamawa Poll,20230418T120000Z,africanexaminer.com,English,NI,diplomacy,2023-04-18,2023-04-18 12:00:00+00:00,page_title,0.0
https://www.upr.org/npr-news/2023-04-19/there-are-even-more-2020-election-defamation-suits-beyond-the-fox-dominion-case,There are even more 2020 election defamation suits beyond the Fox-Dominion case,20230419T120000Z,upr.org,English,US,political_risk,2023-04-19,2023-04-19 12:00:00+00:00,page_title,-4.52755905511811
https://www.dailypolitical.com/2023/04/19/sonnipe-ltd-invests-502000-in-martin-marietta-materials-inc-nysemlm.html,"Solstein Capital LLC Boosts Holdings in Endeavor Group Holdings, Inc. (NYSE:EDR)",20230419T180000Z,dailypolitical.com,English,,diplomacy,2023-04-19,2023-04-19 18:00:00+00:00,page_title,1.86199342825849
https://www.hepburnadvocate.com.au/story/8165805/wechat-worse-than-tiktok-foreign-interference-expert-tells-hearing/?cs=2929,US expert Seth Kaplan urges Australian govt to ban WeChat due to foreign interference concerns | The Advocate - Hepburn,20230420T060000Z,hepburnadvocate.com.au,English,AS,political_risk,2023-04-20,2023-04-20 06:00:00+00:00,page_title,-3.22108345534407
https://www.bozemandailychronicle.com/ap_news/business/biden-to-sign-order-prioritizing-environmental-justice/article_77109222-0409-5162-8eb5-6090efa287b2.html,Biden to sign order prioritizing 'environmental justice',20230421T120000Z,bozemandailychronicle.com,English,US,energy,2023-04-21,2023-04-21 12:00:00+00:00,page_title,-0.371747211895911
https://www.arabherald.com/news/273770858/kenya-offers-to-host-mediation-process-to-resolve-crisis-in-sudan,Kenya offers to host mediation process to resolve crisis in Sudan,20230421T180000Z,arabherald.com,English,SU,diplomacy,2023-04-21,2023-04-21 18:00:00+00:00,page_title,-1.42857142857143
https://www.dailyfreeman.com/2023/04/21/bearsville-center-owner-lizzie-vann-buying-former-lasher-funeral-home-property-in-woodstock/,Bearsville Center owner Lizzie Vann buying former Lasher Funeral Home property in Woodstock,20230422T000000Z,dailyfreeman.com,English,UK,political_risk,2023-04-22,2023-04-22 00:00:00+00:00,page_title,0.530035335689046
https://www.talkvietnam.com/tag/vellayani-temple-festival/,Vellayani temple festival – Talk Vietnam,20230424T180000Z,talkvietnam.com,English,VM,conflict,2023-04-24,2023-04-24 18:00:00+00:00,page_title,1.90985485103132
https://www.civic.md/anunturi/achizitii/70445-unicef-lrps-9182275-communication-campaign-to-support-the-ongoing-promotion-of-bebbo-parenting-app-in-moldova.html,UNICEF LRPS-9182275 Communication campaign to support the ongoing promotion of Bebbo parenting app in Moldova,20230425T180000Z,civic.md,English,MD,political_risk,2023-04-25,2023-04-25 18:00:00+00:00,page_title,1.51515151515151
https://www.vermilionstandard.com:443/news/local-news/alberta-government-twinning-12-kilometres-of-highway-63-north-of-fort-mcmurray,Alberta twinning 12 kilometres of Highway 63 north of Fort McMurray,20230429T000000Z,vermilionstandard.com,English,CA,energy,2023-04-29,2023-04-29 00:00:00+00:00,page_title,0.533807829181494
https://www.northkoreatimes.com/news/273787404/us-to-send-nuclear-armed-submarines-to-korea,US to send nuclear-armed submarines to Korea,20230429T180000Z,northkoreatimes.com,English,KN,conflict,2023-04-29,2023-04-29 18:00:00+00:00,page_title,-2.10526315789474
https://www.civilsociety.co.uk/news/shortlist-announced-for-charity-awards-2023.html,Shortlist announced for Charity Awards 2023,20230503T120000Z,civilsociety.co.uk,English,UK,political_risk,2023-05-03,2023-05-03 12:00:00+00:00,page_title,9.71731448763251
https://www.streetinsider.com/Corporate+News/Osisko+Development+(ODV)+Announces+Supplemental+Listing+of+Warrants/21618052.html,Osisko Development (ODV) Announces Supplemental Listing of Warrants,20230505T120000Z,streetinsider.com,English,US,monetary_policy,2023-05-05,2023-05-05 12:00:00+00:00,page_title,0.396510705789056
https://www.moneycontrol.com/news/politics/congress-president-mallikarjun-kharge-attacks-modi-says-only-his-jacket-is-famous-he-changes-it-four-times-daily-10541631.html,"Congress President Mallikarjun Kharge attacks Modi, says only his 'jacket' is famous & he changes it four times daily",20230507T120000Z,moneycontrol.com,English,IN,conflict,2023-05-07,2023-05-07 12:00:00+00:00,page_title,-1.61662817551963
https://www.today.com/popculture/jessica-simpsons-daughter-used-birthday-wish-grandpas-cancer-rcna83236,Jessica Simpson's daughter used birthday wish on her grandpa's cancer,20230507T180000Z,today.com,English,US,conflict,2023-05-07,2023-05-07 18:00:00+00:00,page_title,4.03587443946188
https://www.therural.com.au/story/8185127/what-we-know-about-this-years-federal-budget/?cs=1784,What we know about this year's federal budget,20230508T060000Z,therural.com.au,English,AS,political_risk,2023-05-08,2023-05-08 06:00:00+00:00,page_title,0.613839285714286
https://www.thestar.com/news/world/middleeast/2023/05/08/airstrikes-kill-well-known-syrian-drug-kingpin.html,Airstrikes kill well-known Syrian drug kingpin,20230508T120000Z,thestar.com,English,SY,political_risk,2023-05-08,2023-05-08 12:00:00+00:00,page_title,-6.99088145896657
https://www.rhyljournal.co.uk/news/national/23508221.irish-deputy-premier-defends-comments-china-de-risking-balanced/,Irish deputy premier defends comments on China 'de-risking' as 'balanced',20230508T180000Z,rhyljournal.co.uk,English,CH,energy,2023-05-08,2023-05-08 18:00:00+00:00,page_title,-2.38473767885533
https://www.newsitem.com/news/national/putin-tells-wwii-event-west-is-waging-a-real-war-on-russia/article_bd7e8616-b0c5-5635-aaf4-168beaa579f8.html,Putin tells WWII event West is waging a 'real war' on Russia,20230509T120000Z,newsitem.com,English,RS,political_risk,2023-05-09,2023-05-09 12:00:00+00:00,page_title,-5.01750291715286
https://www.salon.com/2023/05/09/when-a-mass-shooter-is-a-supremacist-does-it-even-matter/,When a mass shooter is a white supremacist. Does it even matter?,20230509T180000Z,salon.com,English,US,conflict,2023-05-09,2023-05-09 18:00:00+00:00,page_title,-7.28175424079437
https://www.modernreaders.com/news/2023/05/10/royal-london-asset-management-ltd-has-82-22-million-stock-position-in-conocophillips-nysecop.html,Royal London Asset Management Ltd. Has $82.22 Million Stock Position in ConocoPhillips (NYSE:COP),20230510T180000Z,modernreaders.com,English,US,political_risk,2023-05-10,2023-05-10 18:00:00+00:00,page_title,1.37540453074434
https://www.coindesk.com/consensus-magazine/2023/05/10/rehypothecation-may-be-common-in-traditional-finance-but-it-will-never-work-with-bitcoin/,"Rehypothecation May Be Common in Traditional Finance, but It Will Never Work With Bitcoin",20230511T000000Z,coindesk.com,English,,monetary_policy,2023-05-11,2023-05-11 00:00:00+00:00,page_title,-0.998336106489185
https://www.globenewswire.com/news-release/2023/05/11/2666416/0/en/JD-com-Announces-Management-Changes.html,JD.com Announces Management Changes,20230511T120000Z,globenewswire.com,English,CH,diplomacy,2023-05-11,2023-05-11 12:00:00+00:00,page_title,2.67341040462428
https://www.opinionnigeria.com/the-unknown-fisher-woman-on-ayakoromo-river-by-asiayei-enaibo/,The Unknown Fisher Woman On Ayakoromo River -By Asiayei Enaibo,20230512T120000Z,opinionnigeria.com,English,NI,conflict,2023-05-12,2023-05-12 12:00:00+00:00,page_title,-0.650054171180931
https://www.srilankasource.com/news/273829805/us-stocks-make-minor-losses-on-softening-in-consumer-sentiment,U.S. stocks make minor losses on softening in consumer sentiment,20230513T000000Z,srilankasource.com,English,CA,diplomacy,2023-05-13,2023-05-13 00:00:00+00:00,page_title,-1.61117078410312
https://rollingstoneindia.com/the-biggest-messiest-band-breakups-in-music-history/,"The Biggest, Messiest Band Breakups in Music History",20230513T120000Z,rollingstoneindia.com,English,US,political_risk,2023-05-13,2023-05-13 12:00:00+00:00,page_title,-2.26211560135244
https://www.whtimes.co.uk/news/national/23521552.ministers-braced-fresh-industrial-unrest-nurses-gather-brighton/,Ministers braced for fresh industrial unrest as nurses gather in Brighton,20230515T000000Z,whtimes.co.uk,English,UK,diplomacy,2023-05-15,2023-05-15 00:00:00+00:00,page_title,-0.823045267489712
https://www.erienewsnow.com/story/48906399/european-union-upgrades-outlook-for-economy-as-energy-prices-retreat,European Union upgrades outlook for economy as energy prices retreat,20230515T120000Z,erienewsnow.com,English,CH,monetary_policy,2023-05-15,2023-05-15 12:00:00+00:00,page_title,-1.86915887850467
https://www.environmentalleader.com/2023/05/meps-legislation-to-improve-product-labeling-and-durability/,European Legislation to Improve Product Sustainability Labeling,20230516T180000Z,environmentalleader.com,English,HR,diplomacy,2023-05-16,2023-05-16 18:00:00+00:00,page_title,3.13111545988258
https://www.msn.com/en-us/news/crime/ameen-hurst-captured-after-philadelphia-prison-escape/ar-AA1bjMgw,Ameen Hurst captured after Philadelphia prison escape,20230517T180000Z,msn.com,English,US,diplomacy,2023-05-17,2023-05-17 18:00:00+00:00,page_title,-3.77358490566038
https://www.southeastasiapost.com/news/273835958/pakistan-one-killed-three-injured-in-peshawar-bomb-blast,"Pakistan: One killed, three injured in Peshawar bomb blast",20230519T000000Z,southeastasiapost.com,English,PK,conflict,2023-05-19,2023-05-19 00:00:00+00:00,page_title,-6.95187165775401
https://www.thompsoncitizen.net/national-news/eby-laments-bcs-troubling-overdose-numbers-as-toxic-drugs-take-206-more-lives-7022908,"Eby laments B.C.'s 'troubling' overdose numbers, as toxic drugs take 206 more lives",20230519T000000Z,thompsoncitizen.net,English,CA,conflict,2023-05-19,2023-05-19 00:00:00+00:00,page_title,-9.67741935483871
https://www.mortgagenewsdaily.com:443/markets/mortgage-rates-05192023,A Ceiling That Actually Matters,20230520T000000Z,mortgagenewsdaily.com,English,,monetary_policy,2023-05-20,2023-05-20 00:00:00+00:00,page_title,-0.615763546798029
https://thefrontierpost.com/short-term-inflation-remains-over-45pc/,Short-Term inflation remains over 45pc,20230520T120000Z,thefrontierpost.com,English,PK,monetary_policy,2023-05-20,2023-05-20 12:00:00+00:00,page_title,0.0
https://www.lmtonline.com/news/article/toxic-refinery-fires-leave-east-texas-residents-18110370.php,Toxic refinery fires leave East Texas residents reeling,20230521T000000Z,lmtonline.com,English,US,energy,2023-05-21,2023-05-21 00:00:00+00:00,page_title,-4.18353576248313
https://www.wuky.org/2023-05-20/striking-movie-and-tv-writers-worry-that-they-will-be-replaced-by-ai,Striking movie and TV writers worry that they will be replaced by AI,20230521T060000Z,wuky.org,English,US,diplomacy,2023-05-21,2023-05-21 06:00:00+00:00,page_title,-0.509090909090909
https://www.europesun.com/news/273838077/british-university-blocks-russian-writer,British university blocks Russian writer,20230521T120000Z,europesun.com,English,LH,conflict,2023-05-21,2023-05-21 12:00:00+00:00,page_title,-4.13385826771654
https://www.dailyliberal.com.au/story/8205633/australia-to-boost-png-ties-as-us-pivots-to-pacific/,Australia to boost PNG ties as US pivots to Pacific,20230523T000000Z,dailyliberal.com.au,English,AS,diplomacy,2023-05-23,2023-05-23 00:00:00+00:00,page_title,2.06489675516224
https://www.msn.com/en-in/news/other/the-significance-of-pm-modis-australia-visit-explained/ar-AA1bzpnV,The Significance of PM Modi's Australia Visit,20230523T120000Z,msn.com,English,AS,sanctions_trade,2023-05-23,2023-05-23 12:00:00+00:00,page_title,1.77890724269377
https://www.modernreaders.com/news/2023/05/23/stasis-euro-tops-one-day-volume-of-74282-99-eurs.html,"STASIS EURO Tops One Day Volume of $74,282.99 (EURS)",20230524T000000Z,modernreaders.com,English,MT,monetary_policy,2023-05-24,2023-05-24 00:00:00+00:00,page_title,0.401606425702811
https://www.readingeagle.com/2023/05/25/debt-ceiling-explained-white-house-republicans-scramble-for-deal-as-default-looms/,"Debt ceiling explained: White House, Republicans scramble for deal as default looms",20230526T000000Z,readingeagle.com,English,US,diplomacy,2023-05-26,2023-05-26 00:00:00+00:00,page_title,-3.51629502572899
https://panarmenian.net/eng/news/307526/,"Armenia, Russia, Azerbaijan to discuss unblocking of transport links",20230526T120000Z,panarmenian.net,English,RS,diplomacy,2023-05-26,2023-05-26 12:00:00+00:00,page_title,0.0
http://markets.buffalonews.com/buffnews/article/abnewswire-2023-5-27-astana-international-forum-unveils-renowned-speakers-and-prominent-partners,Stock Market,20230527T060000Z,buffalonews.com,English,CH,conflict,2023-05-27,2023-05-27 06:00:00+00:00,page_title,2.46710526315789
https://www.siliconindia.com/news/general/can-i-get-a-loan-on-twowheeler-nid-223254-cid-1.html,Can I get a Loan on Two-Wheeler?,20230527T180000Z,siliconindia.com,English,,monetary_policy,2023-05-27,2023-05-27 18:00:00+00:00,page_title,1.35823429541596
https://news.yahoo.com/ny-homeowner-accused-fatally-shooting-092935731.html,NY homeowner accused of fatally shooting woman who pulled into wrong driveway blamed 'hunters': court docs,20230528T120000Z,yahoo.com,English,US,political_risk,2023-05-28,2023-05-28 12:00:00+00:00,page_title,-9.0293453724605
https://markets.buffalonews.com/buffnews/article/etrendy-2023-5-31-aron-groups-broker-launches-social-trading-services-powered-by-brokeree-solutions,Stock Market,20230531T180000Z,buffalonews.com,English,CY,monetary_policy,2023-05-31,2023-05-31 18:00:00+00:00,page_title,3.86473429951691
http://morungexpress.com/khaps-extend-full-support-to-wrestlers-mull-approaching-president,"Khaps extend full support to wrestlers, mull approaching President",20230601T180000Z,morungexpress.com,English,IN,political_risk,2023-06-01,2023-06-01 18:00:00+00:00,page_title,-4.3956043956044
https://www.sierraleonetimes.com/news/273852476/us-stock-markets-in-sharp-advance-dow-jones-gains-more-than-2,"U.S. stock markets in sharp advance, Dow Jones gains more than 2%",20230603T000000Z,sierraleonetimes.com,English,AR,monetary_policy,2023-06-03,2023-06-03 00:00:00+00:00,page_title,-0.424088210347752
https://www.iraqsun.com/news/273852626/trouble-mounts-for-pakistan-govt-as-imf-rejects-loan-request,Trouble mounts for Pakistan govt as IMF rejects loan request,20230603T060000Z,iraqsun.com,English,PK,diplomacy,2023-06-03,2023-06-03 06:00:00+00:00,page_title,-1.26404494382022
https://www.capecodtimes.com/story/news/education/2023/06/05/modernization-needed-state-child-care-commissioner-amy-kershaw-cape-cod/70276108007/,"Modernization needed, says state child care Commissioner Amy Kershaw",20230605T120000Z,capecodtimes.com,English,US,diplomacy,2023-06-05,2023-06-05 12:00:00+00:00,page_title,-0.763358778625954
http://www.msn.com/en-us/news/politics/biden-supporters-use-fox-news-to-fight-kevin-mccarthy-s-debt-ceiling-win/ar-AA1ca1cH,Biden Supporters Use Fox News to Fight Kevin McCarthy's Debt Ceiling Win,20230605T180000Z,msn.com,English,US,diplomacy,2023-06-05,2023-06-05 18:00:00+00:00,page_title,0.344827586206897
https://abcnews.go.com/US/wireStory/virginia-jet-crash-victims-remembered-love-human-99884822,"Virginia jet crash victims remembered: ""I could not love a human being more""",20230607T000000Z,go.com,English,US,diplomacy,2023-06-07,2023-06-07 00:00:00+00:00,page_title,-0.705218617771509
https://theenterpriseleader.com/2023/06/07/fantom-ftm-price-reaches-0-29-on-major-exchanges.html,Fantom (FTM) Price Reaches $0.29 on Major Exchanges,20230608T000000Z,theenterpriseleader.com,English,,monetary_policy,2023-06-08,2023-06-08 00:00:00+00:00,page_title,1.36286201022147
https://www.financialexpress.com/market/banking-nbfc-stocks-jump-today-after-rbi-mpc-keeps-repo-rate-unchanged-bank-nifty-fin-nifty-psu-bank-gain/3117641/,"Banking, NBFC stocks jump today after RBI MPC keeps repo rate unchanged; Bank Nifty, Fin Nifty, PSU Bank gain",20230608T060000Z,financialexpress.com,English,IN,monetary_policy,2023-06-08,2023-06-08 06:00:00+00:00,page_title,2.8391167192429
https://indianautosblog.com/new-mercedes-g-class-launched-in-india-400d-adventure-400d-amg-p325976,New Mercedes G-Class Launched in India: 400d Adventure & 400d AMG,20230608T120000Z,indianautosblog.com,English,IN,energy,2023-06-08,2023-06-08 12:00:00+00:00,page_title,5.74712643678161
https://www.andoveradvertiser.co.uk/news/national/23575830.increase-number-teachers-leaving-profession-hugely-concerning/,Increase in number of teachers leaving profession 'hugely concerning',20230608T120000Z,andoveradvertiser.co.uk,English,,monetary_policy,2023-06-08,2023-06-08 12:00:00+00:00,page_title,1.43737166324435
https://www.921theticket.com/news/report-nuggets-thunder-swap-picks-including-first-rounders/,"Report: Nuggets, Thunder swap picks, including first-rounders",20230610T060000Z,921theticket.com,English,US,diplomacy,2023-06-10,2023-06-10 06:00:00+00:00,page_title,-0.729927007299271
https://www.theguardian.com/world/2023/jun/11/from-cranks-to-contenders-how-spains-far-right-vox-party-is-rising-toward-power,From 'cranks' to contenders: how Spain's far-right Vox party is rising toward power | Spain,20230611T120000Z,theguardian.com,English,SP,political_risk,2023-06-11,2023-06-11 12:00:00+00:00,page_title,-0.847457627118644
https://www.thedailystar.net/opinion/views/news/shouldnt-the-ec-be-saying-how-it-will-make-elections-free-and-fair-3343566,Shouldn't the EC be saying how it will make elections free and fair?,20230611T180000Z,thedailystar.net,English,BG,political_risk,2023-06-11,2023-06-11 18:00:00+00:00,page_title,-2.85062713797035
https://www.dailymail.co.uk/tvshowbiz/article-12185525/Iman-67-details-David-Bowie-gave-confidence.html,"Iman, 67, details how David Bowie gave her the confidence",20230612T120000Z,dailymail.co.uk,English,EG,conflict,2023-06-12,2023-06-12 12:00:00+00:00,page_title,1.45044319097502
https://hetq.am/en/article/157034,Armenia Exported 187% More to Russia in 2022,20230612T120000Z,hetq.am,English,AM,monetary_policy,2023-06-12,2023-06-12 12:00:00+00:00,page_title,0.980392156862745
https://www.mymotherlode.com/news/national/3125521/stock-market-today-global-markets-higher-ahead-of-us-inflation-fed-rates-decision.html,"Stock market today: Global markets higher ahead of US inflation, Fed rates decision",20230613T120000Z,mymotherlode.com,English,CH,monetary_policy,2023-06-13,2023-06-13 12:00:00+00:00,page_title,0.15625
https://thestreetjournal.org/kenya-starvation-cult-death-toll-exceeds-300-official/,Kenya Starvation Cult Death Toll Exceeds 300: Official,20230613T180000Z,thestreetjournal.org,English,KE,political_risk,2023-06-13,2023-06-13 18:00:00+00:00,page_title,-10.4693140794224
https://indianexpress.com/article/cities/delhi/noida-traffic-police-campaign-road-safety-8663821/,"Noida traffic police launch 15-day campaign to 'discipline' road users | Delhi News, The Indian Express",20230615T060000Z,indianexpress.com,English,IN,conflict,2023-06-15,2023-06-15 06:00:00+00:00,page_title,-6.48648648648649
https://www.dailymail.co.uk/tvshowbiz/article-12209337/Cancelled-influencer-gets-called-social-media-birthday-gaffe.html,Cancelled influencer gets called out for social media birthday gaffe,20230619T060000Z,dailymail.co.uk,English,AS,conflict,2023-06-19,2023-06-19 06:00:00+00:00,page_title,-1.42348754448399
https://www.am-online.com/news/dealer-news/2023/06/19/donnelly-group-predicts-30-fall-in-new-car-market-in-northern-ireland-due-to-ev,Donnelly Group predicts 30% fall in new car market in Northern Ireland due to EVs,20230619T120000Z,am-online.com,English,UK,monetary_policy,2023-06-19,2023-06-19 12:00:00+00:00,page_title,-1.46198830409357
https://www.dailynewsegypt.com/2023/06/20/why-did-egypts-inflation-increase-again-in-may-cbe-answers/,Why did Egypt's inflation increase again in May? CBE answers,20230620T120000Z,dailynewsegypt.com,English,EG,energy,2023-06-20,2023-06-20 12:00:00+00:00,page_title,0.576368876080692
https://www.thestar.com/news/world/us/2023/06/20/trial-begins-for-virginia-school-administrator-charged-with-perjury-in-probe-of-sex-assault-case.html,Trial begins for Virginia school administrator charged with perjury in probe of sex assault case,20230621T000000Z,thestar.com,English,,political_risk,2023-06-21,2023-06-21 00:00:00+00:00,page_title,-5.41237113402062
https://liteonline.com/ixp/659/p/idaho-potato-illegal-2023/,How To Go To Jail For Growing Idaho Potatoes,20230621T000000Z,liteonline.com,English,US,conflict,2023-06-21,2023-06-21 00:00:00+00:00,page_title,0.28735632183908
https://www.thetelegraphandargus.co.uk/news/national/23605448.worse-than-expected-inflation-figures-spark-economic-concerns/,Worse-than-expected inflation figures spark economic concerns,20230621T180000Z,thetelegraphandargus.co.uk,English,,monetary_policy,2023-06-21,2023-06-21 18:00:00+00:00,page_title,-1.03305785123967
http://jordantimes.com/news/business/musk-meets-modi-discuss-investment-india,Musk meets Modi to discuss investment in India,20230622T000000Z,jordantimes.com,English,IN,political_risk,2023-06-22,2023-06-22 00:00:00+00:00,page_title,-2.02312138728324
https://www.wfmz.com/news/ap/ap-business/yellen-says-its-critical-to-maintain-u-s--china-ties-after-bidens-dictator-remarks/article_fdb09bb0-f4a7-5403-b153-9bc3af18b1e4.html,Yellen says it's critical to maintain U.S.-China ties after Biden's dictator remarks,20230622T120000Z,wfmz.com,English,CH,diplomacy,2023-06-22,2023-06-22 12:00:00+00:00,page_title,-4.57256461232604
https://internationalsupermarketnews.com/uk-retail-rewards-programmes-influence-74-9-billion-in-consumer-spending/,UK RETAIL REWARDS PROGRAMMES INFLUENCE £74.9 BILLION IN CONSUMER SPENDING – International Supermarket News,20230622T120000Z,internationalsupermarketnews.com,English,RS,monetary_policy,2023-06-22,2023-06-22 12:00:00+00:00,page_title,0.147710487444609
https://www.springfieldnewssun.com/nation-world/sinema-cites-bill-targeting-leaders-of-failed-banks-after-criticism-of-her-wall-street-ties/WKBC52VVWRBNJMZLCXAEIPZ6WY/,Sinema cites bill targeting leaders of failed banks after criticism of her Wall Street ties,20230623T000000Z,springfieldnewssun.com,English,US,monetary_policy,2023-06-23,2023-06-23 00:00:00+00:00,page_title,-2.30263157894737
https://www.moneyweb.co.za/news/international/feds-powell-says-us-may-need-one-or-two-more-rate-hikes-in-2023/,Fed's Powell says US may need one or two more rate hikes in 2023,20230623T060000Z,moneyweb.co.za,English,US,monetary_policy,2023-06-23,2023-06-23 06:00:00+00:00,page_title,-0.970873786407767
https://www.thurrockgazette.co.uk/news/national/23618072.wagner-boss-prigozhin-belarus-confirms-countrys-president/,"Wagner boss Prigozhin is in Belarus, confirms country's president",20230627T180000Z,thurrockgazette.co.uk,English,RS,diplomacy,2023-06-27,2023-06-27 18:00:00+00:00,page_title,-6.58385093167702
https://www.timesandstar.co.uk/news/23617662.protests-held-long-running-refuse-dispute/,Protests held over long-running refuse dispute,20230627T180000Z,timesandstar.co.uk,English,UK,political_risk,2023-06-27,2023-06-27 18:00:00+00:00,page_title,-1.41987829614604
https://www.prnewswire.com/news-releases/edgewell-personal-care-releases-2022-sustainability-report-301864839.html,Edgewell Personal Care Releases 2022 Sustainability Report,20230627T180000Z,prnewswire.com,English,US,energy,2023-06-27,2023-06-27 18:00:00+00:00,page_title,4.6535677352637
https://www.redriverradio.org/2023-06-27/supreme-court-made-a-decision-that-could-protect-the-integrity-of-the-2024-election,Supreme Court made a decision that could protect the integrity of the 2024 election,20230627T180000Z,redriverradio.org,English,US,political_risk,2023-06-27,2023-06-27 18:00:00+00:00,page_title,1.03397341211226
https://www.namibian.com.na/mps-reject-law-giving-police-chief-power-to-share-info-with-foreigners/,MPs reject law giving police chief power to share info with foreigners,20230628T180000Z,namibian.com.na,English,WA,political_risk,2023-06-28,2023-06-28 18:00:00+00:00,page_title,-0.950871632329635
http://www.koreatimes.co.kr/www/nation/2023/06/205_353886.html,"Seoul, Washington moving to hold inaugural meeting of Nuclear Consultative Group: envoy",20230629T000000Z,koreatimes.co.kr,English,KS,diplomacy,2023-06-29,2023-06-29 00:00:00+00:00,page_title,-0.207468879668049
https://www.globenewswire.com/news-release/2023/06/29/2697357/0/en/UPDATE-Solera-Health-Names-Zachary-McBride-General-Counsel.html,UPDATE – Solera Health Names Zachary McBride General,20230629T180000Z,globenewswire.com,English,US,diplomacy,2023-06-29,2023-06-29 18:00:00+00:00,page_title,6.69014084507042
https://www.irishtimes.com/business/economy/2023/06/30/gabriel-makhlouf-keeping-the-lid-on-an-economy-in-danger-of-overheating/,Gabriel Makhlouf: 'Ireland doesn't show signs of an economy going into recession' – The Irish Times,20230630T120000Z,irishtimes.com,English,AS,monetary_policy,2023-06-30,2023-06-30 12:00:00+00:00,page_title,-1.99203187250996
https://www.greeleytribune.com/2023/06/30/editorial-farm-bill-about-helping-people-not-scoring-points/,"(Opinion) Other Voices: Farm Bill about helping people, not scoring points",20230630T180000Z,greeleytribune.com,English,US,political_risk,2023-06-30,2023-06-30 18:00:00+00:00,page_title,-1.91204588910134
https://www.ashleycountyledger.com/lifestyles/entertainment/michael-douglas-hails-late-alan-arkin-for-leaving-indelible-mark-on-cinema/article_2dcda770-31b0-5ee8-9aa9-bd2504f665f8.html,Michael Douglas hails late Alan Arkin for leaving 'indelible mark' on cinema | Entertainment,20230701T000000Z,ashleycountyledger.com,English,US,conflict,2023-07-01,2023-07-01 00:00:00+00:00,page_title,4.76190476190476
https://www.themarketsdaily.com/2023/07/01/betterwealth-llc-has-69-30-million-stake-in-dimensional-u-s-core-equity-2-etf-nysearcadfac.html,BetterWealth LLC Has $69.30 Million Stake in Dimensional U.S. Core Equity 2 ETF (NYSEARCA:DFAC),20230701T180000Z,themarketsdaily.com,English,,political_risk,2023-07-01,2023-07-01 18:00:00+00:00,page_title,1.25588697017268
https://www.courierpress.com/story/news/local/2023/07/01/will-it-storm-in-evansville-on-saturday-night/70376178007/,Will it storm in Evansville on Saturday night?,20230702T000000Z,courierpress.com,English,US,conflict,2023-07-02,2023-07-02 00:00:00+00:00,page_title,-3.69393139841689
https://www.talkvietnam.com/tag/gumbo-house-french-quarter/,Gumbo house french quarter – Talk Vietnam,20230703T060000Z,talkvietnam.com,English,VM,monetary_policy,2023-07-03,2023-07-03 06:00:00+00:00,page_title,1.40252454417952
https://www.leicestermercury.co.uk/whats-on/food-drink/pubs-restaurants-need-older-workers-8570236,"Pubs and restaurants need older workers to help fill 150,000 vacancies",20230703T120000Z,leicestermercury.co.uk,English,UK,conflict,2023-07-03,2023-07-03 12:00:00+00:00,page_title,2.57936507936508
https://www.catholicworldreport.com/2023/07/03/inter-american-court-of-human-rights-demands-immediate-release-of-nicaraguan-bishop-alvarez/,Inter-American Court of Human Rights demands immediate release of Nicaraguan Bishop Álvarez,20230704T060000Z,catholicworldreport.com,English,IT,political_risk,2023-07-04,2023-07-04 06:00:00+00:00,page_title,1.76544766708701
https://en.antaranews.com/news/287121/indonesia-rescues-1943-trafficking-victims-arrests-698-suspects,"Indonesia rescues 1,943 trafficking victims, arrests 698 suspects",20230704T120000Z,antaranews.com,English,ID,conflict,2023-07-04,2023-07-04 12:00:00+00:00,page_title,-5.44412607449857
https://www.vanguardngr.com/2023/07/banks-in-earnings-windfall-under-high-interest-rate-regime/,Banks in earnings windfall under high interest rate regime,20230710T060000Z,vanguardngr.com,English,NI,monetary_policy,2023-07-10,2023-07-10 06:00:00+00:00,page_title,0.355555555555555
http://www.koreatimes.co.kr/www/nation/2023/07/251_354676.html,"Audit shows NEC employees go on overseas trips, golf outings with commissioners' allowances",20230710T120000Z,koreatimes.co.kr,English,KS,political_risk,2023-07-10,2023-07-10 12:00:00+00:00,page_title,-2.77777777777778
https://www.klif.com/news/kurt-volker-to-newsmax-nato-must-tell-putin-he-wont-win-war/,Kurt Volker to Newsmax: NATO Must Tell Putin He Won't Win War,20230712T060000Z,klif.com,English,LH,diplomacy,2023-07-12,2023-07-12 06:00:00+00:00,page_title,-0.943396226415095
https://www.venezuelastar.com/news/273898251/what-this-years-el-nino-means-for-wheat-and-global-food-supply,What this year's El Nino means for wheat and global food supply,20230714T000000Z,venezuelastar.com,English,AR,energy,2023-07-14,2023-07-14 00:00:00+00:00,page_title,-3.44036697247706
https://www.siasat.com/assam-opp-slams-cms-remark-blaming-miya-muslims-for-rising-vegetable-prices-2642747/,Assam Opp slams CM's remark blaming Miya Muslims for rising vegetable prices,20230716T120000Z,siasat.com,English,IN,political_risk,2023-07-16,2023-07-16 12:00:00+00:00,page_title,-4.43159922928709
https://menafn.com/1106610247/Crypto-Crimes-Decreased-By-65-Compared-To-2022,Crypto Crimes Decreased By 65% Compared To 2022,20230717T000000Z,menafn.com,English,TU,political_risk,2023-07-17,2023-07-17 00:00:00+00:00,page_title,-1.15942028985507
https://newstodaynet.com/2023/07/18/bengaluru-oppn-meet-vs-bjp-led-ndas-show-of-strength-in-delhi/,Bengaluru Oppn meet vs BJP-led NDA's show of strength in Delhi - News Today,20230718T120000Z,newstodaynet.com,English,IN,conflict,2023-07-18,2023-07-18 12:00:00+00:00,page_title,0.0
https://www.wsiu.org/2023-07-18/in-malaysia-a-mom-is-contesting-her-kids-conversion-to-islam-its-a-landmark-case,"In Malaysia, a mom is contesting her kids' conversion to Islam. It's a landmark case",20230718T180000Z,wsiu.org,English,MY,conflict,2023-07-18,2023-07-18 18:00:00+00:00,page_title,-1.77083333333333
https://omaha.com/news/local/business/union-pacific-to-renew-push-for-1-person-crews-by-testing-conductors-in-trucks/article_a7bc72da-2589-11ee-8568-3fd78a5b8f9a.html,Union Pacific to renew push for 1-person crews by testing conductors in trucks,20230718T180000Z,omaha.com,English,US,energy,2023-07-18,2023-07-18 18:00:00+00:00,page_title,-1.58227848101266
https://www.wfmz.com/news/they-fled-syrias-shattering-civil-war-now-syrian-refugees-in-jordan-fear-being-forced-to/article_41a2239e-4f49-5b44-a943-5fefe17feb48.html,"They fled Syria's shattering civil war. Now, Syrian refugees in Jordan fear being forced to return",20230720T060000Z,wfmz.com,English,JO,conflict,2023-07-20,2023-07-20 06:00:00+00:00,page_title,-7.14285714285714
https://www.burytimes.co.uk/news/national/23675460.environment-campaign-organisation-loses-high-court-fight-shell-directors/,Environment campaign organisation loses High Court fight with Shell directors,20230724T120000Z,burytimes.co.uk,English,UK,energy,2023-07-24,2023-07-24 12:00:00+00:00,page_title,-0.78125
https://www.thehindu.com/news/cities/Mangalore/holiday-for-schools-colleges-in-dk-udupi-today/article67116442.ece,"Holiday for schools, colleges in DK, Udupi today",20230724T180000Z,thehindu.com,English,IN,conflict,2023-07-24,2023-07-24 18:00:00+00:00,page_title,-1.36363636363636
https://www.arabnews.com/node/2343621/middle-east,Israeli military kills 3 alleged Palestinian gunmen in volatile West Bank,20230725T060000Z,arabnews.com,English,IS,political_risk,2023-07-25,2023-07-25 06:00:00+00:00,page_title,-11.6788321167883
https://www.register-herald.com/news/nation_world/stock-market-today-wall-street-is-mixed-after-big-tech-profits-before-fed-decision/article_8368e072-d4c5-5ef9-920d-71943e63c7b4.html,"Stock market today: Wall Street is mixed after Big Tech profits, before Fed decision",20230726T180000Z,register-herald.com,English,CH,monetary_policy,2023-07-26,2023-07-26 18:00:00+00:00,page_title,-0.267737617135207
https://www.mercurynews.com/2023/07/26/letters-1350/,Letters: Energy infrastructure | A good deal,20230727T000000Z,mercurynews.com,English,US,monetary_policy,2023-07-27,2023-07-27 00:00:00+00:00,page_title,-2.46913580246914
https://www.dailyrecord.co.uk/news/politics/nearly-100000-scots-households-impacted-30575357,"Nearly 100,000 Scots households impacted by Tory bedroom tax last year",20230728T120000Z,dailyrecord.co.uk,English,UK,political_risk,2023-07-28,2023-07-28 12:00:00+00:00,page_title,1.27931769722814
https://themessenger.com/entertainment/drag-queen-flamy-grant-topping-itunes-christian-chart,A Drag Queen Is Topping the iTunes Christian Chart Much to the Chagrin of a Religious Activist,20230730T000000Z,themessenger.com,English,,conflict,2023-07-30,2023-07-30 00:00:00+00:00,page_title,3.98773006134969
https://www.southwalesargus.co.uk/news/national/23689476.papers-say---july-31/,What the papers say – July 31,20230731T060000Z,southwalesargus.co.uk,English,OS,diplomacy,2023-07-31,2023-07-31 06:00:00+00:00,page_title,-6.94444444444444
https://www.marketscreener.com/quote/currency/AUSTRALIAN-DOLLAR-JAPAN-2364635/news/Yen-at-3-week-low-as-traders-weigh-BOJ-shift-RBA-stands-pat-44474753/,Yen at 3-week low as traders weigh BOJ shift; RBA stands pat,20230801T060000Z,marketscreener.com,English,AS,conflict,2023-08-01,2023-08-01 06:00:00+00:00,page_title,-0.940438871473354
https://www.eastlondonadvertiser.co.uk/news/national/23695067.government-publish-police-guidance-dealing-low-level-crimes/,Government to publish police guidance on dealing with low-level crimes,20230802T000000Z,eastlondonadvertiser.co.uk,English,,conflict,2023-08-02,2023-08-02 00:00:00+00:00,page_title,-9.64467005076142
https://www.timminstimes.com:443/entertainment/local-arts/jazz-thursdays-at-sudburys-night-owl-speakeasy-the-pinnacle-of-cool,Jazz Thursdays at Sudbury's Night Owl Speakeasy the pinnacle of cool,20230802T180000Z,timminstimes.com,English,CA,energy,2023-08-02,2023-08-02 18:00:00+00:00,page_title,6.1246040126716
https://www.afr.com/markets/equity-markets/asx-to-fall-a-tumbles-us-stocks-reset-lower-20230803-p5dtgm,"Before the Bell: ASX to fall, $A tumbles, US stocks reset lower",20230802T180000Z,afr.com,English,AS,monetary_policy,2023-08-02,2023-08-02 18:00:00+00:00,page_title,0.153846153846154
https://www.theaustralian.com.au/breaking-news/teachers-accuse-government-of-an-act-of-betrayal-over-pay-breakdown/news-story/13757aca54f7cd3db11a4be92ad0140a?nk=f9c92fd96861049d7090a8f36fcc1326-1691063231,NSW Teacher's Federation accused government of an 'act of betrayal' over pay breakdown,20230803T120000Z,theaustralian.com.au,English,AS,diplomacy,2023-08-03,2023-08-03 12:00:00+00:00,page_title,-2.68817204301075
https://www.sfreporter.com/news/morningword/2023/08/03/controversial-santa-fe-animal-shelter-ceo-departs/,Controversial Santa Fe Animal Shelter CEO Departs,20230803T180000Z,sfreporter.com,English,US,diplomacy,2023-08-03,2023-08-03 18:00:00+00:00,page_title,0.242571255306247
https://www.al.com/news/mobile/2023/08/major-baldwin-county-developer-announces-leadership-changes.html,Major Baldwin County developer announces leadership changes,20230803T180000Z,al.com,English,,political_risk,2023-08-03,2023-08-03 18:00:00+00:00,page_title,3.14685314685315
https://nagalandpost.com/index.php/global-rice-price-index-at-highest-since-2011-after-india-restricts-exports-2/,Global rice price index at highest since 2011 after India restricts exports,20230806T000000Z,nagalandpost.com,English,IN,energy,2023-08-06,2023-08-06 00:00:00+00:00,page_title,-4.92307692307692
https://www.clickorlando.com/news/politics/2023/08/05/mcconnell-is-warmly-embraced-by-kentucky-republicans-amid-questions-about-his-health/,McConnell is warmly embraced by Kentucky Republicans amid questions about his health,20230806T000000Z,clickorlando.com,English,US,political_risk,2023-08-06,2023-08-06 00:00:00+00:00,page_title,-0.894187779433681
https://www.pakistantelegraph.com/news/273922642/sunny-deol-ameesha-patel-visits-attari-wagah-border-ahead-of-gadar-2-release,"Sunny Deol, Ameesha Patel visits Attari-Wagah border ahead of Gadar 2 release",20230806T000000Z,pakistantelegraph.com,English,IN,conflict,2023-08-06,2023-08-06 00:00:00+00:00,page_title,4.54545454545454
https://www.messengernewspapers.co.uk/news/national/23704903.study-reveals-muscle-cells-deteriorate-age-hampering-injury-recovery/,"Study reveals how muscle cells deteriorate with age, hampering injury recovery",20230807T000000Z,messengernewspapers.co.uk,English,UK,conflict,2023-08-07,2023-08-07 00:00:00+00:00,page_title,-1.01419878296146
https://www.manilastandard.net/business/314357991/ph-lags-behind-in-seafood-trade.html,PH lags behind in seafood trade - Manila Standard,20230807T120000Z,manilastandard.net,English,IC,sanctions_trade,2023-08-07,2023-08-07 12:00:00+00:00,page_title,6.16740088105727
https://www.naroomanewsonline.com.au/story/8301179/thousands-march-in-haiti-to-demand-safety-from-gangs/?cs=14264,Thousands march in Haiti to demand safety from gangs,20230808T120000Z,naroomanewsonline.com.au,English,HA,political_risk,2023-08-08,2023-08-08 12:00:00+00:00,page_title,-7.56302521008403
https://www.heraldscotland.com/news/23712460.glasgows-jfn-administration-tremendously-sad-day/,"Glasgow's JFN in administration: ""A tremendously sad day""",20230809T180000Z,heraldscotland.com,English,UK,energy,2023-08-09,2023-08-09 18:00:00+00:00,page_title,-1.64473684210526
https://news.yahoo.com/britain-hot-import-america-climate-100000753.html,Britain's Hot New Import From America: The Climate Culture Wars,20230810T120000Z,yahoo.com,English,UK,energy,2023-08-10,2023-08-10 12:00:00+00:00,page_title,-2.05314009661836
https://www.modernreaders.com/news/2023/08/11/syndax-pharmaceuticals-inc-nasdaqsndx-director-briggs-morrison-sells-52855-shares-of-stock.html,"Syndax Pharmaceuticals, Inc. (NASDAQ:SNDX) Director Briggs Morrison Sells 52,855 Shares of Stock",20230811T120000Z,modernreaders.com,English,,political_risk,2023-08-11,2023-08-11 12:00:00+00:00,page_title,0.462962962962963
https://www.al.com/reckon/2023/08/watts-rebellion-and-the-righteousness-of-black-rage.html,Watts Rebellion and the righteousness of Black rage,20230811T180000Z,al.com,English,US,conflict,2023-08-11,2023-08-11 18:00:00+00:00,page_title,-7.36342042755344
https://www.washingtonexaminer.com/news/white-house/where-three-policy-proposals-inflation-reduction-act-stand,Where three key policy proposals in the Inflation Reduction Act stand one year later,20230812T120000Z,washingtonexaminer.com,English,US,monetary_policy,2023-08-12,2023-08-12 12:00:00+00:00,page_title,0.0943396226415096
https://www.express.co.uk/news/politics/1801766/ASI-woke-public-procurement-research,'Woke' Government law is costing taxpayers billions every year | Politics | News,20230813T180000Z,express.co.uk,English,UK,diplomacy,2023-08-13,2023-08-13 18:00:00+00:00,page_title,-0.683760683760684
https://www.dailypost.co.uk/news/north-wales-news/accident-near-dolgellau-closes-road-27513686,Accident near Dolgellau closes road for more than four hours,20230813T180000Z,dailypost.co.uk,English,UK,conflict,2023-08-13,2023-08-13 18:00:00+00:00,page_title,-4.04624277456647
https://www.khou.com/article/news/local/houston-shooting-club-south-side/285-54e040ae-9862-4062-b86a-145168d70361,"Houston, Texas shooting outside club on Almeda Genal",20230813T180000Z,khou.com,English,US,conflict,2023-08-13,2023-08-13 18:00:00+00:00,page_title,-8.43373493975904
https://www.cityam.com/we-were-never-going-to-have-a-great-british-bonfire-of-the-tax-system-after-brexit/,We were never going to have a great British bonfire of the tax system after Brexit,20230815T060000Z,cityam.com,English,IT,monetary_policy,2023-08-15,2023-08-15 06:00:00+00:00,page_title,-2.42130750605327
https://www.thehealthsite.com/diseases-conditions/comprehensive-approach-to-hepatobiliary-disorders-diagnosis-and-management-1000747/,Comprehensive Approach To Hepatobiliary Disorders: Diagnosis And Management,20230815T120000Z,thehealthsite.com,English,IN,conflict,2023-08-15,2023-08-15 12:00:00+00:00,page_title,-11.9496855345912
https://commercialobserver.com/2023/08/empowerment-fund-takes-12k-sf-at-44-wall-street/,Empowerment Fund Takes 12K SF at 44 Wall Street,20230816T000000Z,commercialobserver.com,English,US,diplomacy,2023-08-16,2023-08-16 00:00:00+00:00,page_title,2.22841225626741
https://www.independent.co.uk/news/uk/scotland-david-phillips-ukraine-north-sea-scottish-b2393715.html,Scotland's finance figures to be published as oil revenue increase expected,20230816T060000Z,independent.co.uk,English,OS,energy,2023-08-16,2023-08-16 06:00:00+00:00,page_title,-0.643776824034334
https://www.ipswichstar.co.uk/news/national/23725617.uk-inflation-slows-17-month-low-energy-bills-fall/,UK inflation slows to 17-month low after energy bills fall,20230816T120000Z,ipswichstar.co.uk,English,RS,monetary_policy,2023-08-16,2023-08-16 12:00:00+00:00,page_title,-1.31964809384164
https://wksn.com/news-and-closings/national-headlines/73007021f026fda8e90d97655f86494b,National News - Media One Radio Group (WWSE | WJTN | WHUG | WKSN | WQFX,20230817T180000Z,wksn.com,English,US,conflict,2023-08-17,2023-08-17 18:00:00+00:00,page_title,-3.49613023752335
https://www.bloomberg.com/news/articles/2023-08-17/biden-s-spending-ignited-inflation-that-fed-can-t-stop-doug-burgum-says,"Biden's Stimulus Created Inflation That Fed Can't Stop, Doug Burgum Says",20230818T000000Z,bloomberg.com,English,US,monetary_policy,2023-08-18,2023-08-18 00:00:00+00:00,page_title,-2.83018867924528
https://www.theguardian.com/tv-and-radio/2023/aug/18/tv-tonight-a-thrilling-scandi-mystery-set-on-an-oil-rig-returns,TV tonight: a thrilling Scandi murder mystery set on an oil rig returns,20230818T060000Z,theguardian.com,English,NO,energy,2023-08-18,2023-08-18 06:00:00+00:00,page_title,-3.74064837905237
https://www.politico.com/newsletters/huddle/2023/08/18/a-gop-challengers-frank-talk-about-sexual-sin-00111808,A GOP challenger's frank talk about 'sexual sin',20230818T120000Z,politico.com,English,US,monetary_policy,2023-08-18,2023-08-18 12:00:00+00:00,page_title,-1.56599552572707
https://finance.yahoo.com/news/chips-act-later-austins-semiconductor-170531164.html,"CHIPS Act: A year later, Austin's semiconductor industry to see boost. Here's what we know",20230818T180000Z,yahoo.com,English,US,energy,2023-08-18,2023-08-18 18:00:00+00:00,page_title,1.94624652455978
https://www.nigerianeye.com/2023/08/were-taking-measures-to-address.html,"We're taking measures to address insecurity – Speaker Abbas | Nigerian News, Latest Nigeria In News. Nigeria News. Your online Nigerian Newspaper.",20230819T120000Z,nigerianeye.com,English,NI,conflict,2023-08-19,2023-08-19 12:00:00+00:00,page_title,-0.630914826498423
http://www.chinaview.cn/asiapacific/20230822/a6e639dca3524e9d8b1f4971dd4d995c/c.html,"Vietnam, Kazakhstan to increase trade cooperation-Xinhua",20230822T120000Z,chinaview.cn,English,VM,diplomacy,2023-08-22,2023-08-22 12:00:00+00:00,page_title,5.55555555555556
https://www.unilad.com/news/tiktok/medical-experts-slam-parents-who-do-tiktok-egg-prank-on-kids-634115-20230823,Medical experts slam parents who do the egg prank on their children for TikTok views,20230824T000000Z,unilad.com,English,US,conflict,2023-08-24,2023-08-24 00:00:00+00:00,page_title,-1.03305785123967
https://www.businesslive.co.za/bd/markets/2023-08-24-oil-steady-as-traders-wait-for-rate-clues-in-powells-speech/,Oil steady as traders wait for rate clues in Powell's speech,20230824T120000Z,businesslive.co.za,English,UK,monetary_policy,2023-08-24,2023-08-24 12:00:00+00:00,page_title,-4.5662100456621
https://www.nwemail.co.uk/news/23748324.furness-coastguard-member-saves-mans-life-whilst-holiday-turkey/,Furness Coastguard member saves man's life whilst on holiday in Turkey,20230825T180000Z,nwemail.co.uk,English,UK,conflict,2023-08-25,2023-08-25 18:00:00+00:00,page_title,-2.08333333333333
https://www.ajc.com/news/sign-up-for-ajc-updates-on-the-trump-georgia-investigation-in-atlanta/RNTAI73DKRH67IM7B73QZZMWVQ/,Sign up for AJC updates on the Trump Georgia investigation in Atlanta,20230825T180000Z,ajc.com,English,US,political_risk,2023-08-25,2023-08-25 18:00:00+00:00,page_title,-0.740740740740741
https://www.fox4news.com/news/shooting-leaves-one-man-dead-in-quiet-plano-neighborhood-friday-night,Shooting leaves one man dead in 'quiet' Plano neighborhood,20230826T180000Z,fox4news.com,English,US,conflict,2023-08-26,2023-08-26 18:00:00+00:00,page_title,-8.02919708029197
https://www.thejournal.ie/electoral-commission-constituency-boundary-review-6150631-Aug2023/,We're about to find out how many more TDs Ireland is getting,20230827T060000Z,thejournal.ie,English,EI,political_risk,2023-08-27,2023-08-27 06:00:00+00:00,page_title,0.0
https://www.winnipegfreepress.com/business/2023/08/29/stock-market-today-asian-shares-mostly-rise-as-attention-turns-to-earnings-economies,"Stock market today: Asian shares mostly rise as attention turns to earnings, economies – Winnipeg Free Press",20230829T060000Z,winnipegfreepress.com,English,CH,energy,2023-08-29,2023-08-29 06:00:00+00:00,page_title,0.0
https://www.talkvietnam.com/tag/vietnam-opening-borders/,Vietnam opening borders – Talk Vietnam,20230829T120000Z,talkvietnam.com,English,VM,sanctions_trade,2023-08-29,2023-08-29 12:00:00+00:00,page_title,2.34285714285714
https://nbc24.com/news/nation-world/hurricane-idalia-approaches-floridas-gulf-coast-braces-for-potentially-devastating-storm-surge-cedar-key-ron-desantis-extreme-weather-climate-change-global-warming-state-of-emergency-evacuation-landfall,"As Hurricane Idalia approaches, Florida's Gulf Coast braces for potentially devastating st",20230830T060000Z,nbc24.com,English,US,conflict,2023-08-30,2023-08-30 06:00:00+00:00,page_title,-8.02919708029197
https://www.mariettatimes.com/opinion/editorials/2023/08/redistricting-panel-must-remember-they-work-for-us/,"Redistricting panel must remember they work for us | News, Sports, Jobs",20230830T060000Z,mariettatimes.com,English,US,conflict,2023-08-30,2023-08-30 06:00:00+00:00,page_title,0.248138957816377
https://www.delawarepublic.org/2023-08-30/in-wisconsin-republicans-say-the-states-top-election-official-has-to-go,"In Wisconsin, Republicans say the state's top election official has to go",20230830T120000Z,delawarepublic.org,English,US,political_risk,2023-08-30,2023-08-30 12:00:00+00:00,page_title,-5.12820512820513
https://nowtoronto.com/news/metro-reaches-tentative-deal-with-staff-after-month-long-walkout/,Metro reaches tentative deal with staff after month-long walkout,20230831T000000Z,nowtoronto.com,English,,diplomacy,2023-08-31,2023-08-31 00:00:00+00:00,page_title,-2.91666666666667
https://www.cnn.com/2023/08/31/economy/europe-inflation-august,Inflation in Europe stuck at 5.3% in August as energy prices rise,20230831T120000Z,cnn.com,English,GM,monetary_policy,2023-08-31,2023-08-31 12:00:00+00:00,page_title,-4.06976744186047
https://sunnewsonline.com/fuel-subsidy-nlc-to-embark-on-two-day-warning-strike-tuesday/,Fuel subsidy: NLC to embark on two-day warning strike Tuesday – The Sun Nigeria,20230902T060000Z,sunnewsonline.com,English,NI,political_risk,2023-09-02,2023-09-02 06:00:00+00:00,page_title,-8.21917808219178
https://peakoil.com/consumption/iea-global-oil-demand-hits-record-high/comment-page-1,iea global oil demand hits record high,20230902T120000Z,peakoil.com,English,CH,energy,2023-09-02,2023-09-02 12:00:00+00:00,url_slug,-0.292397660818713
https://www.hawaiitribune-herald.com/2023/09/02/opinion/bidens-medicare-drug-price-plan-is-good-medicine-for-americans/,Biden's Medicare drug price plan is good medicine for Americans,20230902T120000Z,hawaiitribune-herald.com,English,US,monetary_policy,2023-09-02,2023-09-02 12:00:00+00:00,page_title,1.0752688172043
https://arizonadailyindependent.com/2023/09/02/kyle-larson-dale-jarrett-team-up-in-phoenix-to-supercharge-childhood-cancer-awareness-month/,"Kyle Larson, Dale Jarrett Team Up In Phoenix To Supercharge Childhood Cancer Awareness Month",20230903T060000Z,arizonadailyindependent.com,English,US,conflict,2023-09-03,2023-09-03 06:00:00+00:00,page_title,1.28968253968254
https://www.halsteadgazette.co.uk/news/national/23764302.increasing-truancy-fines-not-help-school-absence-rates-phillipson-says/,"Increasing truancy fines would not help school absence rates, Phillipson says",20230903T120000Z,halsteadgazette.co.uk,English,UK,conflict,2023-09-03,2023-09-03 12:00:00+00:00,page_title,-3.05164319248826
https://www.thecharlottepost.com/news/2023/09/03/local-state/confusion-over-student-meal-eligibility-across-nc/,Confusion over student meal eligibility across NC,20230903T180000Z,thecharlottepost.com,English,US,diplomacy,2023-09-03,2023-09-03 18:00:00+00:00,page_title,0.437956204379562
https://www.gloucestertimes.com/news/local_news/rockport-town-meeting-slated-for-sept-11/article_68823f76-4831-11ee-85bc-2b91da98ec11.html,Rockport Town Meeting slated for Sept. 11,20230904T120000Z,gloucestertimes.com,English,,political_risk,2023-09-04,2023-09-04 12:00:00+00:00,page_title,0.894854586129754
https://www.dailynews.lk/2023/09/05/admin-catagories/breaking-news/107109/expeditious-recovery-of-stolen-assets-with-un-support-minister-dr-rajapakshe/,Expeditious recovery of Stolen Assets with UN support - Minister Dr. Rajapakshe,20230905T000000Z,dailynews.lk,English,CE,political_risk,2023-09-05,2023-09-05 00:00:00+00:00,page_title,-0.857142857142856
https://www.centralwesterndaily.com.au/story/8337774/ukraine-using-australian-drones-to-attack-russia/,Ukraine 'using Australian drones to attack Russia',20230905T180000Z,centralwesterndaily.com.au,English,RS,conflict,2023-09-05,2023-09-05 18:00:00+00:00,page_title,-5.20833333333333
https://www.perthnow.com.au/news/one-dead-others-injured-after-car-crashes-into-pedestrians-at-bourke-street-melbourne-c-11845378,"Elderly man dead, others injured after car crashes into pedestrians at Bourke Street, Melbourne",20230909T060000Z,perthnow.com.au,English,AS,political_risk,2023-09-09,2023-09-09 06:00:00+00:00,page_title,-5.71108622620381
https://yaledailynews.com/blog/2023/09/11/city-officials-and-advocates-reflect-on-two-terms-of-elickers-housing-policy/,City officials and advocates reflect on two terms of Elicker's housing policy,20230911T060000Z,yaledailynews.com,English,US,political_risk,2023-09-11,2023-09-11 06:00:00+00:00,page_title,-1.22699386503067
https://www.nbcphiladelphia.com/news/business/money-report/standard-chartered-owned-crypto-firm-zodia-launches-in-singapore/3643018/,Standard Chartered-owned crypto firm Zodia launches in Singapore,20230912T000000Z,nbcphiladelphia.com,English,AE,monetary_policy,2023-09-12,2023-09-12 00:00:00+00:00,page_title,1.12359550561798
https://www.con-telegraph.ie/2023/09/12/six-due-in-court-charged-in-connection-with-terrorist-financing-and-money-laundering/,Six due in court charged in connection with terrorist financing and money laundering,20230912T120000Z,con-telegraph.ie,English,,political_risk,2023-09-12,2023-09-12 12:00:00+00:00,page_title,-10.2272727272727
https://dailypost.ng/2023/09/13/tribunal-judgement-declaring-lalong-winner-strange-pdp/,Tribunal judgement declaring Lalong winner strange - PDP,20230913T060000Z,dailypost.ng,English,NI,political_risk,2023-09-13,2023-09-13 06:00:00+00:00,page_title,3.6741214057508
https://www.foxnews.com/lifestyle/maines-cat-population-increase-causes-crowded-animal-shelters-sad-scenario,Maine's surge in cat population causes crowded animal shelters: 'Sad scenario',20230913T120000Z,foxnews.com,English,US,diplomacy,2023-09-13,2023-09-13 12:00:00+00:00,page_title,-0.489396411092985
https://www.bizcommunity.com/Article/196/785/241958.html,AES ensures that dairy energy mix and products are the cream of the crop,20230918T120000Z,bizcommunity.com,English,SF,energy,2023-09-18,2023-09-18 12:00:00+00:00,page_title,1.25
https://ktar.com/story/5540186/phoenix-sky-harbor-workers-file-complaint-vote-to-strike-over-dangerous-working-conditions-and-low-wages/,"Phoenix Sky Harbor workers file complaint, vote to strike",20230918T120000Z,ktar.com,English,US,diplomacy,2023-09-18,2023-09-18 12:00:00+00:00,page_title,-0.944669365721997
https://www.investmentweek.co.uk/opinion/4126104/guess-chart,Friday Briefing: Guess that chart,20230918T120000Z,investmentweek.co.uk,English,,monetary_policy,2023-09-18,2023-09-18 12:00:00+00:00,page_title,1.46137787056367
https://www.marketscreener.com/quote/index/FTSE-100-7392/news/FTSE-100-Falls-Ahead-of-Fed-BOE-Rate-Decisions-44866447/,"FTSE 100 Falls Ahead of Fed, BOE Rate Decisions",20230918T120000Z,marketscreener.com,English,UK,diplomacy,2023-09-18,2023-09-18 12:00:00+00:00,page_title,-0.379746835443038
https://www.hackneygazette.co.uk/news/national/23800278.biden-urges-world-leaders-stand-russia-ukraine/,Biden urges world leaders to stand up to Russia over Ukraine,20230919T180000Z,hackneygazette.co.uk,English,US,diplomacy,2023-09-19,2023-09-19 18:00:00+00:00,page_title,-0.344234079173838
https://electricenergyonline.com/article/energy/category/oil-gas/89/1040889/blm-announces-oil-and-gas-lease-sale-in-wyoming.html,U.S. Bureau of Land Management - BLM announces oil and gas lease sale in Wyoming,20230920T060000Z,electricenergyonline.com,English,,energy,2023-09-20,2023-09-20 06:00:00+00:00,page_title,0.0
https://zeenews.india.com/aviation/scindia-to-inaugurate-upgraded-infra-at-tezu-airport-in-arunachal-pradesh-on-september-24-2664974.html,Scindia To Inaugurate Upgraded Infra At Tezu Airport In Arunachal Pradesh On September 24,20230920T180000Z,india.com,English,IN,diplomacy,2023-09-20,2023-09-20 18:00:00+00:00,page_title,-3.70967741935484
https://www.thenorthernecho.co.uk/news/23801962.charlie-nettle-md-designate-av-dawson-exports-potential/,"Charlie Nettle, MD Designate at AV Dawson, on exports potential",20230921T120000Z,thenorthernecho.co.uk,English,UK,monetary_policy,2023-09-21,2023-09-21 12:00:00+00:00,page_title,3.45149253731343
https://www.insidermonkey.com/blog/heres-why-nvidia-corporation-nvda-stock-surged-this-year-1196654/,Here's Why NVIDIA Corporation (NVDA) Stock Surged This Year,20230922T120000Z,insidermonkey.com,English,US,monetary_policy,2023-09-22,2023-09-22 12:00:00+00:00,page_title,2.32974910394265
https://www.pinkvilla.com/entertainment/hollywood/brunette-bombshell-miley-cyrus-unveils-stunning-black-hair-after-10-years-sparking-nostalgia-among-fans-1245682,'Brunette Bombshell': Miley Cyrus unveils stunning black hair after 10 years sparking nostalgia among fans,20230925T060000Z,pinkvilla.com,English,IT,political_risk,2023-09-25,2023-09-25 06:00:00+00:00,page_title,6.59630606860158
https://www.hellenicshippingnews.com/russias-lavrov-doesnt-reject-un-bid-to-revive-black-sea-deal-but-says-unrealistic/,"Russia's Lavrov doesn't reject UN bid to revive Black Sea deal, but says unrealistic",20230925T120000Z,hellenicshippingnews.com,English,KN,diplomacy,2023-09-25,2023-09-25 12:00:00+00:00,page_title,-2.26843100189036
https://www.laprensalatina.com/south-koreas-yoon-warns-pyongyang-allies-will-end-regime-if-it-uses-nuclear-weapons/,South Korea's Yoon warns Pyongyang allies will 'end' regime if it uses nuclear weapons,20230926T060000Z,laprensalatina.com,English,KS,diplomacy,2023-09-26,2023-09-26 06:00:00+00:00,page_title,-4.61095100864553
https://www.wvlkam.com/news/jimmy-carters-birthday-party-rescheduled-over-shutdown-risk/,Jimmy Carter's Birthday Party Rescheduled Over Shutdown Risk,20230928T000000Z,wvlkam.com,English,,diplomacy,2023-09-28,2023-09-28 00:00:00+00:00,page_title,2.54237288135593
https://www.russiaherald.com/news/273981489/russia-sanctions-threaten-us-dollar-ebrd,Russia sanctions threaten US dollar EBRD,20230928T000000Z,russiaherald.com,English,CH,sanctions_trade,2023-09-28,2023-09-28 00:00:00+00:00,page_title,-2.49307479224377
https://www.calcuttanews.net/news/273982068/bjp-central-leadership-looking-into-matter-of-bjp-aiadmk-break-up,BJP Central leadership looking into matter of BJP-AIADMK break-up,20230928T120000Z,calcuttanews.net,English,IN,diplomacy,2023-09-28,2023-09-28 12:00:00+00:00,page_title,3.37078651685393
https://www.maitlandmercury.com.au/story/8368029/harry-potter-stars-pay-tribute-to-sir-michael-gambon/,"Harry Potter star Michael Gambon, who played Dumbledore, dies aged 82 | The Maitland Mercury",20230929T000000Z,maitlandmercury.com.au,English,EI,conflict,2023-09-29,2023-09-29 00:00:00+00:00,page_title,3.16622691292876
https://www.davisenterprise.com/forum/dan-walters-tech-labor-trade-offs-create-dilemma/article_cb79b034-5eeb-11ee-a64f-0f2e0738ea47.html,"Dan Walters: Tech, labor trade-offs create dilemma",20231001T180000Z,davisenterprise.com,English,US,diplomacy,2023-10-01,2023-10-01 18:00:00+00:00,page_title,-1.6025641025641
https://www.intouchweekly.com/posts/joshua-jacksons-wife-jodie-turner-smith-files-for-divorce/,Joshua Jackson's Wife Jodie Turner-Smith Files for Divorce,20231002T180000Z,intouchweekly.com,English,US,diplomacy,2023-10-02,2023-10-02 18:00:00+00:00,page_title,4.9469964664311
"https://www.streetinsider.com/Analyst+Comments/Truist+Securities+Downgrades+Sunnova+(NOVA)+to+Hold,+market+is+no+longer+rewarding+outsized+growth/22236292.html","Truist Securities Downgrades Sunnova (NOVA) to Hold, 'market is no longer rewarding outsized growth'",20231004T120000Z,streetinsider.com,English,,monetary_policy,2023-10-04,2023-10-04 12:00:00+00:00,page_title,0.0
https://www.cnnphilippines.com/news/2023/10/7/balisacan-extension-ed-imported-pork-corn-rice-tariff.html,"Balisacan: Economic team recommends extension of old EO on imported pork, corn and rice tariff",20231007T060000Z,cnnphilippines.com,English,RP,monetary_policy,2023-10-07,2023-10-07 06:00:00+00:00,page_title,-0.925925925925926
https://www.timesleaderonline.com/news/local-news/2023/10/taxes-to-support-schools-communities-to-go-before-voters/,"Taxes to support schools,  communities to go before voters | News, Sports, Jobs",20231007T060000Z,timesleaderonline.com,English,US,political_risk,2023-10-07,2023-10-07 06:00:00+00:00,page_title,-3.9054470709147
https://signalscv.com/2023/10/put-a-plant-based-spin-on-the-taco-night-menu/,Put a Plant-Based Spin on the Taco Night Menu,20231008T000000Z,signalscv.com,English,IT,energy,2023-10-08,2023-10-08 00:00:00+00:00,page_title,-0.158982511923688
https://www.borehamwoodtimes.co.uk/news/national/23841908.glasgow-man-trapped-home-uses-kayak-access-road/,Glasgow man 'trapped in own home' uses kayak to access the road,20231008T180000Z,borehamwoodtimes.co.uk,English,UK,conflict,2023-10-08,2023-10-08 18:00:00+00:00,page_title,-7.49354005167959
https://www.theepochtimes.com/world/australian-supply-chains-still-behind-global-standards-kpmg-5507235,Australian Supply Chains Still Behind Global Standards: KPMG,20231011T000000Z,theepochtimes.com,English,AS,monetary_policy,2023-10-11,2023-10-11 00:00:00+00:00,page_title,-3.51170568561873
https://www.thetelegraphandargus.co.uk/news/national/uk-today/23847695.winter-fuel-payments-wont-removed-pensioners/,Winter Fuel Payments won't be scaled back for pensioners | Bradford Telegraph and Argus,20231011T120000Z,thetelegraphandargus.co.uk,English,UK,monetary_policy,2023-10-11,2023-10-11 12:00:00+00:00,page_title,3.05522914218566
https://www.thenation.com/article/world/israel-gaza-hamas-war-netanyahu/,The Catastrophe of October 7. Why Did It Happen?,20231012T120000Z,thenation.com,English,EG,diplomacy,2023-10-12,2023-10-12 12:00:00+00:00,page_title,-3.6144578313253
https://www.aseanbriefing.com/news/indonesias-approach-to-brics-opportunities-and-membership-potential/,Indonesia's approach to BRICS: Opportunities and Membership Potential,20231012T180000Z,aseanbriefing.com,English,US,diplomacy,2023-10-12,2023-10-12 18:00:00+00:00,page_title,0.809909480705097
https://www.cbc.ca/news/canada/london/accused-killer-of-london-ont-muslim-family-details-troubled-childhood-while-testifying-in-own-defence-1.6993667,"Accused killer of London, Ont., Muslim family details troubled childhood while testifying in own defence",20231012T180000Z,cbc.ca,English,CA,political_risk,2023-10-12,2023-10-12 18:00:00+00:00,page_title,-8.21643286573146
https://www.dhakatribune.com/bangladesh/327931/us-delegation-visits-awami-league-president-s,US delegation visits Awami League president's office,20231013T180000Z,dhakatribune.com,English,BG,political_risk,2023-10-13,2023-10-13 18:00:00+00:00,page_title,1.49253731343284
https://www.goldcoastbulletin.com.au/news/breaking-news/new-zealanders-head-to-the-polls-for-a-tight-race-in-the-battle-of-two-men-named-chris/news-story/54c0b6f2b01bf9007a938b72682fef92?nk=c4d46c2f7d70177938f5e1a8764841b1-1697283995,New Zealand election 2023: National Party is expected to win government,20231014T120000Z,goldcoastbulletin.com.au,English,AS,political_risk,2023-10-14,2023-10-14 12:00:00+00:00,page_title,0.421052631578947
https://www.sun-sentinel.com/2023/10/14/whats-hot-in-healthcare-will-artificial-intelligence-find-and-cure-breast-cancer/,What's Hot in Healthcare: Will artificial intelligence find and cure breast cancer? – Sun Sentinel,20231014T120000Z,sun-sentinel.com,English,US,diplomacy,2023-10-14,2023-10-14 12:00:00+00:00,page_title,-3.6697247706422
https://www.kentuckynewera.com/lifestyles/entertainment/article_26f82a2a-336c-57d3-81bd-e4333b5dd879.html,Whoopi Goldberg reveals secret to keeping her mental health in check: 'I try to laugh and pee!' | Entertainment,20231015T000000Z,kentuckynewera.com,English,,conflict,2023-10-15,2023-10-15 00:00:00+00:00,page_title,1.44404332129964
https://www.gainhealth.org/media/news/urgent-call-scale-access-healthy-diets-most-vulnerable,An urgent call to scale-up access to healthy diets for the most vulnerable,20231016T060000Z,gainhealth.org,English,NL,diplomacy,2023-10-16,2023-10-16 06:00:00+00:00,page_title,2.34604105571847
https://www.exchangerates.org.uk/news/39314/2023-10-16-exchange-rates-daily-uk-wages-data-pound-sterling-moves-vs-euro-and-dollar.html,Exchange Rates Daily 16.10.23: UK Wages Data To Drive Pound Sterling Moves Vs Euro And Dollar,20231016T120000Z,exchangerates.org.uk,English,IS,energy,2023-10-16,2023-10-16 12:00:00+00:00,page_title,-1.31004366812227
https://www.thecable.ng/uk-court-fixes-oct-23-for-judgment-in-pids-11bn-suit-against-nigeria,UK court fixes Oct 23 for judgment in P&ID's $11bn suit against Nigeria,20231021T120000Z,thecable.ng,English,NI,diplomacy,2023-10-21,2023-10-21 12:00:00+00:00,page_title,-2.25988700564972
https://www.cairnspost.com.au/news/breaking-news?nk=c61372d4716e58648e0d828179fd7c21-1698126420,Breaking news | Latest News and News Headlines,20231024T060000Z,cairnspost.com.au,English,AS,monetary_policy,2023-10-24,2023-10-24 06:00:00+00:00,page_title,-1.96779964221825
https://indonesiatribune.com/support-sought-for-vietnamese-citizens-in-conflict-affected-areas/,Support sought for Vietnamese citizens in conflict-affected areas,20231024T120000Z,indonesiatribune.com,English,VM,conflict,2023-10-24,2023-10-24 12:00:00+00:00,page_title,2.34741784037559
https://www.marketscreener.com/news/latest/Australia-central-bank-chief-weighs-whether-high-Q3-inflation-warrants-rate-rise-45152586/,Australia central bank chief weighs whether high Q3 inflation warrants rate rise,20231026T000000Z,marketscreener.com,English,AS,monetary_policy,2023-10-26,2023-10-26 00:00:00+00:00,page_title,0.0
https://www.wjfw.com/news/regional/strikers-have-shut-down-a-vital-great-lakes-shipping-artery-for-days-and-negotiations-are/article_3ff09636-aa1a-5097-8818-5cef70165feb.html,"Strikers have shut down a vital Great Lakes shipping artery for days, and negotiations are looming",20231026T180000Z,wjfw.com,English,CA,conflict,2023-10-26,2023-10-26 18:00:00+00:00,page_title,-1.12994350282486
https://fijisun.com.fj/2023/10/27/editorial-well-played-tactful-but-hard-to-miss/,Editorial: Well-played: Tactful but hard to miss,20231027T000000Z,fijisun.com.fj,English,FJ,diplomacy,2023-10-27,2023-10-27 00:00:00+00:00,page_title,1.2853470437018
https://www.so-co-it.com/post/693459/discovery-reports-optimized-results-from-its-feasibility-study-metallurgical-test-program.html,Discovery Reports Optimized Results from its Feasibility Study Metallurgical Test Program,20231027T180000Z,so-co-it.com,English,CA,conflict,2023-10-27,2023-10-27 18:00:00+00:00,page_title,1.0989010989011
https://www.greenfieldreporter.com/2023/10/27/as-the-hollywood-of-the-south-atlanta-has-boomed-its-actors-and-crew-are-now-at-a-crossroads/,"As the 'Hollywood of the South,' Atlanta has boomed. Its actors and crew are now at a crossroads - The Daily Reporter",20231027T180000Z,greenfieldreporter.com,English,US,diplomacy,2023-10-27,2023-10-27 18:00:00+00:00,page_title,1.06221547799697
https://newstalk1130.iheart.com/content/2023-10-27-ivanka-trump-ordered-to-testify-in-new-york-civil-fraud-trial/,Ivanka Trump Ordered To Testify In New York Civil Fraud Trial,20231027T180000Z,iheart.com,English,US,political_risk,2023-10-27,2023-10-27 18:00:00+00:00,page_title,-4.33070866141732
https://www.hometownregister.com/news/national/republican-mike-pence-drops-out-of-us-presidential-race/article_712e22ba-2190-5fab-9dbb-44e607994f46.html,Republican Mike Pence drops out of US presidential race,20231029T000000Z,hometownregister.com,English,US,political_risk,2023-10-29,2023-10-29 00:00:00+00:00,page_title,-4.86815415821501
https://www.afr.com/world/middle-east/israel-s-move-into-gaza-marks-dangerous-new-phase-in-war-20231029-p5efu9,Israel's move into Gaza marks dangerous new phase in war,20231029T000000Z,afr.com,English,IR,diplomacy,2023-10-29,2023-10-29 00:00:00+00:00,page_title,-8.34454912516824
https://www.news-gazette.com/news/nation-world/stock-market-today-wall-street-recovers-some-losses-after-falling-10-below-its-summertime-high/article_64850ab1-eaed-5a56-9106-0e59aabd334d.html,Stock market today: Wall Street recovers some losses after falling 10% below its summertime high,20231030T180000Z,news-gazette.com,English,IR,monetary_policy,2023-10-30,2023-10-30 18:00:00+00:00,page_title,0.102564102564102
https://www.jox2fm.com/news/mri-confirms-vikings-qb-kirk-cousins-tore-right-achilles/,MRI confirms Vikings QB Kirk Cousins tore right Achilles,20231031T060000Z,jox2fm.com,English,US,conflict,2023-10-31,2023-10-31 06:00:00+00:00,page_title,-5.04587155963303
https://www.hindustantimes.com/opinion/requiem-for-a-lost-israel-and-palestine-101698853872597.html,Requiem for a lost Israel and Palestine,20231101T180000Z,hindustantimes.com,English,IS,political_risk,2023-11-01,2023-11-01 18:00:00+00:00,page_title,-1.03550295857988
https://business.scoop.co.nz/2023/11/03/community-collaboration-for-rnz/,Business.Scoop » Community Collaboration For RNZ,20231103T060000Z,scoop.co.nz,English,NZ,diplomacy,2023-11-03,2023-11-03 06:00:00+00:00,page_title,5.31400966183575
https://www.talkvietnam.com/tag/oil-price-4-year-high/,Oil price 4 year high – Talk Vietnam,20231103T180000Z,talkvietnam.com,English,VM,energy,2023-11-03,2023-11-03 18:00:00+00:00,page_title,2.95309785755646
https://www.rep-am.com/localnews/2023/11/04/dustup-over-torrington-republican-registrar-failing-to-appoint-a-deputy/,Dustup over Torrington Republican registrar failing to appoint a deputy,20231105T000000Z,rep-am.com,English,,political_risk,2023-11-05,2023-11-05 00:00:00+00:00,page_title,0.72463768115942
https://www.marketscreener.com/quote/stock/NEW-MOUNTAIN-FINANCE-CORP-8008689/news/New-Mountain-Finance-Corporation-Prices-Public-Offering-of-115-0-Million-8-250-Notes-Due-2028-45253574/,New Mountain Finance Corporation Prices Public Offering of $115.0 Million 8.250% Notes Due 2028,20231107T000000Z,marketscreener.com,English,US,monetary_policy,2023-11-07,2023-11-07 00:00:00+00:00,page_title,0.609225413402959
https://www.capitalfm.co.ke/news/2023/11/kenya-to-host-african-continental-free-trade-area-pan-african-payment-system-headquarters/,Kenya to host African Continental Free Trade Area Pan African payment system headquarters,20231107T120000Z,capitalfm.co.ke,English,KE,sanctions_trade,2023-11-07,2023-11-07 12:00:00+00:00,page_title,2.20048899755501
https://uk.news.yahoo.com/ulster-motocross-champion-jason-meara-050000672.html,Ulster motocross champion Jason Meara is first recipient of Jonathan Rea Trophy,20231108T060000Z,yahoo.com,English,UK,conflict,2023-11-08,2023-11-08 06:00:00+00:00,page_title,3.84615384615385
https://www.thesunchronicle.com/business/stock-market-today-asian-shares-mixed-after-wall-street-ticks-up/article_2f3f082d-29db-569d-8fb2-40db6e6505a5.html,Stock market today: Asian shares mixed after Wall Street ticks up,20231108T060000Z,thesunchronicle.com,English,CH,energy,2023-11-08,2023-11-08 06:00:00+00:00,page_title,-1.86915887850467
https://www.wcvb.com/article/doc-antle-pleads-guilty-to-wildlife-trafficking/45777000,'Doc' Antle of 'Tiger King' pleads guilty to wildlife trafficking and money laundering,20231108T180000Z,wcvb.com,English,US,political_risk,2023-11-08,2023-11-08 18:00:00+00:00,page_title,-5.44378698224852
https://www.greenfieldreporter.com/2023/11/09/mgms-ceo-says-tentative-deal-to-avoid-strike-will-be-reached-with-las-vegas-hotel-workers-union/,MGM's CEO says tentative deal to avoid strike will be reached with Las Vegas hotel workers union - The Daily Reporter,20231109T120000Z,greenfieldreporter.com,English,US,monetary_policy,2023-11-09,2023-11-09 12:00:00+00:00,page_title,0.514933058702368
https://www.record-eagle.com/ap/national/ap-news-summary-at-6-17-a-m-est/article_dc9e6b05-0d4e-5b43-b71f-2e5e8973e821.html,AP News Summary at 6:17 a.m. EST,20231109T120000Z,record-eagle.com,English,US,diplomacy,2023-11-09,2023-11-09 12:00:00+00:00,page_title,-3.83435582822086
https://www.newjerseytelegraph.com/news/274027942/kingstone-announces-2023-third-quarter-financial-results,Kingstone Announces 2023 Third Quarter Financial Results,20231110T000000Z,newjerseytelegraph.com,English,US,monetary_policy,2023-11-10,2023-11-10 00:00:00+00:00,page_title,-3.92811296534018
https://www.intelligencer.ca:443/life/food/brews-news-forked-river-brews-movember-lager-for-palasad,Brews News: | Belleville Intelligencer,20231111T060000Z,intelligencer.ca,English,CA,diplomacy,2023-11-11,2023-11-11 06:00:00+00:00,page_title,1.50093808630394
https://thealmanac.net/news/pulitzer-prize-winning-photojournalist-discusses-work-at-town-hall-south-opener/article_0425ef7a-7da4-11ee-998b-af8f9da7df9b.html,Pulitzer Prize-winning photojournalist discusses work at Town Hall South opener,20231112T060000Z,thealmanac.net,English,US,conflict,2023-11-12,2023-11-12 06:00:00+00:00,page_title,-4.62107208872458
https://www.heraldbulletin.com/news/nation_world/heavy-fighting-rages-near-main-gaza-hospital-and-people-trapped-inside-say-they-cannot-flee/article_788739b4-5607-58e2-9399-b26d4efed522.html,Heavy fighting rages near main Gaza hospital and people trapped inside say they cannot flee,20231112T180000Z,heraldbulletin.com,English,IS,political_risk,2023-11-12,2023-11-12 18:00:00+00:00,page_title,-5.93900481540931
https://globalnews.ca/news/10087674/west-island-food-bank-holds-drive-to-fill-empty-shelves-prepare-for-holiday-season/,"West Island food bank holds drive to fill empty shelves, prepare for holiday season - Montreal",20231113T000000Z,globalnews.ca,English,CA,monetary_policy,2023-11-13,2023-11-13 00:00:00+00:00,page_title,-0.280112044817927
https://www.naharnet.com/stories/en/301505-eight-pro-iran-fighters-dead-in-us-strikes-in-syria,Eight pro-Iran fighters dead in US strikes in Syria,20231113T180000Z,naharnet.com,English,SY,diplomacy,2023-11-13,2023-11-13 18:00:00+00:00,page_title,-5.10204081632653
https://newsonjapan.com/html/newsdesk/article/139200.php,Toxic mushroom poisonings sweeping across Japan,20231114T000000Z,newsonjapan.com,English,,conflict,2023-11-14,2023-11-14 00:00:00+00:00,page_title,-7.40740740740741
https://www.hometownregister.com/news/national/indonesian-president-urges-biden-to-help-end-gaza-atrocities/article_15e6eba5-73d4-59a9-9d1c-3879c3121130.html,Indonesian president urges Biden to help end Gaza 'atrocities',20231114T000000Z,hometownregister.com,English,US,diplomacy,2023-11-14,2023-11-14 00:00:00+00:00,page_title,-2.40295748613678
https://deadline.com/2023/11/sag-aftra-deal-self-tape-auditions-new-guidelines-1235601372/,SAG-AFTRA Deal allows actors more time to prepare Self-Tape Auditions – Deadline,20231114T000000Z,deadline.com,English,EI,diplomacy,2023-11-14,2023-11-14 00:00:00+00:00,page_title,0.673854447439353
https://www.talkvietnam.com/tag/southeast-region-economic-activities/,Southeast region economic activities – Talk Vietnam,20231114T180000Z,talkvietnam.com,English,VM,diplomacy,2023-11-14,2023-11-14 18:00:00+00:00,page_title,1.4145810663765
https://news.yahoo.com/inflation-higher-rates-hit-eurozone-112019687.html,"Inflation, higher rates hit eurozone growth outlook",20231115T120000Z,yahoo.com,English,BE,monetary_policy,2023-11-15,2023-11-15 12:00:00+00:00,page_title,-4.61254612546125
https://wacotrib.com/news/nation-world/business/economy/wall-street-stocks-drift-amid-worries-about-profits-hopes-for-economy/article_9ab4aea9-b1e3-532c-8646-4c6d98a812c4.html,"Wall Street drifts amid worries, hopes for economy",20231117T000000Z,wacotrib.com,English,JA,monetary_policy,2023-11-17,2023-11-17 00:00:00+00:00,page_title,-2.13675213675214
https://www.heraldbulletin.com/news/nation_world/stock-market-today-european-shares-up-after-a-mixed-session-in-asia-as-week-ends/article_964957d7-9a48-5d33-b273-bb64937a48c1.html,Stock market today: European shares up after a mixed session in Asia as week ends with solid gains,20231117T120000Z,heraldbulletin.com,English,CH,energy,2023-11-17,2023-11-17 12:00:00+00:00,page_title,-2.61324041811847
https://news.yahoo.com/oklahoma-prison-locked-inmates-shower-162723855.html,"After Oklahoma prison locked inmates in shower stalls, senator seek investigation, laws",20231117T180000Z,yahoo.com,English,US,political_risk,2023-11-17,2023-11-17 18:00:00+00:00,page_title,-5.99315068493151
https://www.cravenherald.co.uk/news/23931442.driver-scotland-drink-drive-limit-near-gargrave/,Driver from Scotland was over the drink-drive limit near Gargrave,20231117T180000Z,cravenherald.co.uk,English,UK,conflict,2023-11-17,2023-11-17 18:00:00+00:00,page_title,0.50761421319797
https://www.theblaze.com/news/trump-ballot-insurrection-ruling-colorado,"Colorado judge denies effort to keep Trump off the ballot, despite agreeing that he engaged in insurrection",20231118T060000Z,theblaze.com,English,US,political_risk,2023-11-18,2023-11-18 06:00:00+00:00,page_title,-3.85756676557863
https://www.talkvietnam.com/tag/case-law-on-child-maintenance-in-south-africa/,Case law on child maintenance in south africa – Talk Vietnam,20231118T120000Z,talkvietnam.com,English,RP,monetary_policy,2023-11-18,2023-11-18 12:00:00+00:00,page_title,-3.91978122151322
https://sunnewsonline.com/liberia-tinubu-congratulates-president-elect-boakai-commends-weahs-leadership/,"Liberia: Tinubu congratulates President-elect Boakai, commends Weah's leadership – The Sun Nigeria",20231119T060000Z,sunnewsonline.com,English,NI,political_risk,2023-11-19,2023-11-19 06:00:00+00:00,page_title,3.14232902033272
https://www.fox29.com/news/31-premature-babies-evacuated-from-gazas-main-hospital-days-after-israeli-forces-enter-compound,31 premature babies evacuated from Gaza's main hospital days after Israeli forces enter compound,20231120T060000Z,fox29.com,English,EG,conflict,2023-11-20,2023-11-20 06:00:00+00:00,page_title,-8.56269113149847
https://abc13.com/appeals-court-to-hear-arguments-on-gag-order-in-trumps-election-in/14084447/,Appeals court to hear arguments on gag order in Trump's election interference case,20231120T120000Z,abc13.com,English,US,political_risk,2023-11-20,2023-11-20 12:00:00+00:00,page_title,-7.96460176991151
https://www.freepressjournal.in/bhopal/mp-ballot-papers-of-govt-staff-disabled-elderly-people-missing-lop-govind-singh-complains-to-ec-raises-question-on-poll-duty-officials,"MP: Ballot Papers Of Govt Staff, Disabled & Elderly People 'Missing', LoP Govind Singh Complains To EC, Raises Question On Poll Duty Officials",20231120T120000Z,freepressjournal.in,English,IN,political_risk,2023-11-20,2023-11-20 12:00:00+00:00,page_title,-7.9734219269103
https://article.wn.com/view/2023/11/20/German_producer_prices_continue_to_fall_in_October_Destatis/,German producer prices continue to fall in October: Destatis,20231120T180000Z,wn.com,English,GM,monetary_policy,2023-11-20,2023-11-20 18:00:00+00:00,page_title,-3.7037037037037
https://www.newsweek.com/poland-nato-border-aid-blockade-ukraine-1846164,NATO Countries' Border Blockade Paralyzes Ukraine Aid Inflow,20231122T180000Z,newsweek.com,English,UP,political_risk,2023-11-22,2023-11-22 18:00:00+00:00,page_title,-2.86975717439294
https://brazilbusiness.einnews.com/pr_news/670314658/global-food-security-hinges-on-domestic-brazil-potash,Global Food Security Hinges on Domestic Brazil Potash,20231123T060000Z,einnews.com,English,BR,monetary_policy,2023-11-23,2023-11-23 06:00:00+00:00,page_title,-0.24906600249066
https://www.whig.com/ap/washington/trump-hints-at-expanded-role-for-the-military-within-the-us-a-legacy-law-gives/article_2de7d617-8444-5ed6-805f-91d9acd5bb9d.html,Trump hints at expanded role for the military within the US. A legacy law gives him few guardrails,20231127T060000Z,whig.com,English,US,political_risk,2023-11-27,2023-11-27 06:00:00+00:00,page_title,-2.69694819020582
https://www.bordertelegraph.com/news/national/23953201.serious-hospital-failings-found-case-necrophiliac-killer-david-fuller/,Serious hospital failings found after case of necrophiliac killer David Fuller,20231128T180000Z,bordertelegraph.com,English,UK,conflict,2023-11-28,2023-11-28 18:00:00+00:00,page_title,-4.47316103379722
https://www.1063thegroove.com/entertainment/cynthia-nixon-goes-on-hunger-strike-to-call-for-a-permanent-ceasefire-in-gaza,Cynthia Nixon Goes On Hunger Strike To Call For A Permanent Ceasefire In Gaza,20231129T120000Z,1063thegroove.com,English,IS,conflict,2023-11-29,2023-11-29 12:00:00+00:00,page_title,-8.71369294605809
https://www.ndtv.com/india-news/lashkar-module-busted-in-jammu-and-kashmir-2-terror-operatives-arrested-4622593,"Lashkar Module Busted In Jammu And Kashmir, 2 Terror Operatives Arrested",20231130T180000Z,ndtv.com,English,IN,conflict,2023-11-30,2023-11-30 18:00:00+00:00,page_title,-6.66666666666667
https://www.houstonpublicmedia.org/npr/2023/12/01/1209658639/at-climate-summit-nations-want-more-from-the-u-s-theres-just-a-trust-deficit/,"At climate summit, nations want more from the U.S.: 'There's just a trust deficit'",20231201T120000Z,houstonpublicmedia.org,English,AE,conflict,2023-12-01,2023-12-01 12:00:00+00:00,page_title,0.464252553389043
https://kw3.com/ixp/252/p/george-santos-congress-ousting-memes/,George Santos Expelled From Congress: Memes and Reactions,20231202T000000Z,kw3.com,English,US,political_risk,2023-12-02,2023-12-02 00:00:00+00:00,page_title,-5.84192439862543
https://www.redlandsdailyfacts.com/2023/12/03/middle-or-upper-income-brace-for-higher-electric-bills/,Middle or upper income? Brace for higher electric bills,20231203T180000Z,redlandsdailyfacts.com,English,US,sanctions_trade,2023-12-03,2023-12-03 18:00:00+00:00,page_title,-1.97541703248464
https://timesofmalta.com/articles/view/hundreds-join-march-life-valletta.1071048,Hundreds join March for Life in Valletta,20231203T180000Z,timesofmalta.com,English,MT,diplomacy,2023-12-03,2023-12-03 18:00:00+00:00,page_title,-1.88679245283019
https://www.nbcdfw.com/news/national-international/heavy-fighting-in-gaza-halts-most-aid-delivery-and-leaves-civilians-with-few-places-to-seek-safety/3404867/,Fierce battles inside Khan Younis in southern Gaza – NBC 5 Dallas-Fort Worth,20231206T120000Z,nbcdfw.com,English,IS,political_risk,2023-12-06,2023-12-06 12:00:00+00:00,page_title,-7.76426566884939
https://www.israelherald.com/news/274056867/wall-street-loses-ground-wednesday-ud-dollar-gains,"Wall Street loses ground Wednesday, U.D. dollar gains",20231207T000000Z,israelherald.com,English,CA,monetary_policy,2023-12-07,2023-12-07 00:00:00+00:00,page_title,-1.93704600484262
https://www.jamaicantimes.com/news/274057714/usa-borescopes-announces-launch-of-srv-j-4-1500-at-nbaa-conference,USA Borescopes Announces Launch of SRV-J-4-1500 at NBAA Conference,20231207T180000Z,jamaicantimes.com,English,US,energy,2023-12-07,2023-12-07 18:00:00+00:00,page_title,3.24074074074074
https://www.dailyherald.com/business/20231208/us-employers-add-a-solid-199000-jobs-and-unemployment-falls-signaling-a-still-sturdy-labor-market,"US employers add a solid 199,000 jobs and unemployment falls, signaling a still-sturdy labor market",20231208T180000Z,dailyherald.com,English,US,political_risk,2023-12-08,2023-12-08 18:00:00+00:00,page_title,-1.70827858081472
https://www.kelownacapnews.com/news/help-needed-to-id-man-who-allegedly-assaulted-senior-at-penticton-walmart-7120404,Help needed to ID man who allegedly assaulted senior at Penticton Walmart,20231209T000000Z,kelownacapnews.com,English,,conflict,2023-12-09,2023-12-09 00:00:00+00:00,page_title,-11.1702127659574
https://www.washingtonpost.com/world/2023/12/09/putin-russia-opposition-presidential-election/08bf6b22-9651-11ee-9d5c-d462c9032daa_story.html,"With Putin's reelection all but assured, Russia's opposition still vows to undermine his image",20231209T060000Z,washingtonpost.com,English,RS,political_risk,2023-12-09,2023-12-09 06:00:00+00:00,page_title,-1.92450037009623
https://www.theaustralian.com.au/news/latest-news/lula-warns-maduro-as-south-america-nervously-eyes-guyanavenezuela-row/news-story/39b4aa715eb0ee8edfa0b75ec9647e81?nk=d45aa92f62764ef23dcb98f6e33c2581-1702144001,Lula warns Maduro as South America nervously eyes Guyana-Venezuela row,20231209T180000Z,theaustralian.com.au,English,AR,energy,2023-12-09,2023-12-09 18:00:00+00:00,page_title,-4.51467268623025
https://www.kenw.org/npr-news/2023-12-09/europe-reaches-a-deal-on-the-worlds-first-comprehensive-ai-rules,Europe reaches a deal on the world's first comprehensive AI rules,20231209T180000Z,kenw.org,English,CH,diplomacy,2023-12-09,2023-12-09 18:00:00+00:00,page_title,-1.6781836130306
https://www.tickerreport.com/banking-finance/11431971/perritt-capital-management-inc-boosts-stake-in-bristol-myers-squibb-nysebmy.html,Perritt Capital Management Inc. Boosts Stake in Bristol-Myers Squibb (NYSE:BMY),20231209T180000Z,tickerreport.com,English,US,political_risk,2023-12-09,2023-12-09 18:00:00+00:00,page_title,0.65359477124183
https://www.guardian-series.co.uk/news/national/23979801.good-cause-calling-fourth-emergency-service-launches-christmas-campaign/,Good cause calling itself 'fourth emergency service' launches Christmas campaign | East London and West Essex Guardian Series,20231210T060000Z,guardian-series.co.uk,English,UK,conflict,2023-12-10,2023-12-10 06:00:00+00:00,page_title,0.0
https://menafn.com/1107568267/GAL-AMMROC-and-360-DMG-launch-a-Major-Defence-Closed-Loop-Sustainability-Initiative-in-conjunction-with-COP28,"GAL AMMROC and 360-DMG, launch a Major Defence Closed-Loop Sustainability Initiative in conjunction with COP28",20231211T120000Z,menafn.com,English,AE,diplomacy,2023-12-11,2023-12-11 12:00:00+00:00,page_title,3.59712230215827
http://english.anhuinews.com/newscenter/b/202312/t20231212_7267942.html,"China Focus: China, Germany on fast track in NEV cooperation",20231212T060000Z,anhuinews.com,English,CH,sanctions_trade,2023-12-12,2023-12-12 06:00:00+00:00,page_title,4.78796169630643
https://www.dw.com/en/israel-hamas-war-who-calls-for-gaza-hospitals-to-be-spared/live-67696307,Israel-Hamas war: WHO calls for Gaza hospitals to be spared  – DW – 12/12/2023,20231212T120000Z,dw.com,English,IS,energy,2023-12-12,2023-12-12 12:00:00+00:00,page_title,-4.38871473354232
https://www.idahostatejournal.com/news/crimes_court/female-suspect-in-brazen-vehicle-assault-said-religious-group-she-reportedly-tried-to-run-over/article_8418ff5e-990d-11ee-b0c4-938a1ea40913.html,"Female suspect in brazen vehicle assault said religious group she reportedly tried to run over was being racist against white people, witness says",20231212T180000Z,idahostatejournal.com,English,US,political_risk,2023-12-12,2023-12-12 18:00:00+00:00,page_title,-7.06436420722135
https://www.thetelegraph.com/business/article/house-panel-urges-tougher-trade-rules-for-china-18550332.php,"House panel urges tougher trade rules for China, raising chance of more tariffs if Congress agrees",20231213T000000Z,thetelegraph.com,English,CH,political_risk,2023-12-13,2023-12-13 00:00:00+00:00,page_title,-0.15600624024961
https://www.sheknows.com/living/articles/2519650/candle-sale-nordstrom/,Nordstrom Candle Sale: Get These High-End Picks Up to 40% Off – SheKnows,20231213T000000Z,sheknows.com,English,,political_risk,2023-12-13,2023-12-13 00:00:00+00:00,page_title,3.2
https://www.modernreaders.com/news/2023/12/13/covenant-partners-llc-trims-stake-in-asbury-automotive-group-inc-nyseabg.html,"Covenant Partners LLC Trims Stake in Asbury Automotive Group, Inc. (NYSE:ABG)",20231213T180000Z,modernreaders.com,English,US,political_risk,2023-12-13,2023-12-13 18:00:00+00:00,page_title,0.943396226415094
https://news.yahoo.com/fire-courthouse-hosting-trumps-civil-051204041.html,Fire at the courthouse hosting Trump's civil fraud trial prompts evacuation,20231214T060000Z,yahoo.com,English,US,political_risk,2023-12-14,2023-12-14 06:00:00+00:00,page_title,-6.54545454545455
https://www.thewestonmercury.co.uk/news/national/23994067.papers-say---december-16/,What the papers say – December 16,20231216T060000Z,thewestonmercury.co.uk,English,UK,monetary_policy,2023-12-16,2023-12-16 06:00:00+00:00,page_title,-1.76056338028169
https://www.nna-leb.gov.lb/en/justice-law/663044/hezbollah-targets-ramim-barracks-by-an-explosive-l,hezbollah targets ramim barracks by an explosive l,20231216T120000Z,nna-leb.gov.lb,English,IS,conflict,2023-12-16,2023-12-16 12:00:00+00:00,url_slug,-6.89655172413793
https://www.greatlakesadvocate.com.au/story/8461603/the-music-that-made-2023/?cs=2727,The music that made 2023 | Great Lakes Advocate,20231218T000000Z,greatlakesadvocate.com.au,English,AS,political_risk,2023-12-18,2023-12-18 00:00:00+00:00,page_title,1.81818181818182
https://wiba.iheart.com/content/2023-12-19-convicted-sex-offender-who-escaped-jail-was-given-a-disguise-by-his-mother/,Convicted Sex Offender Who Escaped Jail Was Given A Disguise By His Mother,20231219T180000Z,iheart.com,English,US,conflict,2023-12-19,2023-12-19 18:00:00+00:00,page_title,-5.39419087136929
https://www.freepressjournal.in/business/petrol-diesel-prices-remain-unchanged-on-december-21-check-rates-in-mumbai-delhi-chennai-and-other-cities,"Petrol, Diesel Prices Remain Unchanged On December 21: Check Rates In Mumbai, Delhi, Chennai, And Other Cities",20231221T060000Z,freepressjournal.in,English,IN,monetary_policy,2023-12-21,2023-12-21 06:00:00+00:00,page_title,-1.65289256198347
https://www.presstv.ir/Detail/2023/12/21/716782/Iran-International-London-plot-presenters-embassy-,Iran rejects 'Hollywood-style' claim of plot to kill presenters,20231221T180000Z,presstv.ir,English,UK,diplomacy,2023-12-21,2023-12-21 18:00:00+00:00,page_title,-6.3231850117096
https://news.yahoo.com/parents-accused-abusing-starving-13-231359513.html,Parents Accused Of Abusing And Starving 13-Year-Old In Locked Room For Weeks,20231222T000000Z,yahoo.com,English,,conflict,2023-12-22,2023-12-22 00:00:00+00:00,page_title,-5.19031141868512
https://www.gazetteandherald.co.uk/news/national/24006938.papers-say---december-22/,What the papers say – December 22,20231222T060000Z,gazetteandherald.co.uk,English,EZ,monetary_policy,2023-12-22,2023-12-22 06:00:00+00:00,page_title,-4.6692607003891
https://azertag.az/en/xeber/france_completes_military_withdrawal_from_niger_leaving_a_gap_in_the_terror_fight_in_the_sahel-2862778,"France completes military withdrawal from Niger, leaving a gap in the terror fight in the Sahel",20231223T180000Z,azertag.az,English,FR,diplomacy,2023-12-23,2023-12-23 18:00:00+00:00,page_title,-4.29752066115702
https://www.tickerreport.com/banking-finance/11490236/unlimitedip-uip-price-up-13-1-over-last-7-days.html,UnlimitedIP (UIP) Price Up 13.1% Over Last 7 Days,20231226T000000Z,tickerreport.com,English,,monetary_policy,2023-12-26,2023-12-26 00:00:00+00:00,page_title,0.6
"https://english.ahram.org.eg/NewsContent/58/1262/514666/War-on-Gaza/War-on-Gaza/Israel-intensifies-war-on-Gaza,-tension-spills-ove.aspx","Israel intensifies war on Gaza, tension spills over Middle East - as it happened - War on Gaza - War on Gaza",20231227T000000Z,ahram.org.eg,English,EG,diplomacy,2023-12-27,2023-12-27 00:00:00+00:00,page_title,-6.35103926096998
https://www.edinburghnews.scotsman.com/lifestyle/food-and-drink/edinburgh-pubs-the-auld-hoose-announces-sudden-closure-citing-no-government-support-as-final-nail-in-the-coffin-4458714,Edinburgh pubs: The Auld Hoose announces sudden closure citing no government support as 'final nail in the coffin',20231227T120000Z,scotsman.com,English,UK,diplomacy,2023-12-27,2023-12-27 12:00:00+00:00,page_title,1.12201963534362
https://www.maldonandburnhamstandard.co.uk/news/national/24013717.suspected-arson-attack-tory-mps-office-concerning-says-no-10/,"Suspected arson attack at Tory MP's office 'concerning', says No 10",20231227T180000Z,maldonandburnhamstandard.co.uk,English,UK,conflict,2023-12-27,2023-12-27 18:00:00+00:00,page_title,-5.44
https://www.redlandcitybulletin.com.au/story/8472401/australias-biggest-2023-business-busts-revealed/?cs=30776,Australia's biggest 2023 business busts revealed,20231229T060000Z,redlandcitybulletin.com.au,English,AS,conflict,2023-12-29,2023-12-29 06:00:00+00:00,page_title,-3.17258883248731
https://buffalonews.com/opinion/my-view-a-treasured-quilt-becomes-an-icon-of-family-support/article_45ac31e4-a413-11ee-89e3-8345a7d4f993.html,A quilt becomes a stand-in for family comfort,20231230T120000Z,buffalonews.com,English,,political_risk,2023-12-30,2023-12-30 12:00:00+00:00,page_title,1.49501661129568
https://www.barrons.com/news/court-in-bolivia-rules-morales-cannot-run-for-re-election-dac886b1,Court In Bolivia Rules Morales Cannot Run For Re-election,20231230T180000Z,barrons.com,English,BL,political_risk,2023-12-30,2023-12-30 18:00:00+00:00,page_title,-2.29885057471264
https://www.stripes.com/veterans/2024-01-01/veterans-program-leader-charged-stealing-12523622.html,Leader of St. Louis-area veterans program accused of stealing more than $36K,20240101T180000Z,stripes.com,English,VM,political_risk,2024-01-01,2024-01-01 18:00:00+00:00,page_title,-6.26151012891344
https://theeagleonline.com.ng/2024-lcci-lauds-tinubu-on-new-power-deal-calls-for-policies-specification/,"2024: LCCI lauds Tinubu on new power deal, calls for policies' specification",20240101T180000Z,theeagleonline.com.ng,English,NI,monetary_policy,2024-01-01,2024-01-01 18:00:00+00:00,page_title,1.9672131147541
https://www.yorkpress.co.uk/news/national/24023192.sunak-accused-fingers-ears-climate-change/,Sunak accused of having 'fingers in ears' over climate change,20240102T180000Z,yorkpress.co.uk,English,UK,energy,2024-01-02,2024-01-02 18:00:00+00:00,page_title,-3.67132867132867
https://www.nzherald.co.nz/hawkes-bay-today/news/wyn-drabble-risible-signs-raise-the-ire-and-laughter/ZYXKY4SGQFFL3PRFH5B76EZ4E4/,Wyn Drabble: Risible signs raise the ire — and laughter,20240103T000000Z,nzherald.co.nz,English,NZ,political_risk,2024-01-03,2024-01-03 00:00:00+00:00,page_title,-1.743264659271
https://www.edp24.co.uk/news/24025801.wait-goes-crossing-near-aldi-norwich-retail-park/,Wait goes on for crossing near Aldi in Norwich retail park,20240103T180000Z,edp24.co.uk,English,UK,conflict,2024-01-03,2024-01-03 18:00:00+00:00,page_title,-3.99002493765586
https://news.yahoo.com/president-biden-speak-mother-emanuel-172559798.html,President Biden to speak at Mother Emanuel Church in Charleston,20240103T180000Z,yahoo.com,English,US,political_risk,2024-01-03,2024-01-03 18:00:00+00:00,page_title,-4.91803278688525
https://okcfox.com/news/nation-world/more-35-insulin-price-caps-go-into-effect-with-start-of-the-new-year-eli-lilly-novo-nordisk-sanofi-inflation-reduction-act-american-rescue-plan-medicare-medicaid-insurance,More $35 insulin price caps go into effect with start of the new year,20240104T000000Z,okcfox.com,English,US,monetary_policy,2024-01-04,2024-01-04 00:00:00+00:00,page_title,0.144508670520231
https://www.derbytelegraph.co.uk/credit-cards-loans-finance-increase-9013011,"Credit cards, loans and finance increase at fastest rate in five years",20240104T120000Z,derbytelegraph.co.uk,English,,monetary_policy,2024-01-04,2024-01-04 12:00:00+00:00,page_title,0.868055555555555
https://www.bucksfreepress.co.uk/news/national/24032163.pro-palestinian-protesters-stage-sit-in-westminster-bridge/,Pro-Palestinian protesters stage sit-in at Westminster Bridge,20240106T180000Z,bucksfreepress.co.uk,English,IS,diplomacy,2024-01-06,2024-01-06 18:00:00+00:00,page_title,-4.78260869565217
https://www.katherinetimes.com.au/story/8478851/wages-grow-at-fastest-rate-in-more-than-a-decade/?cs=9676,Wages grow at fastest rate in more than a decade,20240107T180000Z,katherinetimes.com.au,English,AS,diplomacy,2024-01-07,2024-01-07 18:00:00+00:00,page_title,2.33236151603499
https://www.bucksfreepress.co.uk/news/national/24034066.strip-post-office-prosecution-powers-horizon-scandal---starmer/,Strip Post Office of prosecution powers over Horizon scandal – Starmer,20240108T120000Z,bucksfreepress.co.uk,English,UK,political_risk,2024-01-08,2024-01-08 12:00:00+00:00,page_title,-4.06593406593407
https://www.prnewswire.com/news-releases/astellas-provides-update-on-zolbetuximab-biologics-license-application-in-us-302028855.html,Astellas Provides Update on Zolbetuximab Biologics License Application in U.S.,20240109T000000Z,prnewswire.com,English,JA,monetary_policy,2024-01-09,2024-01-09 00:00:00+00:00,page_title,-0.407055630936228
https://www.northcountrypublicradio.org/news/npr/1223649477/in-israel-blinken-looks-to-planning-for-a-post-war-gaza-as-bombardments-rage-on,"In Israel, Blinken looks to planning for a post-war Gaza as bombardments rage on",20240109T180000Z,northcountrypublicradio.org,English,IS,conflict,2024-01-09,2024-01-09 18:00:00+00:00,page_title,-5.66829951014696
https://ladailypost.com/independent-redistricting-commission-boosted-by-navajo-nation-human-rights-commission-endorsement/,Independent Redistricting Commission Boosted By Navajo Nation Human Rights Commission Endorsement,20240110T000000Z,ladailypost.com,English,US,political_risk,2024-01-10,2024-01-10 00:00:00+00:00,page_title,1.78117048346056
https://markets.businessinsider.com/news/stocks/key-tronic-corporation-announces-leadership-succession-plans-1032955200,Key Tronic Corporation Announces Leadership Succession Plans,20240110T000000Z,businessinsider.com,English,VM,diplomacy,2024-01-10,2024-01-10 00:00:00+00:00,page_title,2.5089605734767
https://morningstaronline.co.uk/article/south-africa-can-lead-world-ending-bombardment-gaza-says-anti-apartheid-veteran,"South Africa can lead the world in ending the bombardment of Gaza, says anti apartheid veteran",20240110T180000Z,morningstaronline.co.uk,English,SF,political_risk,2024-01-10,2024-01-10 18:00:00+00:00,page_title,-4.31654676258993
https://www.dailyexcelsior.com/stay-away-from-sensationalisation-of-news-for-higher-trps-kovind/,Stay away from sensationalisation of news for higher TRPs: Kovind,20240111T000000Z,dailyexcelsior.com,English,IN,conflict,2024-01-11,2024-01-11 00:00:00+00:00,page_title,-4.02684563758389
https://www.modernreaders.com/news/2024/01/11/terra-classic-trading-6-6-higher-this-week-lunc.html,Terra Classic Trading 6.6% Higher  This Week (LUNC),20240111T060000Z,modernreaders.com,English,,monetary_policy,2024-01-11,2024-01-11 06:00:00+00:00,page_title,0.50761421319797
https://www.globalsecurity.org/military/library/news/2024/01/mil-240110-whitehouseb01.htm,"Press Briefing by Press Secretary Karine Jean-Pierre and NSC Coordinator for Strategic Communications John Kirby, January 10, 2024",20240111T120000Z,globalsecurity.org,English,US,diplomacy,2024-01-11,2024-01-11 12:00:00+00:00,page_title,-0.614383809179617
https://westfaironline.com/latest-news/ny-fed-president-wont-commit-to-rapid-interest-rate-cuts-during-wp-appearance/,NY Fed president won't commit to rapid interest rate cuts during WP appearance,20240111T120000Z,westfaironline.com,English,US,monetary_policy,2024-01-11,2024-01-11 12:00:00+00:00,page_title,0.313479623824452
https://starlocalmedia.com/news/national/strong-us-inflation-dampens-stock-market-enthusiasm/article_ff4e6d9b-e22c-5a9f-8bd4-0cdd22ce39ad.html,Strong US inflation dampens stock market enthusiasm,20240111T180000Z,starlocalmedia.com,English,US,monetary_policy,2024-01-11,2024-01-11 18:00:00+00:00,page_title,-1.75695461200586
https://www.wsls.com/business/2024/01/11/here-are-the-worst-in-show-ces-products-according-to-consumer-and-privacy-advocates/,"Here are the 'Worst in Show' CES products, according to consumer and privacy advocates",20240111T180000Z,wsls.com,English,CH,conflict,2024-01-11,2024-01-11 18:00:00+00:00,page_title,-0.362756952841596
https://www.basingstokegazette.co.uk/news/national/24044280.pm-holds-full-cabinet-call-amid-speculation-strike-red-sea-attacks/,PM holds full Cabinet call amid speculation of strike over Red Sea attacks,20240112T000000Z,basingstokegazette.co.uk,English,IR,monetary_policy,2024-01-12,2024-01-12 00:00:00+00:00,page_title,-4.47761194029851
https://www.newsandsentinel.com/news/business/2024/01/u-s-investigating-if-boeing-made-sure-part-that-blew-off-jet-was-made-to-design-standards/,"U.S. investigating if Boeing made sure part that blew off jet was made to design standards | News, Sports, Jobs",20240112T060000Z,newsandsentinel.com,English,US,conflict,2024-01-12,2024-01-12 06:00:00+00:00,page_title,-2.09923664122137
https://www.hellenicshippingnews.com/fbx-index-january-2024-market-summary/,FBX Index January 2024: Market summary | Hellenic Shipping News Worldwide,20240112T120000Z,hellenicshippingnews.com,English,DJ,monetary_policy,2024-01-12,2024-01-12 12:00:00+00:00,page_title,-3.92156862745098
https://www.straitstimes.com/asia/se-asia/one-dead-two-others-seriously-injured-in-fiery-crash-on-bus-travelling-from-singapore-to-kl,"One dead, two seriously injured in fiery crash on bus travelling from Singapore to KL",20240113T060000Z,straitstimes.com,English,IN,conflict,2024-01-13,2024-01-13 06:00:00+00:00,page_title,-8.21256038647343
https://mynorthwest.com/3946586/democrats-target-gop-strongholds-texas-and-florida-with-senate-majority-on-the-line/,Democrats target GOP strongholds Texas and Florida with Senate majority on the line,20240115T060000Z,mynorthwest.com,English,US,monetary_policy,2024-01-15,2024-01-15 06:00:00+00:00,page_title,-0.554016620498615
https://venturesafrica.com/apostories/habaripays-squad-launches-take-on-squad-hackathon-1-0-for-young-innovators/,HabariPay's Squad Launches Take on Squad Hackathon 1.0 for Young Innovators,20240115T180000Z,venturesafrica.com,English,NI,monetary_policy,2024-01-15,2024-01-15 18:00:00+00:00,page_title,6.85154975530179
https://wtov9.com/news/nation-world/texas-electric-grid-operator-issues-2nd-conservation-appeal-2024-13th-heat-cold-summer-energy-emergancy-ercot,"Texas electric grid operator issues 2nd conservation appeal of 2024, 13th since the summer",20240116T000000Z,wtov9.com,English,US,conflict,2024-01-16,2024-01-16 00:00:00+00:00,page_title,0.426439232409382
https://www.krem.com/article/news/nation-world/abortion-pill-texas-judge-grants-motion-allowing-idaho-join-lawsuit-against-fda-over-mifepristone/277-c2de6586-b4d8-4f8f-be46-bd3d161d9032,"Texas judge grants motion allowing Idaho, Missouri and Kansas to join in lawsuit against FDA over Mifepristone",20240116T180000Z,krem.com,English,US,political_risk,2024-01-16,2024-01-16 18:00:00+00:00,page_title,-1.39275766016713
https://www.zerohedge.com/news/2024-01-17/jamie-dimon-us-economy-bitcoin-border-control-davos-2024,"Jamie Dimon On The U.S. Economy, Bitcoin, Border Control - Davos 2024",20240118T060000Z,zerohedge.com,English,US,energy,2024-01-18,2024-01-18 06:00:00+00:00,page_title,0.356859635210151
https://www.streetinsider.com/Reuters/US+court+accepts+$20.8+billion+in+claims+against+Venezuela+in+Citgo+auction/22652413.html,US court accepts $20.8 billion in claims against Venezuela in Citgo auction,20240120T000000Z,streetinsider.com,English,US,political_risk,2024-01-20,2024-01-20 00:00:00+00:00,page_title,-1.26227208976157
https://timesofindia.indiatimes.com/world/us/israeli-pm-netanyahu-rejects-us-call-for-palestinian-state-after-war/articleshow/107001922.cms,Israeli PM Netanyahu Rejects US Call for Palestinian State After War | World News,20240120T060000Z,indiatimes.com,English,IS,conflict,2024-01-20,2024-01-20 06:00:00+00:00,page_title,-1.79372197309417
https://www.thedailyworld.com/nation-world/u-s-gasoline-price-hits-record-with-driving-season-looming/,U.S. gasoline price hits record with driving season looming,20240121T060000Z,thedailyworld.com,English,RS,energy,2024-01-21,2024-01-21 06:00:00+00:00,page_title,-3.3195020746888
https://www.marketscreener.com/quote/stock/CNH-INDUSTRIAL-N-V-14424308/news/CNH-invests-in-ecofriendly-bale-storage-innovator-Nature-s-Net-Wrap-45791996/,"CNH invests in ecofriendly bale storage innovator Nature's Net Wrap -January 23, 2024 at 06:31 am EST",20240123T120000Z,marketscreener.com,English,UK,diplomacy,2024-01-23,2024-01-23 12:00:00+00:00,page_title,-1.61172161172161
https://www.ziarelive.ro/stiri/ep-election-psd-would-get-31-pct-pnl-20-pct-aur-19-pct-avangarde-survey.html,"EP election: PSD would get 31 pct, PNL 20 pct, AUR 19 pct (Avangarde survey)",20240125T120000Z,ziarelive.ro,English,RO,political_risk,2024-01-25,2024-01-25 12:00:00+00:00,page_title,3.66748166259169
https://ottawacitizen.com:443/news/what-is-the-cut-to-international-student-visas-all-about,What is the cut to international student visas all about?,20240125T120000Z,ottawacitizen.com,English,CA,diplomacy,2024-01-25,2024-01-25 12:00:00+00:00,page_title,-0.909090909090909
https://www.braintreeandwithamtimes.co.uk/news/national/24078629.trump-ordered-pay-writer-extra-65m-saying-sex-attack-claim-lie/,Trump ordered to pay writer extra £65m for saying sex attack claim was a lie,20240127T000000Z,braintreeandwithamtimes.co.uk,English,US,political_risk,2024-01-27,2024-01-27 00:00:00+00:00,page_title,-5.14834205933682
https://www.zerohedge.com/geopolitical/escobar-five-variables-defining-our-future,Escobar: Five Variables Defining Our Future,20240127T060000Z,zerohedge.com,English,RS,monetary_policy,2024-01-27,2024-01-27 06:00:00+00:00,page_title,-4.46666666666667
https://www.wthr.com/article/news/crime/2-injured-1-critical-following-overnight-shootings-in-indy-indianapolis-sunday-gun-violence-crime/531-00475053-63a0-4982-a777-8d8e8ea58add,"2 injured, 1 critical condition after overnight shootings in Indy",20240128T180000Z,wthr.com,English,,conflict,2024-01-28,2024-01-28 18:00:00+00:00,page_title,-15.1515151515152
https://wokq.com/ixp/204/p/luke-combs-nashville-bar-name-category-10/,Luke Combs Reveals the Name of His Nashville Bar,20240130T180000Z,wokq.com,English,,conflict,2024-01-30,2024-01-30 18:00:00+00:00,page_title,1.38568129330254
https://www.sequimgazette.com/life/a-full-slate-of-adventures-set-for-2024-travelers-journal-series/,A full slate of adventures set for 2024 Traveler's Journal Series,20240131T120000Z,sequimgazette.com,English,US,diplomacy,2024-01-31,2024-01-31 12:00:00+00:00,page_title,2.82146160962072
https://therealdeal.com/la/2024/02/01/la-home-brokers-mull-feds-pledge-for-steady-rates-ahead/,LA Home Brokers Mull Fed's Pledge for Steady Rates Ahead,20240201T180000Z,therealdeal.com,English,,monetary_policy,2024-02-01,2024-02-01 18:00:00+00:00,page_title,0.373831775700934
https://www.officer.com/command-hq/station-design/news/53095334/vandal-smashes-windows-of-vehicles-outside-pa-police-station,Vandal Smashes Windows of Vehicles Outside Pa. Police Station,20240201T180000Z,officer.com,English,,conflict,2024-02-01,2024-02-01 18:00:00+00:00,page_title,-3.98406374501992
https://www.politico.eu/podcast/europes-angry-farmers-and-eu-funds-for-ukraine-finally/,Europe's angry farmers and EU funds for Ukraine (finally) – POLITICO,20240202T060000Z,politico.eu,English,FR,political_risk,2024-02-02,2024-02-02 06:00:00+00:00,page_title,0.0
https://www.jdsupra.com/legalnews/uae-central-bank-introduces-regulatory-2362251/,"UAE Central Bank Introduces Regulatory Framework for Buy-Now, Pay-Later Providers | White & Case LLP",20240203T000000Z,jdsupra.com,English,SA,monetary_policy,2024-02-03,2024-02-03 00:00:00+00:00,page_title,2.87958115183246
https://www.smh.com.au/politics/federal/how-labor-s-tax-plan-is-predicted-to-pan-out-for-you-over-the-next-10-years-20240201-p5f1n9.html,How Labor's tax plan is predicted to pan out for you over the next 10 years,20240204T120000Z,smh.com.au,English,AS,monetary_policy,2024-02-04,2024-02-04 12:00:00+00:00,page_title,-6.05326876513317
https://www.latimes.com/food/story/2024-02-05/vanilla-queens-papantla-mexico-photos,"The vanilla queens of Papantla, Mexico - Los Angeles Times",20240205T120000Z,latimes.com,English,MX,energy,2024-02-05,2024-02-05 12:00:00+00:00,page_title,3.35530257639305
https://www.marketscreener.com/news/latest/UK-to-see-highest-inflation-among-G7-countries-in-2024-and-2025-OECD-45883124/,UK to see highest inflation among G7 countries in 2024 and 2025 — OECD,20240205T120000Z,marketscreener.com,English,IS,monetary_policy,2024-02-05,2024-02-05 12:00:00+00:00,page_title,-4.77815699658703
https://www.onegreenplanet.org/environment/the-game-changing-satellite-tool-fighting-ocean-pollution/,The Game-Changing Satellite Tool Fighting Ocean Pollution,20240205T180000Z,onegreenplanet.org,English,,energy,2024-02-05,2024-02-05 18:00:00+00:00,page_title,1.97268588770865
https://businessmirror.com.ph/2022/07/25/forward-looking/?text=https:/businessmirror.com.ph/2024/02/06/phl-gets-clean-and-green-honors-in-asean-tourism-gab/,Forward-looking | Atty. Jose Ferdinand M. Rojas II,20240205T180000Z,businessmirror.com.ph,English,RP,monetary_policy,2024-02-05,2024-02-05 18:00:00+00:00,page_title,-2.38095238095238
https://www.northweststar.com.au/story/8511042/france-thinking-about-stellantis-and-renault-merger-report/?cs=34616,France thinking about Stellantis and Renault merger - report,20240206T000000Z,northweststar.com.au,English,FR,diplomacy,2024-02-06,2024-02-06 00:00:00+00:00,page_title,-2.09698558322412
https://www.marketscreener.com/quote/stock/EURONET-WORLDWIDE-INC-9143/news/Euronet-Reports-Fourth-Quarter-and-Full-Year-Financial-Results-45898537/,Euronet Reports Fourth Quarter and Full Year Financial Results,20240207T060000Z,marketscreener.com,English,US,monetary_policy,2024-02-07,2024-02-07 06:00:00+00:00,page_title,-1.2085851219004
https://www.inverelltimes.com.au/story/8513980/offshore-wind-farm-development-in-australia/?cs=2687,Offshore wind farm development in Australia | The Inverell Times,20240208T000000Z,inverelltimes.com.au,English,AS,political_risk,2024-02-08,2024-02-08 00:00:00+00:00,page_title,1.69491525423729
https://www.wowktv.com/news/u-s-world/ap-how-the-squad-is-fighting-back-against-pro-israel-pacs-with-record-fundraising/,How the 'squad' is fighting back against pro-Israel PACs with record fundraising,20240208T060000Z,wowktv.com,English,US,political_risk,2024-02-08,2024-02-08 06:00:00+00:00,page_title,-1.4218009478673
https://www.dailyforex.com/forex-technical-analysis/2024/02/usdjpy-forecast-08-february-2024/207625,USD/JPY Forecast Today - 08/02: USD Gains on YEN (Video),20240208T120000Z,dailyforex.com,English,JA,monetary_policy,2024-02-08,2024-02-08 12:00:00+00:00,page_title,0.478468899521531
https://www.wsbradio.com/news/politics/how-biden-his-allies/QWFUVU7TIP6N5IFUJ7TZ5SBWCM/,How Biden and his allies are pushing back against a special counsel's claims about his memory,20240210T060000Z,wsbradio.com,English,US,political_risk,2024-02-10,2024-02-10 06:00:00+00:00,page_title,-1.53139356814701
https://pakobserver.net/visit-to-denmark-ice-caped-smiling-country/,Visit to Denmark : Ice-caped smiling country - Pakistan Observer,20240210T060000Z,pakobserver.net,English,DA,energy,2024-02-10,2024-02-10 06:00:00+00:00,page_title,3.1634446397188
https://urbanmilwaukee.com/pressrelease/milwaukee-mayor-johnson-and-county-executive-crowley-endorse-mps-referendum-campaign/,Milwaukee Mayor Johnson and County Executive Crowley Endorse MPS Referendum Campaign,20240213T000000Z,urbanmilwaukee.com,English,US,monetary_policy,2024-02-13,2024-02-13 00:00:00+00:00,page_title,2.6246719160105
https://www.ai-cio.com/news/hed-us-corporate-pension-plans-continue-to-improve-funded-status-in-january/,US Corporate Pension Plans Continue to Improve Funded Status in January,20240213T000000Z,ai-cio.com,English,US,monetary_policy,2024-02-13,2024-02-13 00:00:00+00:00,page_title,-1.05980317940954
https://www.brentwoodlive.co.uk/news/national/24118281.no-evidence-electric-cars-struggle-uks-cold-weather---aa/,'No evidence' electric cars 'struggle' with UK's cold weather – AA,20240214T120000Z,brentwoodlive.co.uk,English,US,monetary_policy,2024-02-14,2024-02-14 12:00:00+00:00,page_title,-1.53061224489796
https://www.agri-pulse.com/articles/20636-biofuel-industry-huge-new-markets-amid-policy-challenges,"Biofuel industry huge new markets amid policy challenges | Agri-Pulse Communications, Inc.",20240214T180000Z,agri-pulse.com,English,US,monetary_policy,2024-02-14,2024-02-14 18:00:00+00:00,page_title,0.338983050847458
https://www.nbcnews.com/nbc-out/out-news/teen-girl-stabbed-london-suspected-transphobic-hate-crime-police-say-rcna138832,"Teen girl stabbed in London in suspected 'transphobic hate crime,' police say",20240214T180000Z,nbcnews.com,English,UK,political_risk,2024-02-14,2024-02-14 18:00:00+00:00,page_title,-8.4375
https://biztoc.com/x/c44ab37c444d353f,Bitcoin Hits $1 Trillion Market Cap as BTC Blitzes Past $51K,20240215T000000Z,biztoc.com,English,,monetary_policy,2024-02-15,2024-02-15 00:00:00+00:00,page_title,-1.40845070422535
https://bbj.hu/economy/statistics/figures/lithuania-producer-prices-drop-for-10th-month-in-january,Lithuania Producer Prices Drop for 10th Month in January,20240215T120000Z,bbj.hu,English,LH,diplomacy,2024-02-15,2024-02-15 12:00:00+00:00,page_title,1.42857142857143
http://homenewshere.com/national/news/article_a63f1f13-bc59-52dc-abf0-f72299397e79.html,"EU cuts eurozone inflation, growth forecasts for 2024",20240215T120000Z,homenewshere.com,English,IS,monetary_policy,2024-02-15,2024-02-15 12:00:00+00:00,page_title,-3.92156862745098
https://www.edenmagnet.com.au/story/8524070/timber-and-concrete-hybrid-considered-for-cuttagee-bridge-renewal/,Timber and Concrete Hybrid Considered for Cuttagee Bridge Renewal | Magnet,20240216T060000Z,edenmagnet.com.au,English,AS,diplomacy,2024-02-16,2024-02-16 06:00:00+00:00,page_title,2.26308345120226
https://www.wlip.com/syndicated-article/?id=1549288,Fulton County hearing live updates: Fani Willis takes the stand in contentious hearing with Trump case on the line,20240216T060000Z,wlip.com,English,US,political_risk,2024-02-16,2024-02-16 06:00:00+00:00,page_title,-1.32234988077173
https://www.glasgowtimes.co.uk/news/national/24126044.come-together-sunak-tells-conservatives-twin-by-election-blow/,'Come together' Sunak tells Conservatives after twin by-election blow,20240217T000000Z,glasgowtimes.co.uk,English,UK,political_risk,2024-02-17,2024-02-17 00:00:00+00:00,page_title,-3.1390134529148
https://www.thetelegraphandargus.co.uk/news/national/24129440.junior-doctors-northern-ireland-vote-strike-action-pay/,Junior doctors in Northern Ireland vote for strike action over pay,20240219T180000Z,thetelegraphandargus.co.uk,English,UK,diplomacy,2024-02-19,2024-02-19 18:00:00+00:00,page_title,1.00671140939597
https://news.yahoo.com/labour-blame-public-cuts-says-225536915.html,"Labour to blame for public service cuts, says Welsh Tory leader",20240223T000000Z,yahoo.com,English,UK,political_risk,2024-02-23,2024-02-23 00:00:00+00:00,page_title,-4.13105413105413
https://www.dailypolitical.com/2024/02/23/ingersoll-rand-inc-nyseir-shares-sold-by-river-wealth-advisors-llc.html,Ingersoll Rand Inc. (NYSE:IR) Shares Sold by River Wealth Advisors LLC,20240223T180000Z,dailypolitical.com,English,IN,political_risk,2024-02-23,2024-02-23 18:00:00+00:00,page_title,1.28458498023715
https://toronto.citynews.ca/2024/02/23/ex-pakistani-premier-khan-wants-the-imf-to-link-talks-with-islamabad-to-independent-audit-of-vote/,Ex-Pakistani premier Khan wants the IMF to link talks with Islamabad to independent audit of vote,20240223T180000Z,toronto.citynews.ca,English,PK,diplomacy,2024-02-23,2024-02-23 18:00:00+00:00,page_title,-2.34042553191489
https://www.dailypolitical.com/2024/02/25/12676-shares-in-enterprise-products-partners-l-p-nyseepd-acquired-by-operose-advisors-llc.html,"12,676 Shares in Enterprise Products Partners L.P. (NYSE:EPD) Acquired by Operose Advisors LLC",20240225T180000Z,dailypolitical.com,English,CA,energy,2024-02-25,2024-02-25 18:00:00+00:00,page_title,2.72727272727273
https://www.benzinga.com/news/large-cap/24/02/37340159/hackers-behind-mgm-resorts-caesars-entertainment-security-breach-targeted-unitedhealths-prescripti,"Hackers Behind MGM Resorts, Caesars Entertainment Security Breach, Targeted UnitedHealth's Prescription Deliveries - UnitedHealth Group (NYSE:UNH)",20240227T180000Z,benzinga.com,English,,diplomacy,2024-02-27,2024-02-27 18:00:00+00:00,page_title,-1.48619957537155
"http://www.businessghana.com/site/news/business/303019/TotalEnergies,-Shell,-Chevron-Double-Down-on-African-Oil,-Gas","TotalEnergies, Shell, Chevron Double Down on African Oil, Gas",20240228T180000Z,businessghana.com,English,AO,energy,2024-02-28,2024-02-28 18:00:00+00:00,page_title,0.297619047619047
https://news.yahoo.com/indiana-lawmakers-slip-tampon-tax-103510763.html,Indiana lawmakers slip 'tampon tax' elimination into a Senate bill,20240229T120000Z,yahoo.com,English,US,diplomacy,2024-02-29,2024-02-29 12:00:00+00:00,page_title,-2.5
https://www.theeastafrican.co.ke/tea/business/africa-s-debt-to-stay-above-pre-pandemic-levels-un-says-4540948,"Africa's debt to stay above pre-pandemic levels, UN says",20240229T180000Z,theeastafrican.co.ke,English,ZI,monetary_policy,2024-02-29,2024-02-29 18:00:00+00:00,page_title,-7.42857142857143
https://www.natlawreview.com/article/weekly-irs-roundup-february-19-february-23-2024,"IRS Roundup:Revoking Tax Exempt Status, federal income tax return",20240301T000000Z,natlawreview.com,English,US,monetary_policy,2024-03-01,2024-03-01 00:00:00+00:00,page_title,-1.96078431372549
https://www.brisbanetimes.com.au/national/western-australia/peak-wa-doctors-body-splinters-from-national-group-in-ugly-spat-over-membership-money-20240301-p5f954.html,Peak WA doctors' body splinters from national group in ugly spat over membership money,20240301T060000Z,brisbanetimes.com.au,English,,diplomacy,2024-03-01,2024-03-01 06:00:00+00:00,page_title,-1.37931034482759
https://www.filmfare.com/news/hollywood/song-kang-to-enlist-for-his-mandatory-military-service-on-this-date-64763.html,Song Kang to enlist for his mandatory military service on THIS date,20240301T120000Z,filmfare.com,English,KN,conflict,2024-03-01,2024-03-01 12:00:00+00:00,page_title,3.3457249070632
https://www.currencynews.co.uk/forecast/20240303-40230_euro-to-dollar-week-ahead-forecast-eur-usd-waiting-for-fresh-narrative.html,Euro to Dollar Week Ahead Forecast: EUR/USD Waiting for a Fresh Narrative,20240303T180000Z,currencynews.co.uk,English,UK,monetary_policy,2024-03-03,2024-03-03 18:00:00+00:00,page_title,-0.967741935483871
https://www.currencynews.co.uk/forecast/20240303-40231_pound-to-euro-week-ahead-forecast-drifts-weaker-1-1495-1-1905-2024-ranges.html,"Pound to Euro Week Ahead Forecast: Drifts Weaker, 1.1495-1.1905 2024 Ranges",20240303T180000Z,currencynews.co.uk,English,GM,political_risk,2024-03-03,2024-03-03 18:00:00+00:00,page_title,-3.45199568500539
https://www.marketwatch.com/story/one-reason-for-the-stock-markets-meteoric-rally-the-expectation-that-ai-will-stay-unregulated-47ef7703,Opinion: One reason for stock market's rally: Expectations that AI will stay unregulated,20240305T000000Z,marketwatch.com,English,US,monetary_policy,2024-03-05,2024-03-05 00:00:00+00:00,page_title,-5.14541387024608
https://www.armidaleexpress.com.au/story/8543258/mcintosh-bragg-and-stevens-promoted-in-peter-duttons-reshuffle/?cs=2675,"McIntosh, Bragg, and Stevens promoted in Peter Dutton's reshuffle | The Armidale Express",20240305T060000Z,armidaleexpress.com.au,English,AS,diplomacy,2024-03-05,2024-03-05 06:00:00+00:00,page_title,-4.05701754385965
https://squatchrocks.com/ixp/150/p/minnesota-red-flag-warnings/,FIRE RISK: Red Flag Warnings In 13 Minnesota Counties Wednesday,20240306T180000Z,squatchrocks.com,English,US,monetary_policy,2024-03-06,2024-03-06 18:00:00+00:00,page_title,-6.29067245119306
https://www.orangeobserver.com/news/2024/mar/07/art-room-to-host-21st-annual-adult-art-show/,Art Room to host 21st annual Adult Art Show | West Orange Times & Observer,20240307T180000Z,orangeobserver.com,English,US,energy,2024-03-07,2024-03-07 18:00:00+00:00,page_title,6.24203821656051
https://www.peeblesshirenews.com/news/national/24171607.eu-ship-leaving-gaza-test-new-humanitarian-corridor/,EU ship leaving for Gaza as test of new humanitarian corridor,20240308T120000Z,peeblesshirenews.com,English,CY,diplomacy,2024-03-08,2024-03-08 12:00:00+00:00,page_title,-3.06569343065693
https://stylecaster.com/entertainment/celebrity-news/1729433/natalie-portman-benjamin-millepied-divorce/,"Natalie Portman, Benjamin Millepied Divorce Reason: Why They Split",20240308T180000Z,stylecaster.com,English,FR,political_risk,2024-03-08,2024-03-08 18:00:00+00:00,page_title,0.90497737556561
https://www.salemnews.net/news/police-and-court-reports/2024/03/police-reports-2532/,"POLICE REPORTS | News, Sports, Jobs",20240309T120000Z,salemnews.net,English,US,conflict,2024-03-09,2024-03-09 12:00:00+00:00,page_title,-2.51141552511415
https://www.wirralglobe.co.uk/news/national/24174367.counter-protest-pro-palestine-marches-held-london/,Counter-protest to pro-Palestine marches held in London,20240309T180000Z,wirralglobe.co.uk,English,IS,political_risk,2024-03-09,2024-03-09 18:00:00+00:00,page_title,-4.78260869565217
https://www.bnnbloomberg.ca/default-risk-fades-in-emerging-markets-as-riskiest-bonds-soar-1.2044900,Default Risk Fades in Emerging Markets as Riskiest Bonds Soar,20240310T180000Z,bnnbloomberg.ca,English,UK,energy,2024-03-10,2024-03-10 18:00:00+00:00,page_title,-0.701402805611222
https://www.bucksfreepress.co.uk/news/national/24175393.questions-editing-official-mothers-day-picture-princess-wales/,Questions over editing of official Mother's Day picture of Princess of Wales,20240311T000000Z,bucksfreepress.co.uk,English,AS,conflict,2024-03-11,2024-03-11 00:00:00+00:00,page_title,0.212314225053079
https://www.zerohedge.com/geopolitical/whats-so-great-about-nato,What's So Great About NATO?,20240311T120000Z,zerohedge.com,English,US,political_risk,2024-03-11,2024-03-11 12:00:00+00:00,page_title,-4.00832899531494
https://bigi1079.iheart.com/content/2024-03-11-carly-pearce-reveals-moment-she-could-hear-a-pin-drop-on-stage/,Carly Pearce Reveals Moment She 'Could Hear A Pin Drop' On Stage,20240311T180000Z,iheart.com,English,US,conflict,2024-03-11,2024-03-11 18:00:00+00:00,page_title,2.59179265658747
https://www.theland.com.au/story/8552025/ag-lobby-primes-senate-to-stop-biosecurity-protection-levy/?cs=4951,Ag lobby primes Senate to stop biosecurity protection levy | The Land,20240312T000000Z,theland.com.au,English,AS,political_risk,2024-03-12,2024-03-12 00:00:00+00:00,page_title,-2.64741275571601
https://www.washingtontimes.com/news/2024/mar/12/editorial-bidens-tax-and-spend-budget-forecasts-en/,EDITORIAL: Biden's tax-and-spend budget forecasts endless red ink,20240313T000000Z,washingtontimes.com,English,US,monetary_policy,2024-03-13,2024-03-13 00:00:00+00:00,page_title,-1.90972222222222
https://www.marketscreener.com/quote/index/S-P-500-4985/news/US-stocks-may-not-be-in-a-bubble-but-a-pullback-could-be-near-46156334/,"US stocks may not be in a bubble, but a pullback could be near",20240313T060000Z,marketscreener.com,English,CH,monetary_policy,2024-03-13,2024-03-13 06:00:00+00:00,page_title,-0.427807486631016
https://www.tdtnews.com/news/article_4458dceb-d921-5fb8-b4d7-016ce0f7cab7.html,President Joe Biden has won enough delegates to clinch the 2024 Democratic nomination,20240313T060000Z,tdtnews.com,English,US,monetary_policy,2024-03-13,2024-03-13 06:00:00+00:00,page_title,-2.90697674418605
https://londonlovesbusiness.com/eur-usd-forecasts-amid-cautious-market-sentiment/,EUR/USD forecasts amid cautious market sentiment,20240313T120000Z,londonlovesbusiness.com,English,FR,monetary_policy,2024-03-13,2024-03-13 12:00:00+00:00,page_title,-0.471698113207547
https://www.federalwaymirror.com/news/virgin-mary-statue-stolen-federal-way-police-blotter/,Virgin Mary statue stolen | Federal Way Police Blotter,20240315T000000Z,federalwaymirror.com,English,,conflict,2024-03-15,2024-03-15 00:00:00+00:00,page_title,-7.99561883899233
https://www.devdiscourse.com/article/international/2860349-woman-pours-dye-into-ballot-box-in-protest-against-russian-presidential-election-report,Woman pours dye into ballot box in protest against Russian presidential election: Report,20240316T120000Z,devdiscourse.com,English,RS,political_risk,2024-03-16,2024-03-16 12:00:00+00:00,page_title,-7.48898678414097
https://www.thebatavian.com/jfbeck99272012/a-full-showing-of-support-for-sgt-sanfratello/638705,A full showing of support for Sgt. Sanfratello,20240317T000000Z,thebatavian.com,English,,conflict,2024-03-17,2024-03-17 00:00:00+00:00,page_title,-1.65289256198347
https://www.financialexpress.com/world-news/vladimir-putin-claims-landslide-victory-in-russian-presidential-polls-secures-historic-six-year-termnbsp/3428065/,"Vladimir Putin claims landslide victory in Russian Presidential polls, secures historic six year-term",20240318T060000Z,financialexpress.com,English,RS,political_risk,2024-03-18,2024-03-18 06:00:00+00:00,page_title,-1.78041543026706
https://www.theepochtimes.com/bright/closing-prices-for-crude-oil-gold-and-other-commodities-march-19-post-5610757,"Closing Prices for Crude Oil, Gold, and Other Commodities (March 19)",20240320T000000Z,theepochtimes.com,English,JA,energy,2024-03-20,2024-03-20 00:00:00+00:00,page_title,0.0
https://www.naturalproductsinsider.com/supplement-regulations/state-ags-want-cannabis-clarification-in-farm-bill-hemp-group-warns-of-unintended-consequences,State AGs want Congress to clarify cannabis rules; hemp group warns of unintended consequences,20240322T000000Z,naturalproductsinsider.com,English,US,diplomacy,2024-03-22,2024-03-22 00:00:00+00:00,page_title,-3.05084745762712
https://www.thealpenanews.com/life/2024/03/exchange-club-gives-coloring-books-crayons-to-mymichigan/,"Exchange Club gives coloring books, crayons to MyMichigan | News, Sports, Jobs",20240323T000000Z,thealpenanews.com,English,,conflict,2024-03-23,2024-03-23 00:00:00+00:00,page_title,4.81927710843374
https://weisradio.com/2024/03/23/trumps-dark-retribution-pledge-at-center-of-2024-bid-but-can-he-make-it-reality/,"Trump's dark 'retribution' pledge at center of 2024 bid, but can he make it reality? - WEIS",20240323T180000Z,weisradio.com,English,US,political_risk,2024-03-23,2024-03-23 18:00:00+00:00,page_title,-3.42612419700214
https://article.wn.com/view/2024/03/24/Hamas_official_speaks_of_big_gaps_with_Israel_in_truce_talks_7/,Hamas official speaks of big gaps with Israel in truce talks,20240324T060000Z,wn.com,English,IS,diplomacy,2024-03-24,2024-03-24 06:00:00+00:00,page_title,0.0
https://www.nynganobserver.com.au/story/8566642/australias-beloved-tim-tams-now-available-in-uk-supermarkets/?cs=9676,Australia's beloved Tim Tams now available in UK supermarkets | Nyngan Observer,20240325T000000Z,nynganobserver.com.au,English,AS,sanctions_trade,2024-03-25,2024-03-25 00:00:00+00:00,page_title,1.9672131147541
https://www.graphic.com.gh/news/general-news/ghana-news-executive-parliament-impasse-test-of-ghanas-democracy-experts-call-for-consensus.html,"Executive, Parliament impasse: Test of Ghana's democracy - Experts call for consensus",20240325T180000Z,graphic.com.gh,English,GH,political_risk,2024-03-25,2024-03-25 18:00:00+00:00,page_title,-2.77777777777778
https://whyy.org/articles/bucks-county-files-climate-lawsuit-against-oil-industry/,Bucks County files climate lawsuit against fossil fuel industry,20240326T120000Z,whyy.org,English,US,conflict,2024-03-26,2024-03-26 12:00:00+00:00,page_title,-2.77078085642317
https://www.marketscreener.com/quote/stock/BIG-TECHNOLOGIES-PLC-125228603/news/Big-Technologies-revenue-rises-but-profit-drops-on-higher-costs-46286512/,Big Technologies revenue rises but profit drops on higher costs,20240326T120000Z,marketscreener.com,English,CO,diplomacy,2024-03-26,2024-03-26 12:00:00+00:00,page_title,3.05084745762712
https://www.jdsupra.com/legalnews/trade-organizations-challenge-colorado-9511987/,Trade Organizations Challenge Colorado's DIDMCA Opt-Out Legislation in Federal Court | Troutman Pepper,20240328T000000Z,jdsupra.com,English,US,monetary_policy,2024-03-28,2024-03-28 00:00:00+00:00,page_title,-1.0752688172043
https://time.com/6961454/daniel-kahneman-death-interview-thinking/,Revisiting an Interview With Daniel Kahneman After His Death,20240328T180000Z,time.com,English,BU,political_risk,2024-03-28,2024-03-28 18:00:00+00:00,page_title,0.73394495412844
https://www.thesouthafrican.com/news/south-africa-todays-latest-news-and-headlines-friday-29-march/,"South Africa: Today's latest news and headlines, Friday, 29 March",20240329T060000Z,thesouthafrican.com,English,SF,political_risk,2024-03-29,2024-03-29 06:00:00+00:00,page_title,-4.96277915632754
https://www.cravenherald.co.uk/news/national/24220284.nine-detained-tajikistan-relation-moscow-concert-hall-attack/,Nine detained in Tajikistan in relation to Moscow concert hall attack,20240329T120000Z,cravenherald.co.uk,English,RS,conflict,2024-03-29,2024-03-29 12:00:00+00:00,page_title,-11.5942028985507
https://www.ivpressonline.com/news/world/in-indonesia-deforestation-is-intensifying-disasters-from-severe-weather-and-climate-change/article_34ee8859-917c-576f-8472-2f5a2be9e4ec.html,"In Indonesia, deforestation is intensifying disasters from severe weather and climate change",20240330T060000Z,ivpressonline.com,English,ID,energy,2024-03-30,2024-03-30 06:00:00+00:00,page_title,-6.80851063829787
https://pakobserver.net/individual-efforts-in-water-conservation/,Individual efforts in water conservation - Pakistan Observer,20240330T060000Z,pakobserver.net,English,IS,conflict,2024-03-30,2024-03-30 06:00:00+00:00,page_title,-6.97674418604651
https://news.yahoo.com/indian-opposition-parties-rally-behind-110327478.html,Indian opposition parties rally behind jailed Delhi leader Arvind Kejriwal's wife during mega gathering,20240331T120000Z,yahoo.com,English,IN,political_risk,2024-03-31,2024-03-31 12:00:00+00:00,page_title,-4.70262793914246
https://www.ynetnews.com/business/article/r1e2w6w1a,"Israel sees 43% surge in cyberattacks, many from Iran and Hezbollah",20240401T120000Z,ynetnews.com,English,IS,conflict,2024-04-01,2024-04-01 12:00:00+00:00,page_title,-2.67489711934156
https://www.firstpost.com/world/gazproms-astrakhan-gas-plant-halts-petroleum-production-for-repairs-13755455.html,Russia's Astrakhan gas plant halts petroleum production for repairs,20240402T180000Z,firstpost.com,English,RS,energy,2024-04-02,2024-04-02 18:00:00+00:00,page_title,-2.34375
https://english.news.cn/asiapacific/20240403/3e7fccf92ea64b20a92a488d0077f709/c.html,DPRK successfully test-fires intermediate-range hypersonic ballistic missile -- KCNA-Xinhua,20240403T000000Z,english.news.cn,English,KS,political_risk,2024-04-03,2024-04-03 00:00:00+00:00,page_title,0.319488817891374
https://www.catholicworldreport.com/2024/04/03/crisis-in-haiti-worsens-minor-seminary-attacked-by-gangs/,Crisis in Haiti worsens: Minor seminary attacked by gangs,20240404T060000Z,catholicworldreport.com,English,HA,conflict,2024-04-04,2024-04-04 06:00:00+00:00,page_title,-5.55555555555556
https://us.cnn.com/2024/04/05/business/terraform-labs-do-kwon-found-liable-in-us-civil-fraud-trial/,Terraform Labs and founder Do Kwon found liable in US civil fraud trial,20240406T000000Z,cnn.com,English,KS,political_risk,2024-04-06,2024-04-06 00:00:00+00:00,page_title,-5.44
https://theenterpriseleader.com/2024/04/07/mirae-asset-global-investments-co-ltd-has-173-91-million-stock-holdings-in-deere-company-nysede.html,Mirae Asset Global Investments Co. Ltd. Has $173.91 Million Stock Holdings in Deere & Company (NYSE:DE),20240407T180000Z,theenterpriseleader.com,English,,political_risk,2024-04-07,2024-04-07 18:00:00+00:00,page_title,0.864864864864865
https://www.independent.co.uk/arts-entertainment/tv/news/mark-speight-cbbc-death-b2524960.html,Ex-CBBC presenter pays tribute to Mark Speight on death anniversary,20240408T120000Z,independent.co.uk,English,,conflict,2024-04-08,2024-04-08 12:00:00+00:00,page_title,3.66088631984586
https://pmnewsnigeria.com/2024/04/09/dont-leave-us-you-can-still-be-governor-lagos-pdp-chair-begs-shaibu/,"'Don't leave us, you can still be governor,' Lagos PDP chair begs Shaibu",20240409T180000Z,pmnewsnigeria.com,English,NI,political_risk,2024-04-09,2024-04-09 18:00:00+00:00,page_title,1.98300283286119
https://www.tickerreport.com/banking-finance/11871546/geniux-iux-hits-self-reported-market-capitalization-of-228043-86.html,"GeniuX (IUX) Hits Self Reported Market Capitalization of $228,043.86",20240409T180000Z,tickerreport.com,English,,monetary_policy,2024-04-09,2024-04-09 18:00:00+00:00,page_title,2.05882352941176
https://www.wpri.com/news/local-news/west-bay/2-correctional-officers-injured-during-incidents-at-aci/,2 correctional officers injured during incidents at ACI,20240409T180000Z,wpri.com,English,US,conflict,2024-04-09,2024-04-09 18:00:00+00:00,page_title,-8.44155844155844
https://www.news9.com/story/66170de954b373064a8899cb/traveling-with-the-guard:-their-mission,Traveling With The Guard: Their Mission,20240411T000000Z,news9.com,English,US,conflict,2024-04-11,2024-04-11 00:00:00+00:00,page_title,-0.376647834274953
https://www.yorkpress.co.uk/news/national/24248145.uks-nuclear-deterrent-bedrock-labours-plan-keep-britain-safe---starmer/,UK's nuclear deterrent 'bedrock' of Labour's plan to keep Britain safe – Starmer,20240412T000000Z,yorkpress.co.uk,English,AS,energy,2024-04-12,2024-04-12 00:00:00+00:00,page_title,-0.554323725055432
https://www.thehindubusinessline.com/portfolio/technical-analysis/index-outlook-sensex-and-nifty-50-corrective-fall-possible/article68061119.ece,Index Outlook: Sensex and Nifty 50: Corrective Fall Possible,20240413T180000Z,thehindubusinessline.com,English,,energy,2024-04-13,2024-04-13 18:00:00+00:00,page_title,1.62810625535561
https://www.golocalprov.com/live/prof.-lawless-discusses-trumps-stormy-daniels-trial-begins-monday,GoLocalProv | Prof. Lawless Discusses Trump's Stormy Daniels Trial,20240415T120000Z,golocalprov.com,English,US,conflict,2024-04-15,2024-04-15 12:00:00+00:00,page_title,-5.54089709762533
https://twitchy.com/samj/2024/04/15/ceo-of-npr-n2395074,"Get a LOAD of This Chick's TWEETS! NPR's CEO Has Long History of Woke, Anti-Trump, Pro-Leftist Rhetoric",20240415T180000Z,twitchy.com,English,US,political_risk,2024-04-15,2024-04-15 18:00:00+00:00,page_title,-2.46913580246914
https://www.globalsecurity.org/military/library/news/2024/04/mil-240415-dod02.htm,"Secretary of Defense Lloyd J. Austin III's Call With Qatari Deputy Prime Minister and Minister of State for Defense Affairs, His Excellency Dr. Khalid bin Mohamed Al Attiyah",20240416T120000Z,globalsecurity.org,English,IR,diplomacy,2024-04-16,2024-04-16 12:00:00+00:00,page_title,0.0
https://www.brecorder.com/news/40298765/uk-unemployment-rises-as-wage-growth-eases,UK unemployment rises as wage growth eases - World,20240416T120000Z,brecorder.com,English,UK,monetary_policy,2024-04-16,2024-04-16 12:00:00+00:00,page_title,-3.16205533596838
https://www.yakimaherald.com/news/northwest/lobbying-the-wa-legislature-from-behind-bars/article_f2eb1fa5-c0f9-5e2d-b76d-aa06b67dd98d.html,Lobbying the WA Legislature from behind bars,20240416T180000Z,yakimaherald.com,English,US,political_risk,2024-04-16,2024-04-16 18:00:00+00:00,page_title,-3.79464285714286
https://twitchy.com/aaronwalker/2024/04/16/in-oral-argument-today-justice-gorsuch-made-an-alarming-allusion-to-rep-bowman-n2395158,"In Oral Argument, Gorsuch Made an 'Alarming' Allusion to Rep. Bowman (and Other Highlights)",20240417T000000Z,twitchy.com,English,US,political_risk,2024-04-17,2024-04-17 00:00:00+00:00,page_title,-2.82274802822748
https://www.channel3000.com/news/biden-vows-to-block-us-steel-acquisition-by-a-japanese-company-and-promises-tariffs-on/article_4ef71a80-ca05-5f08-9a65-53ed9afe934c.html,Biden vows to block US Steel acquisition by a Japanese company and promises tariffs on Chinese steel,20240418T000000Z,channel3000.com,English,US,sanctions_trade,2024-04-18,2024-04-18 00:00:00+00:00,page_title,-2.26201696512724
https://www.chroniclejournal.com/news/national/liberals-buck-global-trend-in-doubling-down-on-foreign-aid-as-sector-urges-g7-push/article_33e24b72-85e3-53a2-9fc0-99c490e2a278.html,"Liberals buck global trend in 'doubling down' on foreign aid, as sector urges G7 push",20240418T120000Z,chroniclejournal.com,English,CA,diplomacy,2024-04-18,2024-04-18 12:00:00+00:00,page_title,1.2263099219621
https://hotair.com/headlines/2024/04/18/biden-admin-still-flogging-two-state-solution-no-one-wants-n3786824,Biden Admin Still Flogging Two-State Solution No One Wants,20240419T180000Z,hotair.com,English,IR,diplomacy,2024-04-19,2024-04-19 18:00:00+00:00,page_title,2.53164556962025
https://www.wokv.com/news/politics/final-jurors-seated/GFXEYRBJIC7FMOGDGZHSN4AEAM/,"Final jurors seated for Trump's hush money case, with opening statements set for Monday",20240420T000000Z,wokv.com,English,,political_risk,2024-04-20,2024-04-20 00:00:00+00:00,page_title,-7.29349736379613
https://www.wsbradio.com/news/politics/house-is-brink/3K2JSTOUURFHF3M5BSF2KEEP7I/,The House is on the brink of approving aid for Ukraine and Israel after months of struggle,20240420T120000Z,wsbradio.com,English,US,monetary_policy,2024-04-20,2024-04-20 12:00:00+00:00,page_title,-0.526777875329236
https://www.fxstreet.com/education/how-the-founding-fathers-predicted-the-economic-problems-of-today-202404231406,How the Founding Fathers predicted the economic problems of today,20240424T180000Z,fxstreet.com,English,US,political_risk,2024-04-24,2024-04-24 18:00:00+00:00,page_title,-5.66939890710382
https://www.stroudnewsandjournal.co.uk/news/national/24277884.next-scottish-government-end-bute-house-agreement/,What next for the Scottish Government after end of Bute House Agreement?,20240425T120000Z,stroudnewsandjournal.co.uk,English,UK,diplomacy,2024-04-25,2024-04-25 12:00:00+00:00,page_title,2.43055555555556
https://www.yahoo.com/news/outgoing-dutch-prime-minister-visits-172413088.html,Outgoing Dutch prime minister visits Turkey's Erdogan in his bid for the NATO chief position,20240426T180000Z,yahoo.com,English,TU,political_risk,2024-04-26,2024-04-26 18:00:00+00:00,page_title,4.16666666666667
https://www.broomfieldenterprise.com/2024/04/26/da-officer-justified-in-discharging-firearm-during-shooting/,DA: Officer justified in discharging firearm during shooting,20240427T000000Z,broomfieldenterprise.com,English,,conflict,2024-04-27,2024-04-27 00:00:00+00:00,page_title,-4.11764705882353
https://www.thetimestribune.com/news/national_news/anti-war-protesters-dig-in-as-some-schools-close-encampments-after-reports-of-antisemitic-activity/article_30d624cc-b8e1-5417-b8ef-33a320b29374.html,Anti-war protesters dig in as some schools close encampments after reports of antisemitic activity,20240427T180000Z,thetimestribune.com,English,US,diplomacy,2024-04-27,2024-04-27 18:00:00+00:00,page_title,-9.25266903914591
https://www.usnews.com/news/entertainment/articles/2024-04-30/summer-movies-5-breakout-stars-to-watch-in-sing-sing-quiet-place-horizon-and-more,"Summer Movies: 5 Breakout Stars to Watch in 'Sing Sing,' 'Quiet Place, 'Horizon' and More",20240430T180000Z,usnews.com,English,US,political_risk,2024-04-30,2024-04-30 18:00:00+00:00,page_title,1.38705416116248
https://www.kdminer.com/opinion/our-view-don-t-leave-arizona-s-small-cities-out-of-housing-crisis-talks/article_6e4341f4-17f4-5cac-b7a3-a683548de14d.html,Our View: Don't leave Arizona's small cities out of  housing crisis talks | Opinion,20240430T180000Z,kdminer.com,English,US,diplomacy,2024-04-30,2024-04-30 18:00:00+00:00,page_title,-1.92771084337349
https://www.jdsupra.com/legalnews/epa-acts-swiftly-to-address-pfas-6528777/,EPA Acts Swiftly to Address PFAS Contamination | Bilzin Sumberg,20240501T000000Z,jdsupra.com,English,US,energy,2024-05-01,2024-05-01 00:00:00+00:00,page_title,-3.64464692482916
https://dailytimes.com.pk/1191185/president-prime-minister-pledge-enhanced-labour-welfare/,"President, Prime Minister pledge enhanced labour welfare",20240502T060000Z,dailytimes.com.pk,English,PK,monetary_policy,2024-05-02,2024-05-02 06:00:00+00:00,page_title,4.07124681933842
https://www.theintermountain.com/news/local-news/2024/05/pro-capito-group-releases-poll-showing-capito-in-lead/,"Pro-Capito group releases poll showing Capito in lead | News, Sports, Jobs",20240502T060000Z,theintermountain.com,English,US,conflict,2024-05-02,2024-05-02 06:00:00+00:00,page_title,1.90217391304348
https://www.wkrb13.com/2024/05/02/northern-oil-and-gas-nysenog-price-target-increased-to-56-00-by-analysts-at-truist-financial.html,Northern Oil and Gas (NYSE:NOG) Price Target Increased to $56.00 by Analysts at Truist Financial,20240502T120000Z,wkrb13.com,English,UK,energy,2024-05-02,2024-05-02 12:00:00+00:00,page_title,1.18296529968454
https://www.newdelhitimes.com/over-40-of-americans-see-china-as-an-enemy-a-pew-report-shows-thats-a-five-year-high/,"Over 40% of Americans see China as an enemy, a Pew report shows. That's a five-year high - New Delhi Times - India's Only International Newspaper",20240503T060000Z,newdelhitimes.com,English,CH,sanctions_trade,2024-05-03,2024-05-03 06:00:00+00:00,page_title,-3.38409475465313
https://www.dailyindependent.com/national/michael-cohen-hasnt-taken-the-stand-in-trumps-hush-money-trial-but-jurors-are-hearing/article_d7295915-48d8-56eb-a2f4-9e17eb274645.html,Michael Cohen hasn't taken the stand in Trump's hush money trial. But jurors are hearing his words,20240503T120000Z,dailyindependent.com,English,,diplomacy,2024-05-03,2024-05-03 12:00:00+00:00,page_title,-3.23529411764706
https://www.newschannel5.com/news/multiple-shots-fired-in-murfreesboro-neighborhood,Multiple shots fired in Murfreesboro neighborhood,20240505T000000Z,newschannel5.com,English,US,conflict,2024-05-05,2024-05-05 00:00:00+00:00,page_title,-1.76991150442478
https://www.morningjournal.com/2024/05/06/kyle-larson-and-denny-hamlin-the-dominant-nascar-cup-series-drivers-could-have-a-blooming-rivalry/,"Kyle Larson and Denny Hamlin, the dominant NASCAR Cup Series drivers, could have a blooming rivalry",20240507T000000Z,morningjournal.com,English,US,conflict,2024-05-07,2024-05-07 00:00:00+00:00,page_title,-0.127713920817369
https://en.trend.az/azerbaijan/politics/3896294.html,Negotiations begin on establishing joint production facilities in defense industry sector between Azerbaijan and Slovakia - President Ilham Aliyev,20240507T120000Z,en.trend.az,English,AJ,diplomacy,2024-05-07,2024-05-07 12:00:00+00:00,page_title,1.47058823529412
https://www.busseltonmail.com.au/story/8619980/the-echidna-wifey-reeks-of-1950s-upper-class-twittery/?cs=30776,The Echidna | 'Wifey' reeks of 1950s upper-class twittery | Busselton-Dunsborough Mail,20240508T060000Z,busseltonmail.com.au,English,AS,conflict,2024-05-08,2024-05-08 06:00:00+00:00,page_title,-3.2258064516129
https://www.tribuneindia.com/news/haryana/if-congress-takes-steps-to-bring-down-nayab-saini-government-we-will-support-dushyant-chautala-619224,"If Congress takes steps to bring down Nayab Saini Government, we will support: Dushyant Chautala",20240508T120000Z,tribuneindia.com,English,IN,diplomacy,2024-05-08,2024-05-08 12:00:00+00:00,page_title,1.48367952522255
https://www.clickondetroit.com/business/2024/05/09/japanese-automaker-nissan-reports-92-jump-in-profit-as-sales-surge/,Japanese automaker Nissan reports 92% jump in profit as sales surge,20240509T120000Z,clickondetroit.com,English,JA,monetary_policy,2024-05-09,2024-05-09 12:00:00+00:00,page_title,4.19287211740042
https://www.cotswoldjournal.co.uk/news/national/24313379.barron-trump-will-not-serving-florida-delegate-republican-convention/,Barron Trump will not be serving as Florida delegate to Republican convention,20240511T060000Z,cotswoldjournal.co.uk,English,US,political_risk,2024-05-11,2024-05-11 06:00:00+00:00,page_title,1.2396694214876
https://www.geo.tv/latest/543537-war-of-words-heats-up-between-kp-governor-kundi-cm-gandapur,"War of words heats up between KP Governor Kundi, CM Gandapur",20240511T120000Z,geo.tv,English,PK,energy,2024-05-11,2024-05-11 12:00:00+00:00,page_title,-4.41860465116279
https://turnto10.com/news/local/pro-palestinian-protests-dwindle-on-campuses-as-some-graduations-marked-by-defiant-acts-may-13-2024,Pro-Palestinian protests dwindle on campuses as some graduations marked by defiant acts,20240513T120000Z,turnto10.com,English,US,political_risk,2024-05-13,2024-05-13 12:00:00+00:00,page_title,-2.05128205128205
https://www.plymouthherald.co.uk/news/uk-world-news/teen-uses-birthday-cash-launch-9280261,"Teen uses birthday cash to launch fashion line and makes £1,000 a day",20240513T120000Z,plymouthherald.co.uk,English,PO,diplomacy,2024-05-13,2024-05-13 12:00:00+00:00,page_title,3.10262529832936
https://www.esa.int/Enabling_Support/Operations/Ground_Systems_Engineering/ESA_Space_Debris_Office,ESA - ESA Space Debris Office,20240514T000000Z,esa.int,English,NL,conflict,2024-05-14,2024-05-14 00:00:00+00:00,page_title,2.36220472440945
https://www.srilankasource.com/news/274372824/gabon-post-coup-dialogue-has-mapped-out-path-to-democracy---now-military-leaders-must-act,Gabon: post-coup dialogue has mapped out path to democracy - now military leaders must act,20240514T180000Z,srilankasource.com,English,CF,political_risk,2024-05-14,2024-05-14 18:00:00+00:00,page_title,-0.910746812386156
https://www.bnnbloomberg.ca/walmart-sales-surge-as-higher-income-shoppers-flock-to-retailer-1.2073828,Walmart Sales Surge as Higher-Income Shoppers Flock to Retailer,20240516T120000Z,bnnbloomberg.ca,English,US,monetary_policy,2024-05-16,2024-05-16 12:00:00+00:00,page_title,0.0
https://www.cnet.com/home/energy-and-utilities/finally-a-heat-pump-that-isnt-ugly/,"Finally, a Heat Pump That Isn't Ugly",20240517T000000Z,cnet.com,English,US,monetary_policy,2024-05-17,2024-05-17 00:00:00+00:00,page_title,5.02692998204668
https://www.yahoo.com/news/lawyers-discuss-role-classified-documents-233607325.html,Lawyers discuss role classified documents may play in bribery case against US Rep Cuellar of Texas,20240517T000000Z,yahoo.com,English,US,political_risk,2024-05-17,2024-05-17 00:00:00+00:00,page_title,-4.21052631578947
https://dailytrust.com/tax-burden-threatening-participation-in-afcfta-man/,Tax burden threatening participation in AfCFTA – MAN,20240517T060000Z,dailytrust.com,English,NI,monetary_policy,2024-05-17,2024-05-17 06:00:00+00:00,page_title,-8.22281167108753
https://money.usnews.com/investing/news/articles/2024-05-17/india-bond-traders-hanker-for-short-term-borrowing-cuts-as-buybacks-fail,India Bond Traders Hanker for Short-Term Borrowing Cuts as Buybacks Fail,20240517T120000Z,usnews.com,English,IN,political_risk,2024-05-17,2024-05-17 12:00:00+00:00,page_title,-1.55555555555556
https://www.illawarramercury.com.au/story/8632848/teen-faces-court-over-attempted-murder-charge/,Teen faces court over attempted murder charge,20240518T120000Z,illawarramercury.com.au,English,AS,conflict,2024-05-18,2024-05-18 12:00:00+00:00,page_title,-8.46994535519126
https://www.metro.us/alice-stewart-cnn-political-commentator-and-veteran-political-adviser-dies-at-58/,"Alice Stewart, CNN political commentator and veteran political adviser, dies at 58 – Metro US",20240519T000000Z,metro.us,English,US,political_risk,2024-05-19,2024-05-19 00:00:00+00:00,page_title,2.37226277372263
https://infotel.ca/newsitem/member-of-israels-war-cabinet-says-hell-quit-the-government-june-8-unless-theres-a-new-war-plan/it104818,Member of Israel's War Cabinet says he'll quit the government June 8 unless there's a new war plan | iNFOnews,20240519T060000Z,infotel.ca,English,IS,diplomacy,2024-05-19,2024-05-19 06:00:00+00:00,page_title,-6.25686059275521
https://www.theleader.com.au/story/8633931/nsw-govt-spruiks-certainty-on-public-sector-pay-offer/?cs=30776,NSW govt spruiks 'certainty' on public sector pay offer,20240520T000000Z,theleader.com.au,English,,diplomacy,2024-05-20,2024-05-20 00:00:00+00:00,page_title,2.33333333333333
https://www.examiner.com.au/story/8634098/how-do-we-feel-about-the-spaces-we-live-in-sawtooth-has-some-suggestions/?cs=2596,How do we feel about the spaces we live in? Sawtooth has some suggestions,20240520T060000Z,examiner.com.au,English,US,conflict,2024-05-20,2024-05-20 06:00:00+00:00,page_title,2.23214285714286
https://www.thehealthsite.com/diseases-conditions/eczema/what-you-need-to-do-to-avoid-eczema-flare-ups-1094193/,What You Need To Do To Avoid Eczema Flare Ups?,20240522T120000Z,thehealthsite.com,English,,conflict,2024-05-22,2024-05-22 12:00:00+00:00,page_title,-6.28930817610063
https://www.northweststar.com.au/story/8638261/eraring-coal-fired-power-station-life-extended-two-years-to-2027/,Eraring coal-fired power station life extended two years to 2027 | The North West Star,20240523T000000Z,northweststar.com.au,English,AS,diplomacy,2024-05-23,2024-05-23 00:00:00+00:00,page_title,-0.518806744487679
https://945wpti.iheart.com/content/2024-05-23-56-magnitude-earthquake-reported/,5.6 Magnitude Earthquake Reported,20240523T180000Z,iheart.com,English,US,conflict,2024-05-23,2024-05-23 18:00:00+00:00,page_title,0.0
https://www.heraldseries.co.uk/news/national/24344464.rishi-sunak-pumped-up-whirlwind-uk-tour/,Rishi Sunak 'pumped up' after whirlwind UK tour,20240524T180000Z,heraldseries.co.uk,English,UK,political_risk,2024-05-24,2024-05-24 18:00:00+00:00,page_title,-2.66222961730449
https://www.tennesseedaily.com/news/274384274/wall-street-has-mixed-day-friday-nasdaq-gains-185-points,"Wall Street has mixed day Friday, Nasdaq gains 185 points",20240525T000000Z,tennesseedaily.com,English,CH,monetary_policy,2024-05-25,2024-05-25 00:00:00+00:00,page_title,-0.580270793036751
https://www.globalsecurity.org/wmd/library/news/ukraine/2024/05/ukraine-240524-sputnik02.htm,Zelensky No Longer Legitimate President of Ukraine,20240525T120000Z,globalsecurity.org,English,UP,diplomacy,2024-05-25,2024-05-25 12:00:00+00:00,page_title,-0.590841949778434
https://www.globalsecurity.org/wmd/library/news/ukraine/2024/05/ukraine-240524-ukraine-president04.htm,Ihor Zhovkva: Ukraine Has Completed All Four Legislative Steps to Launch EU Accession Negotiations,20240525T120000Z,globalsecurity.org,English,BE,diplomacy,2024-05-25,2024-05-25 12:00:00+00:00,page_title,1.46341463414634
https://www.asianimage.co.uk/news/national/24347177.labour-tories-clash-security-national-service-announcement/,Labour and Tories to clash on security after national service announcement,20240527T000000Z,asianimage.co.uk,English,UK,political_risk,2024-05-27,2024-05-27 00:00:00+00:00,page_title,-1.55109489051095
https://www.theweek.in/news/india/2024/05/27/election-to-three-rs-seats-from-kerala-on-june-25.html,Election to 3 Rajya Sabha seats from Kerala on June 25,20240527T180000Z,theweek.in,English,IN,political_risk,2024-05-27,2024-05-27 18:00:00+00:00,page_title,-1.37614678899083
https://www.denbighshirefreepress.co.uk/news/national/24354240.labours-candidate-chaos-overshadows-campaign-starmer-accused-purge/,Labour's candidate chaos overshadows campaign as Starmer accused of purge,20240530T000000Z,denbighshirefreepress.co.uk,English,UK,political_risk,2024-05-30,2024-05-30 00:00:00+00:00,page_title,-1.66666666666667
https://www.wndu.com/2024/05/30/truck-driver-killed-fiery-crash-nappanee-identified/,Truck driver killed in fiery Nappanee crash identified,20240530T180000Z,wndu.com,English,,energy,2024-05-30,2024-05-30 18:00:00+00:00,page_title,-9.20245398773006
https://www.telegraph.co.uk/news/2024/06/01/britain-us-israeli-attacks-iran-think-tank/,"Britain should join US and Israeli attacks on Iranian territory, says think tank",20240601T180000Z,telegraph.co.uk,English,CH,energy,2024-06-01,2024-06-01 18:00:00+00:00,page_title,-6.95067264573991
https://www.theborneopost.com/2024/06/04/continuous-learning-adaptation-among-ways-for-supp-to-stay-relevant-says-partys-no-2/,"Continuous learning, adaptation among ways for SUPP to stay relevant, says party's No 2",20240604T120000Z,theborneopost.com,English,MY,diplomacy,2024-06-04,2024-06-04 12:00:00+00:00,page_title,1.24740124740125
https://tvnewscheck.com/uncategorized/article/stock-market-today-asian-shares-retreat-and-indias-benchmark-dives-8/,Stock Market Today: Asian Shares Retreat And India's Benchmark Dives 8%,20240604T120000Z,tvnewscheck.com,English,CH,monetary_policy,2024-06-04,2024-06-04 12:00:00+00:00,page_title,-2.25165562913907
https://www.hl.co.uk/shares/stock-market-news/market-reports/us-close-dow-jones-reverses-mondays-losses,US close: Dow Jones reverses Monday's losses,20240605T000000Z,hl.co.uk,English,FR,monetary_policy,2024-06-05,2024-06-05 00:00:00+00:00,page_title,0.228571428571429
https://krod.com/ixp/156/p/texas-talks-mexico-female-president/,Why Did Mexico Elect a Female President Before the U.S.?,20240605T000000Z,krod.com,English,US,political_risk,2024-06-05,2024-06-05 00:00:00+00:00,page_title,-0.270270270270271
https://www.kzyx.org/npr-news/2024-06-05/to-mark-d-day-biden-will-deliver-a-defense-of-democracy-that-hits-on-campaign-themes,"To mark D-Day, Biden will deliver a defense of democracy that hits on campaign themes",20240605T120000Z,kzyx.org,English,US,diplomacy,2024-06-05,2024-06-05 12:00:00+00:00,page_title,-1.35135135135135
https://www.easternriverinachronicle.com.au/story/8654804/wanding-knife-laws-green-light-boosts-police-powers/,'Wanding' knife laws green light boosts police powers,20240606T120000Z,easternriverinachronicle.com.au,English,AS,diplomacy,2024-06-06,2024-06-06 12:00:00+00:00,page_title,-3.63288718929254
https://wlec.com/us-news/helium-leaks-discovered-onboard-boeings-starliner-still-on-track-to-reach-iss-nasa/,"Helium leaks discovered onboard Boeing's Starliner, still on track to reach ISS: NASA",20240606T180000Z,wlec.com,English,,conflict,2024-06-06,2024-06-06 18:00:00+00:00,page_title,-1.6548463356974
https://www.dailypolitical.com/2024/06/07/ordinals-ordi-reaches-one-day-trading-volume-of-409-44-million.html,Ordinals (ORDI) Reaches One Day Trading Volume of $409.44 Million,20240607T180000Z,dailypolitical.com,English,,monetary_policy,2024-06-07,2024-06-07 18:00:00+00:00,page_title,0.627615062761506
https://businessmirror.com.ph/2024/06/11/q1s-fdi-net-inflows-up-42-1-to-3-billion-bsp/,Q1'S FDI net inflows up 42.1% to $3 billion–BSP,20240610T180000Z,businessmirror.com.ph,English,RP,monetary_policy,2024-06-10,2024-06-10 18:00:00+00:00,page_title,1.01156069364162
https://www.yahoo.com/news/city-council-votes-against-ambulance-213831994.html,City Council votes against ambulance service run by CSFD,20240612T000000Z,yahoo.com,English,US,conflict,2024-06-12,2024-06-12 00:00:00+00:00,page_title,-1.06666666666667
https://www.ksby.com/politics/economy/annual-inflation-rate-cools-to-3-3-but-remains-well-above-federal-reserves-target,Annual inflation rate cools to 3.3% but remains well above Fed's target,20240612T180000Z,ksby.com,English,US,monetary_policy,2024-06-12,2024-06-12 18:00:00+00:00,page_title,0.286532951289398
https://abcnews.go.com/Business/wireStory/cars-pork-perfume-china-options-trade-war-breaks-111083011,Cars? Pork? Perfume? China has many options if a trade war breaks out with Europe,20240613T120000Z,go.com,English,CH,sanctions_trade,2024-06-13,2024-06-13 12:00:00+00:00,page_title,-3.06406685236769
https://www.wctrib.com/news/minnesota/minnesota-government-watchdog-finds-department-of-education-failed-to-provide-oversight-in-food-program,Minnesota government watchdog finds Department of Education failed to provide oversight in food program,20240614T000000Z,wctrib.com,English,US,political_risk,2024-06-14,2024-06-14 00:00:00+00:00,page_title,-4.97737556561086
https://www.orlandosentinel.com/2024/06/14/republican-anderson-draws-primary-foe-in-race-for-seminole-elections-chief/,Anderson draws primary challenger for Seminole elections chief,20240615T000000Z,orlandosentinel.com,English,US,political_risk,2024-06-15,2024-06-15 00:00:00+00:00,page_title,-0.506756756756757
https://www.kenyan-post.com/2024/06/tragedy-averted-as-suspected-jihadist.html,Tragedy averted as suspected jihadist is caught with arms near major New York airport,20240616T000000Z,kenyan-post.com,English,US,conflict,2024-06-16,2024-06-16 00:00:00+00:00,page_title,-4.91803278688525
https://www.wuwm.com/politics-government/2024-06-16/its-easy-to-believe-young-voters-could-back-trump-at-young-conservative-conference,It's easy to believe young voters could back Trump at young conservative conference,20240616T120000Z,wuwm.com,English,US,political_risk,2024-06-16,2024-06-16 12:00:00+00:00,page_title,-0.128287363694676
http://www.myanmarmuslim.net/news/20240616090a599855.html,Overflow of lake that led to dozens of deaths had been feared 'for years',20240616T120000Z,myanmarmuslim.net,English,IN,conflict,2024-06-16,2024-06-16 12:00:00+00:00,page_title,-6.82730923694779
https://www.elystandard.co.uk/news/national/24391095.labour-signals-closer-uk-eu-trade-ties-sunak-returns-campaign-trail/,Labour signals closer UK-EU trade ties as Sunak returns to campaign trail,20240617T000000Z,elystandard.co.uk,English,UK,energy,2024-06-17,2024-06-17 00:00:00+00:00,page_title,-2.56124721603563
https://menafn.com/1108339526/Marine-CO2-Removal-Technologies-Could-Depend-On-The-Appetite-Of-The-Oceans-Tiniest-Animals,Marine CO2 Removal Technologies Could Depend On The Appetite Of The Ocean's Tiniest Animals,20240617T000000Z,menafn.com,English,AS,conflict,2024-06-17,2024-06-17 00:00:00+00:00,page_title,0.907441016333938
https://vocm.com/2024/06/18/student/,MUN Agrees to Several Concessions With Students' Union Following Pro-Palestinian Protests,20240618T180000Z,vocm.com,English,IS,political_risk,2024-06-18,2024-06-18 18:00:00+00:00,page_title,-1.76470588235294
https://www.miragenews.com/experts-gather-for-usc-music-health-policy-1258716/,"Experts Gather for USC Music, Health, Policy Workshop",20240619T000000Z,miragenews.com,English,US,political_risk,2024-06-19,2024-06-19 00:00:00+00:00,page_title,3.19148936170213
https://www.globenewswire.com/news-release/2024/06/20/2901360/0/en/GPS-Capital-Markets-Enters-into-Agreement-to-be-Acquired-by-Corpay.html,GPS Capital Markets Enters into Agreement to be Acquired by,20240620T060000Z,globenewswire.com,English,US,monetary_policy,2024-06-20,2024-06-20 06:00:00+00:00,page_title,3.01624129930394
https://www.cbc.ca/news/politics/virani-rcmp-threats-criminal-code-1.7241190,Justice minister says RCMP has tools it needs to handle threats against politicians,20240620T180000Z,cbc.ca,English,CA,political_risk,2024-06-20,2024-06-20 18:00:00+00:00,page_title,-4.73876063183475
https://www.rhyljournal.co.uk/news/national/24401787.sunak-vows-boot-tories-found-broken-betting-rules/,Sunak vows to boot out Tories if they are found to have broken betting rules,20240621T000000Z,rhyljournal.co.uk,English,UK,diplomacy,2024-06-21,2024-06-21 00:00:00+00:00,page_title,-2.86320254506893
https://www.dailyexcelsior.com/celebrate-akshaya-tritiya-with-the-timeless-elegance-of-silver-coins/,Celebrate Akshaya Tritiya With the Timeless Elegance of Silver Coins,20240621T060000Z,dailyexcelsior.com,English,IN,monetary_policy,2024-06-21,2024-06-21 06:00:00+00:00,page_title,5.96026490066225
https://www.enca.com/business/more-households-opt-rent-due-financial-challenges,More households opt to rent due to financial challenges,20240621T120000Z,enca.com,English,SF,monetary_policy,2024-06-21,2024-06-21 12:00:00+00:00,page_title,-1.63934426229508
https://www.centralwesterndaily.com.au/story/8671473/dutton-promises-back-to-basics-economic-election-plan/?cs=9676,Dutton promises back-to-basics economic election plan,20240622T060000Z,centralwesterndaily.com.au,English,AS,monetary_policy,2024-06-22,2024-06-22 06:00:00+00:00,page_title,-1.96399345335516
https://www.1039wvbo.com/news/community-rallies-around-seven-year-old-de-pere-boy-battling-cancer/,Community rallies around seven-year-old De Pere boy battling cancer,20240623T180000Z,1039wvbo.com,English,,conflict,2024-06-23,2024-06-23 18:00:00+00:00,page_title,0.516795865633075
https://www.kmaj1440.com/news/violent-standoff-outside-la-synagogue-leads-to-arrest/,Violent Standoff Outside LA Synagogue Leads to Arrest,20240624T180000Z,kmaj1440.com,English,IS,political_risk,2024-06-24,2024-06-24 18:00:00+00:00,page_title,-8.0
https://www.messengernewspapers.co.uk/news/national/24410015.fact-check-british-citizens-can-stay-eu-three-months-time/,Fact check: British citizens can stay in the EU for three months at a time,20240625T120000Z,messengernewspapers.co.uk,English,UK,political_risk,2024-06-25,2024-06-25 12:00:00+00:00,page_title,1.85185185185185
https://www.bet.com/article/pw0qe9/bet-awards-2024-5-sexy-records-from-coco-jones,BET Awards 2024: Get Sultry with These 5 Coco Jones Songs,20240626T060000Z,bet.com,English,,conflict,2024-06-26,2024-06-26 06:00:00+00:00,page_title,6.89655172413793
https://www.mbr.co.uk/news/product_news/foxs-new-purevue-eyewear-could-bring-goggle-protection-without-the-hassle-439146,Fox's new Purevue eyewear could bring goggle protection without the hassle,20240626T180000Z,mbr.co.uk,English,,diplomacy,2024-06-26,2024-06-26 18:00:00+00:00,page_title,1.42630744849445
https://www.theaustralian.com.au/author/joyce-moullakis?nk=a818d4d405e1e769f89b368da437ae46-1719467200,Joyce Moullakis | The Australian,20240627T060000Z,theaustralian.com.au,English,AS,monetary_policy,2024-06-27,2024-06-27 06:00:00+00:00,page_title,-1.7825311942959
https://www.thecattlesite.com/news/usda-seeks-input-on-climate-friendly-farm-practices-for-biofuel-tax-credit,USDA seeks input on climate-friendly farm practices for biofuel tax credit,20240627T060000Z,thecattlesite.com,English,US,diplomacy,2024-06-27,2024-06-27 06:00:00+00:00,page_title,4.90196078431373
https://www.westernmassnews.com/2024/06/27/walgreens-plans-shutter-significant-number-us-stores-3-years/,"Walgreens to take a hard look at underperforming stores, could close hundreds",20240627T180000Z,westernmassnews.com,English,US,monetary_policy,2024-06-27,2024-06-27 18:00:00+00:00,page_title,-0.329489291598023
https://www.ironmountaindailynews.com/news/business/2024/06/housing-a-top-priority-for-dickinson-group/,"Housing a top priority for Dickinson group | News, Sports, Jobs",20240629T120000Z,ironmountaindailynews.com,English,US,diplomacy,2024-06-29,2024-06-29 12:00:00+00:00,page_title,3.1968031968032
https://www.newsmax.com/world/globaltalk/hezbollah-israel-united-states-middle-east-war/2024/06/29/id/1170669/,US and Europe Warn Lebanon's Hezbollah to Ease Strikes on Israel and Back off from Wider Mideast war,20240629T180000Z,newsmax.com,English,IS,diplomacy,2024-06-29,2024-06-29 18:00:00+00:00,page_title,-5.37897310513447
https://www.thetimes.com/culture/tv-radio/article/election-night-2024-key-times-xsnhmhkc8,Your armchair TV guide to election night,20240630T000000Z,thetimes.com,English,,political_risk,2024-06-30,2024-06-30 00:00:00+00:00,page_title,-1.5748031496063
https://www.voanews.com/a/hungary-s-orban-moves-to-form-new-eu-parliament-group/7678439.html,Hungary's Orban moves to form new EU parliament group,20240630T120000Z,voanews.com,English,AU,political_risk,2024-06-30,2024-06-30 12:00:00+00:00,page_title,3.72670807453416
https://www.wsls.com/news/2024/07/02/judge-sides-with-16-states-putting-on-pause-bidens-delay-of-consideration-of-gas-export-projects/,"Judge sides with 16 states, putting on pause Biden's delay of consideration of gas export projects",20240702T060000Z,wsls.com,English,US,energy,2024-07-02,2024-07-02 06:00:00+00:00,page_title,-1.62748643761302
https://www.earthisland.org/journal/index.php/articles/entry/biden-attacks-republican-climate-deniers-as-he-unveils-extreme-heat-rules,Biden Attacks Republican Climate Deniers as He Unveils Extreme-Heat Rules,20240703T180000Z,earthisland.org,English,US,monetary_policy,2024-07-03,2024-07-03 18:00:00+00:00,page_title,-1.95865070729053
https://www.liverpoolworld.uk/news/politics/general-election-2024-results-liverpool-knowsley-sefton-st-helens-wirral-4691584,General Election 2024: When we can expect election results for each Merseyside borough,20240705T000000Z,liverpoolworld.uk,English,,political_risk,2024-07-05,2024-07-05 00:00:00+00:00,page_title,0.0
https://www.cnbc.com/2024/07/05/5-things-to-know-before-the-stock-market-opens-friday-july-5.html,5 things to know before the stock market opens Friday,20240705T120000Z,cnbc.com,English,,monetary_policy,2024-07-05,2024-07-05 12:00:00+00:00,page_title,-0.652528548123981
https://www.modernreaders.com/news/2024/07/06/1inch-network-one-day-trading-volume-reaches-29-72-million-1inch.html,1inch Network One Day Trading Volume Reaches $29.72 Million (1INCH),20240707T000000Z,modernreaders.com,English,RS,monetary_policy,2024-07-07,2024-07-07 00:00:00+00:00,page_title,0.746268656716418
https://www.fox10phoenix.com/news/project-2025-does-trump-support-biden-taraji-henson,Project 2025: What Biden and Trump have said about the proposal for a new government,20240707T060000Z,fox10phoenix.com,English,US,diplomacy,2024-07-07,2024-07-07 06:00:00+00:00,page_title,-1.18623962040332
https://www.cosmopolitan.com/uk/beauty-hair/celebrity-hair-makeup/a61529738/doja-cat-platinum-blonde-bouffant-hair/,Doja Cat looks unrecognisable with platinum blonde bouffant hair,20240708T120000Z,cosmopolitan.com,English,,conflict,2024-07-08,2024-07-08 12:00:00+00:00,page_title,-0.784313725490196
https://historiccity.com/2024/staugustine/news/kim-kendall-endorsed-for-state-representative-district-18-146224,"Kim Kendall endorsed for State Representative, District 18",20240709T000000Z,historiccity.com,English,US,political_risk,2024-07-09,2024-07-09 00:00:00+00:00,page_title,3.37552742616034
https://www.marketscreener.com/quote/currency/EURO-US-DOLLAR-EUR-USD-4591/news/Shares-post-patchy-performance-ahead-of-Powell-testimony-47343233/,Shares post patchy performance ahead of Powell testimony,20240709T120000Z,marketscreener.com,English,UK,conflict,2024-07-09,2024-07-09 12:00:00+00:00,page_title,0.0
https://www.miragenews.com/unaids-hiv-drug-needs-universal-access-to-end-1272956/,UNAIDS: HIV Drug Needs Universal Access to End AIDS,20240710T180000Z,miragenews.com,English,AR,diplomacy,2024-07-10,2024-07-10 18:00:00+00:00,page_title,2.32558139534884
https://www.themarketsdaily.com/2024/07/10/mediolanum-international-funds-ltd-makes-new-7-64-million-investment-in-suncor-energy-inc-nysesu.html,Mediolanum International Funds Ltd Makes New $7.64 Million Investment in Suncor Energy Inc. (NYSE:SU),20240711T000000Z,themarketsdaily.com,English,CA,energy,2024-07-11,2024-07-11 00:00:00+00:00,page_title,1.28617363344051
https://www.newsradio1029.com/news/rep-jordan-to-newsmax-ad-cartel-works-to-silence-conservatives/,Rep. Jordan to Newsmax: Ad 'Cartel' Works to Silence Conservatives,20240711T060000Z,newsradio1029.com,English,,political_risk,2024-07-11,2024-07-11 06:00:00+00:00,page_title,-4.09836065573771
https://globalnews.ca/news/10615336/ukraine-nato-summit-canada-f-16-jets/,Canada to help train Ukrainians on F-16 fighter jets due to be flying by summer - National,20240711T180000Z,globalnews.ca,English,CA,diplomacy,2024-07-11,2024-07-11 18:00:00+00:00,page_title,0.964320154291225
https://www.devdiscourse.com/article/international/3015691-us-russia-defence-chiefs-hold-telephone-call,"US, Russia defence chiefs hold telephone call",20240713T060000Z,devdiscourse.com,English,RS,conflict,2024-07-13,2024-07-13 06:00:00+00:00,page_title,-0.746268656716418
https://www.outinperth.com/revisit-kids-at-the-revelation-perth-international-film-festival/,Revisit 'Kids' at the Revelation Perth International Film Festival,20240713T120000Z,outinperth.com,English,AS,conflict,2024-07-13,2024-07-13 12:00:00+00:00,page_title,-1.92926045016077
https://www.nbcnews.com/politics/2024-election/south-carolinas-gop-sister-senators-warn-long-term-damage-abortion-fig-rcna159031,South Carolina's GOP 'sister senators' warn of long-term damage from abortion fight,20240713T120000Z,nbcnews.com,English,US,diplomacy,2024-07-13,2024-07-13 12:00:00+00:00,page_title,-3.24118207816969
https://www.dunfermlinepress.com/news/national/24450641.uk-politicians-condemn-assassination-attempt-former-us-president-donald-trump/,UK politicians condemn assassination attempt on former US president Donald Trump,20240714T120000Z,dunfermlinepress.com,English,US,conflict,2024-07-14,2024-07-14 12:00:00+00:00,page_title,-7.07964601769912
https://businessmirror.com.ph/2022/07/25/forward-looking/?text=https:/businessmirror.com.ph/2024/07/15/peza-investment-approvals-up-37-8-to-%e2%82%b145-5b-in-h1/,Forward-looking | Atty. Jose Ferdinand M. Rojas II,20240714T180000Z,businessmirror.com.ph,English,RP,monetary_policy,2024-07-14,2024-07-14 18:00:00+00:00,page_title,-1.52542372881356
https://asia.nikkei.com/Business/Agriculture/African-swine-fever-outbreaks-spreading-in-Vietnam-government-says,african swine fever outbreaks spreading in vietnam government says,20240715T120000Z,nikkei.com,English,CH,monetary_policy,2024-07-15,2024-07-15 12:00:00+00:00,url_slug,-6.69144981412639
https://www.marketscreener.com/news/latest/Dollar-steady-bitcoin-jumps-as-markets-weigh-up-a-possible-Trump-victory-47381655/,"Dollar steady, bitcoin jumps as markets weigh up a possible Trump victory",20240715T120000Z,marketscreener.com,English,JA,monetary_policy,2024-07-15,2024-07-15 12:00:00+00:00,page_title,-1.16279069767442
https://www.usnews.com/news/best-states/texas/articles/2024-07-16/texas-man-facing-execution-for-1998-killing-of-elderly-woman-for-her-money,Texas Man Facing Execution for 1998 Killing of Elderly Woman for Her Money,20240716T060000Z,usnews.com,English,US,conflict,2024-07-16,2024-07-16 06:00:00+00:00,page_title,-4.47570332480819
https://wflanews.iheart.com/featured/florida-news/content/2024-07-16-new-moon-cave-could-house-future-lunar-explorers/,New Moon Cave Could House Future Lunar Explorers | NewsRadio WFLA,20240716T120000Z,iheart.com,English,IT,political_risk,2024-07-16,2024-07-16 12:00:00+00:00,page_title,0.694444444444444
https://www.gananoquereporter.com:443/life/fashion-beauty/5-best-foundations-mature-skin,These are the 5 best foundations for mature skin,20240717T180000Z,gananoquereporter.com,English,CA,energy,2024-07-17,2024-07-17 18:00:00+00:00,page_title,3.06603773584906
http://lasvegassun.com/news/2024/jul/17/army-private-who-fled-to-north-korea-is-in-talks-t/,"Army private who fled to North Korea is in talks to resolve military charges, lawyer says",20240718T000000Z,lasvegassun.com,English,US,diplomacy,2024-07-18,2024-07-18 00:00:00+00:00,page_title,-4.32276657060519
https://www.thesunchronicle.com/business/stock-market-today-asian-shares-sink-weighed-down-by-wall-st-tech-retreat-china-policy/article_be5e7e8d-8e5e-5d6e-a2fd-3e8bb87518a8.html,"Stock market today: Asian shares sink, weighed down by Wall St tech retreat, China policy questions",20240719T060000Z,thesunchronicle.com,English,CH,monetary_policy,2024-07-19,2024-07-19 06:00:00+00:00,page_title,-2.5830258302583
https://www.eadt.co.uk/news/national/24465875.uk-cypriots-protest-outside-turkish-embassy-50th-anniversary-invasion/,UK Cypriots protest outside Turkish embassy on 50th anniversary of invasion,20240721T000000Z,eadt.co.uk,English,CY,diplomacy,2024-07-21,2024-07-21 00:00:00+00:00,page_title,-2.71816881258941
https://www.wimbledonguardian.co.uk/news/national/24467471.tapi-buy-carpetright-rescue-deal-1-000-jobs-face-axe/,"Tapi to buy Carpetright in rescue deal but more than 1,000 jobs face axe",20240722T120000Z,wimbledonguardian.co.uk,English,UK,diplomacy,2024-07-22,2024-07-22 12:00:00+00:00,page_title,0.318471337579618
https://newsghana.com.gh/ghib-to-host-inaugural-converge-conference-in-london/,GHIB to Host Inaugural CONVERGE Conference in London,20240724T180000Z,newsghana.com.gh,English,GH,monetary_policy,2024-07-24,2024-07-24 18:00:00+00:00,page_title,4.25531914893617
https://www.dailypolitical.com/2024/07/25/limewire-lmwr-24-hour-trading-volume-hits-5-49-million.html,LimeWire (LMWR) 24-Hour Trading Volume Hits $5.49 Million,20240726T060000Z,dailypolitical.com,English,,monetary_policy,2024-07-26,2024-07-26 06:00:00+00:00,page_title,0.795228628230616
https://biztoc.com/x/80e14a337e668d6a,News Wrap: Netanyahu meets with Trump at Mar-a-Lago,20240727T000000Z,biztoc.com,English,IS,conflict,2024-07-27,2024-07-27 00:00:00+00:00,page_title,0.0
https://screenrant.com/alien-romulus-horror-movie-style-practical-effects-explained-fede-alvarez/,"Why Fede Álvarez Made Alien: Romulus A Practical, Suspense-Based Horror Movie: ""It Really Translated""",20240727T180000Z,screenrant.com,English,US,political_risk,2024-07-27,2024-07-27 18:00:00+00:00,page_title,-3.66197183098592
https://www.pakistanlink.org/Headlines/July24/26/12.htm,News,20240728T120000Z,pakistanlink.org,English,PK,political_risk,2024-07-28,2024-07-28 12:00:00+00:00,page_title,-4.6448087431694
https://www.dailymaverick.co.za/article/2024-07-28-the-finance-ghost-lowdown-on-mpact-ppc-spar-cashbuild/,"The Finance Ghost: Lowdown on Mpact, PPC, Spar, Cashbuild",20240728T180000Z,dailymaverick.co.za,English,SF,conflict,2024-07-28,2024-07-28 18:00:00+00:00,page_title,-2.02492211838006
https://www.thetidenewsonline.com/2024/07/31/tinubu-directs-nnpcl-to-sell-crude-oil-to-dangote-refinery-in-naira/,Tinubu Directs NNPCL To Sell Crude Oil To Dangote Refinery In Naira - :::...The Tide News Online:::...,20240731T060000Z,thetidenewsonline.com,English,NI,monetary_policy,2024-07-31,2024-07-31 06:00:00+00:00,page_title,-2.88104089219331
https://buffalonews.com/news/local/crime-courts/sheriffs-patrol-vehicle-struck-as-larceny-suspects-flee-in-clarence/article_f60a0332-4edf-11ef-b565-67863114a52d.html,Sheriff's vehicle struck as Clarence larceny suspects flee,20240731T060000Z,buffalonews.com,English,,political_risk,2024-07-31,2024-07-31 06:00:00+00:00,page_title,-5.38922155688623
https://www.peacefmonline.com/pages/politics/politics/202407/507015.php,"Mahama Is The Same ""Dead Goat""; No New Vision, No New Message To The People – AFAG    | Politics",20240801T000000Z,peacefmonline.com,English,GH,diplomacy,2024-08-01,2024-08-01 00:00:00+00:00,page_title,-1.41935483870968
https://www.fox6now.com/news/wi-atv-utv-extra-enforcement-aug-2-4-2024,"WI ATV, UTV extra enforcement set for Aug. 2-4, 2024",20240801T180000Z,fox6now.com,English,US,conflict,2024-08-01,2024-08-01 18:00:00+00:00,page_title,-2.94117647058824
https://www.mymotherlode.com/news/national/3401357/4-las-vegas-teens-agree-to-plead-guilty-as-juveniles-in-deadly-beating-of-high-school-student.html,4 Las Vegas teens agree to plead guilty as juveniles in deadly beating of high school student,20240802T000000Z,mymotherlode.com,English,US,diplomacy,2024-08-02,2024-08-02 00:00:00+00:00,page_title,-7.9646017699115
https://abc7ny.com/post/im-glad-home-never-going-back-says-paul-whelan/15136276/,"'I'm glad I'm home. I'm never going back there again,' Paul Whelan said after being freed from Russia, returning to US",20240802T120000Z,abc7ny.com,English,US,diplomacy,2024-08-02,2024-08-02 12:00:00+00:00,page_title,2.06985769728331
https://www.wlky.com/article/103-year-old-nazi-germany-survivor-turns-memories-of-germany-into-a-painting/61778374,103-year-old Nazi Germany survivor turns memories of Germany into a painting,20240803T000000Z,wlky.com,English,AU,conflict,2024-08-03,2024-08-03 00:00:00+00:00,page_title,-1.94444444444444
https://www.proactiveinvestors.com/companies/news/1053455/genel-energy-s-kurdistan-assets-show-potential-to-deliver-significant-value-1053455.html,Genel Energy's Kurdistan assets show potential to deliver significant value,20240806T120000Z,proactiveinvestors.com,English,IZ,diplomacy,2024-08-06,2024-08-06 12:00:00+00:00,page_title,0.856531049250535
https://www.yahoo.com/news/fugitive-ex-catalan-leader-plans-111806675.html,Fugitive ex-Catalan leader plans return to Spain despite threat of arrest over failed secession bid,20240807T120000Z,yahoo.com,English,SP,diplomacy,2024-08-07,2024-08-07 12:00:00+00:00,page_title,-4.94296577946768
https://www.longislandpress.com/2024/08/07/storm-preparation-boli/,What Is The Best Storm Preparation Store on Long Island?,20240808T000000Z,longislandpress.com,English,,political_risk,2024-08-08,2024-08-08 00:00:00+00:00,page_title,4.94505494505494
https://www.kjzz.org/2024-08-08/vance-accused-walz-of-stolen-valor-what-to-know-about-walzs-military-record,Vance accused Walz of 'stolen valor.' What to know about Walz's military record,20240809T000000Z,kjzz.org,English,US,political_risk,2024-08-09,2024-08-09 00:00:00+00:00,page_title,-2.9229406554473
https://www.alaskasnewssource.com/2024/08/14/governor-hosts-us-house-committee-natural-resources-plan-tour-north-slope/,"Governor hosts U.S. House Committee on Natural Resources, plan to tour North Slope",20240815T000000Z,alaskasnewssource.com,English,US,energy,2024-08-15,2024-08-15 00:00:00+00:00,page_title,-2.29681978798587
https://wtvbam.com/2024/08/15/us-expects-6-billion-savings-from-first-medicare-drug-price-negotiations/,US expects $6 billion savings from first Medicare drug price negotiations,20240815T120000Z,wtvbam.com,English,US,diplomacy,2024-08-15,2024-08-15 12:00:00+00:00,page_title,-0.871080139372822
https://www.ganderbeacon.ca/vance-and-walls-prepared-for-the-vice-presidential-debate-on-october-1/,Vance and Walls prepared for the vice presidential debate on October 1,20240816T000000Z,ganderbeacon.ca,English,US,political_risk,2024-08-16,2024-08-16 00:00:00+00:00,page_title,-1.53846153846154
https://www.dw.com/en/just-in-paetongtarn-shinawatra-wins-the-backing-of-thai-parliament-to-become-countrys-youngest-prime-minister/a-69956608,Thailand: Paetongtarn Shinawatra becomes prime minister – DW – 08/16/2024,20240816T060000Z,dw.com,English,TH,political_risk,2024-08-16,2024-08-16 06:00:00+00:00,page_title,0.0
https://www.ibtimes.com.au/unpopular-ukrainian-ex-cons-battle-back-russian-held-jails-1850689,'Unpopular' Ukrainian Ex-cons Battle Back From Russian-held Jails,20240818T060000Z,ibtimes.com.au,English,UP,conflict,2024-08-18,2024-08-18 06:00:00+00:00,page_title,-4.65587044534413
https://www.wyomingnews.com/news/national/european-stocks-bounce-as-traders-await-fed-speech/article_1349c90e-5b8b-56ad-b87d-698e6942711f.html,European stocks bounce as traders await Fed speech,20240821T120000Z,wyomingnews.com,English,US,energy,2024-08-21,2024-08-21 12:00:00+00:00,page_title,-1.18845500848896
https://dominicantoday.com/dr/economy/2024/08/22/free-trade-zone-exports-hit-record-high-in-july-2024/,Free Trade Zone exports hit record high in July 2024,20240823T060000Z,dominicantoday.com,English,DR,sanctions_trade,2024-08-23,2024-08-23 06:00:00+00:00,page_title,4.43037974683544
https://www.ualrpublicradio.org/npr-news/2024-08-22/watch-dnc-night-4-speeches-from-harris-whitmer-sharpton-kinzinger-and-more,"WATCH: DNC Night 4 speeches from Harris, Whitmer, Sharpton, Kinzinger and more",20240823T060000Z,ualrpublicradio.org,English,US,monetary_policy,2024-08-23,2024-08-23 06:00:00+00:00,page_title,0.359195402298851
https://www.yahoo.com/news/helping-minor-travel-abortion-states-170043423.html,Helping a minor travel for an abortion? Some states have made it a crime,20240823T180000Z,yahoo.com,English,US,diplomacy,2024-08-23,2024-08-23 18:00:00+00:00,page_title,-6.35280771412365
https://www.klll.com/jeffrey-maciejewski-jeremy-martin-win-5th-annual-flatlander-benefitting-casa-of-the-south-plains-presented-by-capra-bank/,"Jeffrey Maciejewski & Jeremy Martin Win 5th Annual Flatlander Benefitting CASA of the South Plains, Presented by Capra Bank",20240824T000000Z,klll.com,English,US,diplomacy,2024-08-24,2024-08-24 00:00:00+00:00,page_title,5.36480686695279
https://www.thewhig.com:443/news/correctional-officer-caught-with-contraband-facing-charges,Correctional officer caught with contraband facing charges | The Kingston Whig Standard,20240828T000000Z,thewhig.com,English,CA,conflict,2024-08-28,2024-08-28 00:00:00+00:00,page_title,-9.15032679738562
https://www.theguardian.com/business/article/2024/aug/29/higher-education-us-unions-growing-report,"Unions in higher education are surging, new report reveals",20240829T120000Z,theguardian.com,English,US,diplomacy,2024-08-29,2024-08-29 12:00:00+00:00,page_title,-0.315457413249211
https://www.cloverdalereporter.com/news/a-conservative-future-incumbent-bc-united-mlas-ponder-what-comes-next-7509553,A Conservative future? Incumbent B.C. United MLAs ponder what comes next,20240829T180000Z,cloverdalereporter.com,English,CA,conflict,2024-08-29,2024-08-29 18:00:00+00:00,page_title,0.211864406779661
https://www.themarketsdaily.com/2024/08/30/alaris-equity-partners-income-trust-otcmktsadlrf-sees-large-growth-in-short-interest.html,Alaris Equity Partners Income Trust (OTCMKTS:ADLRF) Sees Large Growth in Short Interest,20240830T060000Z,themarketsdaily.com,English,,energy,2024-08-30,2024-08-30 06:00:00+00:00,page_title,2.89855072463768
https://www.fool.com/investing/2024/08/31/3-real-estate-stocks-that-could-make-you-a-million/?source=iedfolrf0000001,3 Real Estate Stocks That Could Make You a Millionaire,20240831T180000Z,fool.com,English,,monetary_policy,2024-08-31,2024-08-31 18:00:00+00:00,page_title,1.66666666666667
https://www.thetimes.com/uk/scotland/article/robison-is-braced-for-fallout-from-reevess-budget-jjsd8qx5j,Robison is braced for fallout from Reeves's budget,20240901T000000Z,thetimes.com,English,UK,political_risk,2024-09-01,2024-09-01 00:00:00+00:00,page_title,-2.40963855421687
https://www.dailypolitical.com/2024/09/01/bitdao-price-down-17-1-this-week-bit.html,BitDAO Price Down 17.1% This Week (BIT),20240901T120000Z,dailypolitical.com,English,,monetary_policy,2024-09-01,2024-09-01 12:00:00+00:00,page_title,1.65137614678899
https://www.bbc.com/news/articles/c785lg1nwlno,Lucy Powell: No plan to reverse scrapping winter fuel payments,20240901T120000Z,bbc.com,English,UK,political_risk,2024-09-01,2024-09-01 12:00:00+00:00,page_title,-2.86493860845839
https://businessmirror.com.ph/2022/07/25/forward-looking/?text=https:/businessmirror.com.ph/2024/09/02/castrillo-scores-another-stage-win-as-oconnor-loses-more-ground-in-vuelta/,Forward-looking | Atty. Jose Ferdinand M. Rojas II,20240902T120000Z,businessmirror.com.ph,English,RP,monetary_policy,2024-09-02,2024-09-02 12:00:00+00:00,page_title,-1.52542372881356
https://www.winnipegfreepress.com/world/2024/09/02/an-ethnic-greek-politician-and-eu-lawmaker-is-released-on-probation-in-albania,An ethnic Greek politician and EU lawmaker is released on probation in Albania – Winnipeg Free Press,20240902T120000Z,winnipegfreepress.com,English,AL,conflict,2024-09-02,2024-09-02 12:00:00+00:00,page_title,-3.34507042253521
https://whatdidyousay.org/2024/09/03/watch-dem-senator-flips-on-biden-and-climate-policies-to-save-reelection-bid/,Watch: Dem Senator Flips on Biden and Climate Policies to Save Reelection Bid!,20240904T000000Z,whatdidyousay.org,English,US,political_risk,2024-09-04,2024-09-04 00:00:00+00:00,page_title,-1.29564193168433
https://theenterpriseleader.com/2024/09/04/spdr-sp-dividend-etf-nysearcasdy-shares-purchased-by-fortis-capital-advisors-llc.html,SPDR S&P Dividend ETF (NYSEARCA:SDY) Shares Purchased by Fortis Capital Advisors LLC,20240904T180000Z,theenterpriseleader.com,English,,political_risk,2024-09-04,2024-09-04 18:00:00+00:00,page_title,1.39616055846422
https://www.newcastleherald.com.au/story/8753908/bill-shorten-resigns-to-end-17-year-career-in-politics/,Bill Shorten resigns to end 17-year career in politics,20240905T060000Z,newcastleherald.com.au,English,AS,diplomacy,2024-09-05,2024-09-05 06:00:00+00:00,page_title,-2.72952853598015
https://www.pr-inside.com/levi-korsinsky-reminds-shareholders-of-a-lead-plaintiff-deadline-r5045158.htm,Levi & Korsinsky Reminds Shareholders of a Lead Plaintiff Deadline ...,20240908T180000Z,pr-inside.com,English,US,political_risk,2024-09-08,2024-09-08 18:00:00+00:00,page_title,-2.18446601941748
https://www.bnnbloomberg.ca/business/2024/09/12/wall-street-quietly-turns-tail-on-its-sustainability-commitments/,Wall Street Quietly Turns Tail on Its Sustainability Commitments,20240912T120000Z,bnnbloomberg.ca,English,CA,diplomacy,2024-09-12,2024-09-12 12:00:00+00:00,page_title,0.0
https://www.crash.net:443/motogp/news/1055332/1/ex-motogp-rider-niccolo-canepa-eyes-one-final-world-title-retirement,Yamaha veteran bids to end career with a unique accolade,20240912T120000Z,crash.net,English,AU,conflict,2024-09-12,2024-09-12 12:00:00+00:00,page_title,2.30769230769231
https://www.theghanareport.com/iea-slashes-oil-demand-growth-forecast/,IEA Slashes Oil Demand Growth Forecast | The Ghana Report,20240913T060000Z,theghanareport.com,English,CH,energy,2024-09-13,2024-09-13 06:00:00+00:00,page_title,-0.956937799043062
https://www.globalissues.org/news/2024/09/16/37666,"Leaders Can Rise to the Summit, Together",20240916T180000Z,globalissues.org,English,US,conflict,2024-09-16,2024-09-16 18:00:00+00:00,page_title,-1.49082568807339
https://www.bostonglobe.com/2024/09/20/nation/new-york-magazine-reporter-on-leave/,Reporter at New York magazine on leave after relationship revealed,20240921T000000Z,bostonglobe.com,English,US,political_risk,2024-09-21,2024-09-21 00:00:00+00:00,page_title,-1.09170305676856
https://www.newswise.com/articles/environmental-study-highlights-high-levels-of-air-and-water-pollution-near-industrial-zones-in-delta-nigeria,Environmental study highlights high levels of air,20240921T180000Z,newswise.com,English,NI,energy,2024-09-21,2024-09-21 18:00:00+00:00,page_title,-5.18867924528302
https://www.pilotonline.com/2024/09/21/diddy-faces-public-scrutiny-over-alleged-sex-crimes-as-questions-arise-about-future-of-his-music/,Diddy faces public scrutiny over alleged sex crimes as questions arise about future of his music,20240921T180000Z,pilotonline.com,English,US,energy,2024-09-21,2024-09-21 18:00:00+00:00,page_title,-4.11764705882353
https://finance.yahoo.com/news/40-regions-cities-companies-lack-230717600.html,"Some 40% of regions, cities and companies lack emissions-cut targets, survey says",20240923T000000Z,yahoo.com,English,AJ,diplomacy,2024-09-23,2024-09-23 00:00:00+00:00,page_title,-1.03950103950104
https://www.srilankasource.com/news/274631019/iydf-and-viraj-arts-and-crafts-bring-care-and-support-to-st-james-public-primary-school-in-agra,IYDF and Viraj Arts And Crafts Bring Care and Support to St. James Public Primary School in Agra,20240924T120000Z,srilankasource.com,English,US,monetary_policy,2024-09-24,2024-09-24 12:00:00+00:00,page_title,-3.87596899224806
https://whattheythink.com/news/121269-imagine-unites-strategy-creative-production-delivery-marketers-seeking-enhanced-efficiency-top-tier-creative-access-seamless-production/,"Imagine Unites Strategy, Creative, Production & Delivery for Marketers Seeking Enhanced Efficiency With Top-Tier Creative Access and Seamless Production",20240925T060000Z,whattheythink.com,English,,political_risk,2024-09-25,2024-09-25 06:00:00+00:00,page_title,7.56302521008403
https://cyprus-mail.com/2024/09/25/cyprus-transition-to-renewable-energy-slow/,Cyprus' transition to renewable energy 'slow',20240925T120000Z,cyprus-mail.com,English,CY,conflict,2024-09-25,2024-09-25 12:00:00+00:00,page_title,3.2258064516129
https://www.bridgwatermercury.co.uk/news/national/24616762.austrian-far-right-party-eyes-win-close-election-race/,Austrian far-right party eyes win in close election race,20240929T060000Z,bridgwatermercury.co.uk,English,AU,political_risk,2024-09-29,2024-09-29 06:00:00+00:00,page_title,1.58959537572254
https://www.independent.co.uk/arts-entertainment/tv/news/snl-election-maya-rudolph-kamala-harris-andy-samberg-b2620722.html,Maya Rudolph returns as Kamala Harris for SNL's 50th season: 'Look who fell out of that coconut tree',20240929T180000Z,independent.co.uk,English,US,political_risk,2024-09-29,2024-09-29 18:00:00+00:00,page_title,1.78837555886736
https://www.goulburnpost.com.au/story/8777860/responsible-management-delivers-158-billion-surplus/?cs=9676,'Responsible' management delivers $15.8 billion surplus,20240929T180000Z,goulburnpost.com.au,English,AS,monetary_policy,2024-09-29,2024-09-29 18:00:00+00:00,page_title,-2.32067510548523
https://theindependent.com/news/nation-world/hezbollah-to-keep-fighting-dealing-with-helenes-aftermath-hot-off-the-wire-podcast/article_cc20e66a-3c02-505e-ba8e-c64d2037d1c5.html,Hezbollah to keep fighting; dealing with Helene's aftermath | Hot off the Wire podcast,20240930T180000Z,theindependent.com,English,LE,conflict,2024-09-30,2024-09-30 18:00:00+00:00,page_title,-7.27580372250423
https://www.insidermonkey.com/blog/30-cheapest-countries-in-the-world-in-2024-1321171/,30 Cheapest Countries in the World in 2024,20241001T000000Z,insidermonkey.com,English,AO,energy,2024-10-01,2024-10-01 00:00:00+00:00,page_title,-1.50814886888835
https://www.oilandgas360.com/could-the-arkansas-lithium-boom-be-over-before-it-starts/,Could the Arkansas lithium boom be over before it starts? – Oil & Gas 360,20241003T000000Z,oilandgas360.com,English,AS,energy,2024-10-03,2024-10-03 00:00:00+00:00,page_title,0.0
https://www.news8000.com/news/politics/national-politics/justice-department-and-microsoft-disrupt-russian-hacking-operations-aimed-at-us-officials-and-civil-society/article_6c1991fe-0c48-5ad4-8b08-6a6aea37f51a.html,Justice Department and Microsoft disrupt Russian hacking operations aimed at US officials and civil society,20241003T180000Z,news8000.com,English,US,energy,2024-10-03,2024-10-03 18:00:00+00:00,page_title,-4.68497576736672
https://www.breitbart.com/politics/2024/10/01/florida-police-chief-issued-order-banning-gun-and-ammo-sales-during-hurricane-helene/,FL Police Chief Issued Order Banning Gun and Ammo Sales,20241003T180000Z,breitbart.com,English,,diplomacy,2024-10-03,2024-10-03 18:00:00+00:00,page_title,-7.18562874251497
https://www.mynorthbaynow.com/103017/news/over-a-dozen-22-wing-members-deployed-to-nato-exercise/,Over a dozen 22 Wing members deployed to NATO exercise,20241003T180000Z,mynorthbaynow.com,English,CA,conflict,2024-10-03,2024-10-03 18:00:00+00:00,page_title,0.478468899521531
https://americansongwriter.com/aerosmith-bailed-out-fans-following-concert-drug-bust-on-this-day-in-1978/,Aerosmith Bailed Out Fans Following Concert Drug Bust On This Day in 1978,20241004T000000Z,americansongwriter.com,English,US,conflict,2024-10-04,2024-10-04 00:00:00+00:00,page_title,0.276243093922652
https://www.stourbridgenews.co.uk/news/national/24629138.kim-jong-un-threatens-destroy-south-korea-nuclear-strikes-provoked/,Kim Jong Un threatens to destroy South Korea with nuclear strikes if provoked,20241004T060000Z,stourbridgenews.co.uk,English,KS,diplomacy,2024-10-04,2024-10-04 06:00:00+00:00,page_title,-4.30839002267574
https://www.gazetteherald.co.uk/news/national/24632775.trump-returns-site-failed-assassination-bid-pennsylvania/,Trump returns to site of failed assassination bid in Pennsylvania,20241006T000000Z,gazetteherald.co.uk,English,US,political_risk,2024-10-06,2024-10-06 00:00:00+00:00,page_title,-4.21245421245421
https://www.barrons.com/news/jordanian-fm-in-beirut-says-israeli-escalation-risks-regional-war-1f99a429,Jordanian FM In Beirut Says Israeli Escalation Risks 'Regional War',20241007T120000Z,barrons.com,English,IS,conflict,2024-10-07,2024-10-07 12:00:00+00:00,page_title,-9.58904109589041
https://www.wbir.com/article/news/local/kcso-police-presence-west-knoxville/51-62b17017-0408-4ad9-9d01-42dfbecb8059,TBI investigating after KCSO deputy shoots armed man in West Knox County,20241007T180000Z,wbir.com,English,US,diplomacy,2024-10-07,2024-10-07 18:00:00+00:00,page_title,-2.67857142857143
https://www.prnewswire.com/news-releases/building-the-people-powered-future-lattice-unveils-ai-assistant-hris-and-more-at-lattiverse-2024-302270423.html,"Building the People-Powered Future: Lattice Unveils AI Assistant, HRIS and More at Lattiverse 2024",20241008T180000Z,prnewswire.com,English,UK,diplomacy,2024-10-08,2024-10-08 18:00:00+00:00,page_title,5.36858974358974
https://www.thetimes.com/uk/scotland/article/five-of-the-best-national-trust-for-scotland-properties-for-autumn-colours-hzb0rp7m2,Five of the best National Trust for Scotland properties for autumn colours,20241009T000000Z,thetimes.com,English,UK,political_risk,2024-10-09,2024-10-09 00:00:00+00:00,page_title,2.07612456747405
https://www.fastmarkets.com/insights/base-metals-market-insights-from-lme-week/,Base metals market insights from LME Week,20241009T180000Z,fastmarkets.com,English,CH,diplomacy,2024-10-09,2024-10-09 18:00:00+00:00,page_title,-0.557620817843866
https://auto.economictimes.indiatimes.com/news/industry/higher-us-yields-to-squeeze-rupee-while-rbi-protects-84/usd/114104095,"Indian Rupee: Higher US yields to squeeze rupee, while RBI protects 84/USD, ET Auto",20241010T060000Z,indiatimes.com,English,IN,monetary_policy,2024-10-10,2024-10-10 06:00:00+00:00,page_title,-0.280112044817927
https://www.wyomingnews.com/news/national/world-cant-waste-time-trading-climate-change-blame-cop29-hosts/article_fe2706eb-9d2d-51c6-9cf6-b40bdc5f52d3.html,World can't 'waste time' trading climate change blame: COP29 hosts,20241010T120000Z,wyomingnews.com,English,AJ,energy,2024-10-10,2024-10-10 12:00:00+00:00,page_title,0.409836065573771
https://www.defenseone.com/defense-systems/2024/10/new-ai-powered-intel-repository-will-be-fully-operational-about-year-late/400188/,DIA's AI-powered intel repository will be fully operational about a year late,20241010T180000Z,defenseone.com,English,US,diplomacy,2024-10-10,2024-10-10 18:00:00+00:00,page_title,4.41176470588235
https://www.newstalkzb.co.nz/news/politics/prime-minister-christopher-luxon-speaks-to-indian-pm-about-deepening-trade-links/,Watch: PM Luxon speaks to media in Laos after Modi meeting,20241011T060000Z,newstalkzb.co.nz,English,LA,sanctions_trade,2024-10-11,2024-10-11 06:00:00+00:00,page_title,2.79642058165548
https://www.narrominenewsonline.com.au/story/8790099/labor-to-launch-election-campaign-as-polls-tip-defeat/?cs=9676,Labor to launch election campaign as polls tip defeat,20241012T180000Z,narrominenewsonline.com.au,English,AS,conflict,2024-10-12,2024-10-12 18:00:00+00:00,page_title,-1.91304347826087
https://www.wkrb13.com/2024/10/12/guinness-atkinson-asset-management-inc-sells-203-shares-of-chevron-co-nysecvx.html,Guinness Atkinson Asset Management Inc Sells 203 Shares of Chevron Co. (NYSE:CVX),20241013T000000Z,wkrb13.com,English,US,political_risk,2024-10-13,2024-10-13 00:00:00+00:00,page_title,0.78740157480315
https://www.readingchronicle.co.uk/news/national/24649190.gold-snowman-coin-hidden-advent-calendar-someone-find-christmas-eve/,Gold Snowman coin hidden in advent calendar for someone to find on Christmas Eve,20241014T000000Z,readingchronicle.co.uk,English,UK,political_risk,2024-10-14,2024-10-14 00:00:00+00:00,page_title,4.48430493273543
https://www.10tv.com/article/news/nation-world/trump-rally-california-man-with-loaded-gun-arrested/507-5f8ee354-8c9b-424e-ad44-9326d3c90eac,Man with loaded gun arrested near Trump's rally in California,20241014T000000Z,10tv.com,English,US,conflict,2024-10-14,2024-10-14 00:00:00+00:00,page_title,-4.88798370672098
https://www.stroudnewsandjournal.co.uk/news/national/24649191.warning-2-6bn-business-rates-cliff-edge-retail-hospitality-firms/,Warning of £2.6bn business rates 'cliff edge' for retail and hospitality firms,20241014T000000Z,stroudnewsandjournal.co.uk,English,UK,monetary_policy,2024-10-14,2024-10-14 00:00:00+00:00,page_title,-2.16450216450216
https://www.wflx.com/2024/10/17/understanding-floridas-6-amendments-ballot/,Understanding Florida's 6 amendments on the ballot,20241017T180000Z,wflx.com,English,US,monetary_policy,2024-10-17,2024-10-17 18:00:00+00:00,page_title,0.0
https://www.theglobeandmail.com/business/industry-news/energy-and-resources/article-bp-weighing-sale-of-minority-stake-in-offshore-wind-business-sources/,"BP weighing sale of minority stake in offshore wind business, sources say",20241017T180000Z,theglobeandmail.com,English,UK,monetary_policy,2024-10-17,2024-10-17 18:00:00+00:00,page_title,-1.24555160142349
https://www.nbcsandiego.com/news/national-international/kamala-harris-spars-fox-news-host-bret-baier/3651463/,Harris and Fox News' Baier spar over border and Biden presidency – NBC 7 San Diego,20241017T180000Z,nbcsandiego.com,English,US,diplomacy,2024-10-17,2024-10-17 18:00:00+00:00,page_title,-3.39506172839506
https://www.tickerreport.com/banking-finance/12653356/cornerstone-wealth-management-llc-acquires-1838-shares-of-fidus-investment-co-nasdaqfdus.html,"Cornerstone Wealth Management LLC Acquires 1,838 Shares of Fidus Investment Co. (NASDAQ:FDUS)",20241019T120000Z,tickerreport.com,English,,political_risk,2024-10-19,2024-10-19 12:00:00+00:00,page_title,1.89189189189189
https://www.kgw.com/article/money/business/boeing-machinist-vote-new-contract-offer-next-week/281-17c365b1-77e6-40da-b6d6-8401f97b51ab,Boeing machinist union to vote on new contract offer next week,20241020T000000Z,kgw.com,English,US,diplomacy,2024-10-20,2024-10-20 00:00:00+00:00,page_title,-0.244498777506112
https://www.bowenislandundercurrent.com/national-news/polls-close-in-new-brunswick-election-and-ballot-counting-begins-9690070,Polls close in New Brunswick election and ballot counting begins,20241022T000000Z,bowenislandundercurrent.com,English,CA,energy,2024-10-22,2024-10-22 00:00:00+00:00,page_title,-1.01729399796541
https://www.tickerreport.com/banking-finance/12657865/noble-financial-has-bearish-outlook-for-arlp-fy2024-earnings.html,Noble Financial Has Bearish Outlook for ARLP FY2024 Earnings,20241022T060000Z,tickerreport.com,English,US,diplomacy,2024-10-22,2024-10-22 06:00:00+00:00,page_title,5.6551724137931
https://www.newsweek.com/nato-baltic-sea-germany-rostock-command-center-1972661,NATO Launches Command Control Center in Baltic Sea,20241022T120000Z,newsweek.com,English,RS,diplomacy,2024-10-22,2024-10-22 12:00:00+00:00,page_title,-1.84757505773672
https://www.cltampa.com/news/anna-paulina-luna-campaign-dismisses-new-poll-showing-a-tie-with-whitney-fox-in-cd-13-race-18816248,Anna Paulina Luna campaign dismisses new poll showing a tie with Whitney Fox in CD-13 race,20241022T180000Z,cltampa.com,English,US,political_risk,2024-10-22,2024-10-22 18:00:00+00:00,page_title,-2.40274599542334
https://www.corvallisadvocate.com/2024/progressive-groups-withdraw-their-state-measure-118-endorsements/,Progressive Groups Withdraw their State Measure 118 Endorsements,20241024T000000Z,corvallisadvocate.com,English,US,political_risk,2024-10-24,2024-10-24 00:00:00+00:00,page_title,2.7972027972028
https://www.yahoo.com/news/starmer-unlikely-meet-harris-us-104833380.html,Starmer unlikely to meet Harris before US election,20241024T120000Z,yahoo.com,English,US,political_risk,2024-10-24,2024-10-24 12:00:00+00:00,page_title,2.28215767634855
https://www.theglobeandmail.com/world/article-king-charles-iii-tells-summit-the-past-cant-be-changed-as-leaders-ask/,King Charles III tells summit the past can't be changed as leaders ask Britain to reckon with slavery,20241025T120000Z,theglobeandmail.com,English,UK,diplomacy,2024-10-25,2024-10-25 12:00:00+00:00,page_title,-2.34933605720123
https://www.northislandgazette.com/election/681-votes-remain-to-be-counted-in-razor-thin-juan-de-fuca-malahat-7612052,681 votes remain to be counted with razor-thin lead in Juan de Fuca-Malahat,20241026T180000Z,northislandgazette.com,English,,political_risk,2024-10-26,2024-10-26 18:00:00+00:00,page_title,-0.43859649122807
https://www.benzinga.com/startups/24/10/41561517/trump-pushes-forward-with-controversial-tariff-plan-despite-growing-backlash-from-voters-who-strongl,Trump Pushes Forward With Controversial Tariff Plan Despite Growing Backlash From Voters Who Strongly Oppose It,20241026T180000Z,benzinga.com,English,US,monetary_policy,2024-10-26,2024-10-26 18:00:00+00:00,page_title,-2.1021021021021
https://energycentral.com/c/ec/iaea-%E2%80%93-smrs-period-%E2%80%9C-epochal-change%E2%80%9D,"IAEA – SMRs in a Period of "" Epochal Change""",20241027T000000Z,energycentral.com,English,AE,diplomacy,2024-10-27,2024-10-27 00:00:00+00:00,page_title,3.89863547758285
https://www.dailygazette.com/leader_herald/ap/national/vance-calls-russia-an-american-adversary-but-wont-label-moscow-as-an-enemy/article_8cd0c999-d3db-5981-a5b1-967e1d7b2d89.html,Vance calls Russia an American adversary but won't label Moscow as an enemy,20241027T180000Z,dailygazette.com,English,US,diplomacy,2024-10-27,2024-10-27 18:00:00+00:00,page_title,-1.36054421768708
https://kvia.com/health/2021/08/19/7-ways-to-support-kids-immune-systems-as-they-return-to-school-and-wait-for-the-covid-vaccine/,7 ways to support kids' immune systems as they return to school and wait for the Covid vaccine,20241029T000000Z,kvia.com,English,US,conflict,2024-10-29,2024-10-29 00:00:00+00:00,page_title,1.75019888623707
https://www.theguardian.com/australia-news/2024/nov/03/to-labors-bisma-asif-becoming-queenslands-first-muslim-state-mp-is-spectacular-but-ordinary,"To Labor's Bisma Asif, becoming Queensland's first Muslim state MP is 'spectacular but ordinary' | Queensland politics",20241103T000000Z,theguardian.com,English,AS,political_risk,2024-11-03,2024-11-03 00:00:00+00:00,page_title,0.666032350142721
https://en.dailypakistan.com.pk/03-Nov-2024/punjab-planning-board-approves-rs4-33-billion-to-set-up-model-bazaars-in-13-cities,Punjab Planning Board approves Rs4.33 billion to set up model bazaars in 13 cities,20241103T180000Z,dailypakistan.com.pk,English,PK,monetary_policy,2024-11-03,2024-11-03 18:00:00+00:00,page_title,5.8974358974359
https://www.fox23.com/weather/forecast-a-few-rounds-of-severe-weather-likely-through-monday/article_dc39c01c-f4fb-11ed-af73-e72e13500a61.html,FORECAST: A few rounds of severe weather likely through Monday,20241104T000000Z,fox23.com,English,US,political_risk,2024-11-04,2024-11-04 00:00:00+00:00,page_title,-3.57142857142857
https://www.ktxs.com/news/nation-world/she-should-be-ashamed-of-herself-trump-says-of-oprah-winfreys-voting-comment-presidential-election-voting-vote-polls-ballot-pennsylvania-battleground-state-kamala-harris-tim-walz-jd-vance-republicans-democrats,'She should be ashamed of herself': Trump says of Oprah Winfrey's voting comment,20241106T000000Z,ktxs.com,English,US,political_risk,2024-11-06,2024-11-06 00:00:00+00:00,page_title,1.13636363636364
https://www.marketscreener.com/news/latest/Iranians-worried-elated-wary-in-mixed-reaction-to-Trump-win-48272993/,"Iranians worried, elated, wary in mixed reaction to Trump win",20241106T120000Z,marketscreener.com,English,IR,energy,2024-11-06,2024-11-06 12:00:00+00:00,page_title,-5.52631578947368
https://rkm.kiev.ua/v-mire/241335/,Gabor Horvath: The USSR Consumed All Its Resources for Growth and Lost the War for the Minds of the People,20241106T180000Z,rkm.kiev.ua,English,CA,conflict,2024-11-06,2024-11-06 18:00:00+00:00,page_title,-3.85321100917431
https://www.americanbanker.com/news/changes-coming-to-the-fed-in-a-trump-presidency,Changes coming to the Fed in a Trump presidency,20241107T120000Z,americanbanker.com,English,US,monetary_policy,2024-11-07,2024-11-07 12:00:00+00:00,page_title,-1.99833472106578
https://www.fairfieldsuntimes.com/opinion/yes-retired-generals-deserve-a-voice-too/article_2a7e1b53-7f79-5ad2-82cc-38f83da89fcd.html,"Yes, Retired Generals Deserve a Voice Too",20241108T180000Z,fairfieldsuntimes.com,English,US,political_risk,2024-11-08,2024-11-08 18:00:00+00:00,page_title,-2.9126213592233
https://www.bowenislandundercurrent.com/world-news/ranked-voting-will-determine-the-winner-of-maines-2nd-congressional-district-9780916,Ranked voting will determine the winner of Maine's 2nd Congressional District,20241108T180000Z,bowenislandundercurrent.com,English,US,political_risk,2024-11-08,2024-11-08 18:00:00+00:00,page_title,3.11355311355311
https://newsbusters.org/blogs/nb/alex-christy/2024/11/08/msnbc-mourns-loss-allyship-women-get-married,MSNBC Mourns 'Loss Of Allyship' As 'Women Get Married',20241109T000000Z,newsbusters.org,English,US,diplomacy,2024-11-09,2024-11-09 00:00:00+00:00,page_title,-0.591133004926108
https://timesofoman.com/article/151900-indian-rupee-hits-all-time-low-against-us-dollar,Indian rupee hits all-time low against US dollar,20241109T180000Z,timesofoman.com,English,,monetary_policy,2024-11-09,2024-11-09 18:00:00+00:00,page_title,-2.5
https://www.thehitavada.com/Encyc/2024/11/10/30-year-old-man-hangs-himself-to-death-in-Chhola-Mandir-area.html,30-year-old man hangs himself to death in Chhola Mandir area,20241110T060000Z,thehitavada.com,English,IN,conflict,2024-11-10,2024-11-10 06:00:00+00:00,page_title,-3.33333333333333
https://www.wsbtv.com/news/local/north-fulton-county/veteran-works-show-respect-every-veteran-he-encounters-with-retired-flags/3GPSSC2O5RCJPJK33L6DIGZU3I/,Veteran works to show respect to every veteran he encounters with retired flags,20241112T060000Z,wsbtv.com,English,US,conflict,2024-11-12,2024-11-12 06:00:00+00:00,page_title,-0.696864111498257
http://thepeninsulaqatar.com/article/13/11/2024/gu-qs-qalam-series-reflect-on-power-of-writing,GU-Q's Qalam Series reflect on power of writing | The Peninsula Qatar,20241113T120000Z,thepeninsulaqatar.com,English,EG,conflict,2024-11-13,2024-11-13 12:00:00+00:00,page_title,4.59558823529412
https://energycentral.com/c/ec/could-trump%E2%80%99s-china-tariffs-quietly-cut-carbon-emissions,Could Trump's China Tariffs Quietly Cut Carbon Emissions?,20241113T180000Z,energycentral.com,English,CH,monetary_policy,2024-11-13,2024-11-13 18:00:00+00:00,page_title,2.67111853088481
https://www.app.com.pk/global/war-shattered-gaza-food-markets-in-decay-as-starvation-looms-un/,War-shattered Gaza food markets 'in decay' as starvation looms: UN,20241113T180000Z,app.com.pk,English,LE,conflict,2024-11-13,2024-11-13 18:00:00+00:00,page_title,-7.05596107055961
https://invezz.com/news/2024/11/13/brent-crude-oil-price-forecast-what-is-the-path-of-the-least-resistance/,Brent crude oil price forecast: what is the path of the least resistance?,20241114T000000Z,invezz.com,English,CH,political_risk,2024-11-14,2024-11-14 00:00:00+00:00,page_title,-2.78833967046895
https://www.boredpanda.com/whoopi-goldberg-outrages-people-after-claiming-financial-struggle/,"Whoopi Goldberg Sparks Fury After Claiming She's ""Having A Hard Time"" Financially: ""Out Of Touch""",20241114T120000Z,boredpanda.com,English,US,monetary_policy,2024-11-14,2024-11-14 12:00:00+00:00,page_title,0.780234070221067
https://www.sthelensstar.co.uk/news/national/24725719.pension-megafunds-will-boost-growth-reward-british-savers---reeves/,Pension 'megafunds' will boost growth and reward British savers – Reeves,20241115T000000Z,sthelensstar.co.uk,English,AS,conflict,2024-11-15,2024-11-15 00:00:00+00:00,page_title,0.706713780918728
https://www.artnews.com/art-news/news/bank-of-americas-new-report-says-art-buyer-conditions-are-improving-but-adds-that-market-concern-is-understandable-after-trumps-victory-1234724028/,Bank of America Report More Collector Participation' at Fall Sales,20241115T120000Z,artnews.com,English,US,diplomacy,2024-11-15,2024-11-15 12:00:00+00:00,page_title,3.98162327718224
https://www.oneindia.com/mumbai/sex-with-minor-wife-even-though-consensual-amounts-to-rape-bombay-hc-upholds-10-year-jail-term-fo-3987907.html,"Sex With Minor Wife, Even Though Consensual, Amounts To Rape: Bombay HC Upholds 10-Year Jail Term For Man",20241115T120000Z,oneindia.com,English,IN,conflict,2024-11-15,2024-11-15 12:00:00+00:00,page_title,-6.13382899628253
https://trinidadexpress.com/newsextra/licensing-dept-clerk-charged-with-vehicle-transfer-fraud/article_89037ab8-a4c3-11ef-aa41-1f02494bfec9.html,Licensing Dept clerk charged with vehicle transfer fraud,20241117T120000Z,trinidadexpress.com,English,TD,conflict,2024-11-17,2024-11-17 12:00:00+00:00,page_title,-5.3475935828877
https://www.naroomanewsonline.com.au/story/8823350/zelenskiy-visits-embattled-ukrainian-frontline-town/?cs=14264,Zelenskiy visits embattled Ukrainian frontline town,20241118T180000Z,naroomanewsonline.com.au,English,RS,diplomacy,2024-11-18,2024-11-18 18:00:00+00:00,page_title,-3.18791946308725
https://capitalethiopia.com/2024/11/18/strong-rule-of-law-and-economic-development-the-foundations-of-prosperity/,Strong Rule of Law and Economic Development: The Foundations of Prosperity,20241118T180000Z,capitalethiopia.com,English,BC,political_risk,2024-11-18,2024-11-18 18:00:00+00:00,page_title,0.206185567010309
https://www.eastidahonews.com/2024/11/locals-respond-to-north-carolina-to-help-with-hurricane-relief-efforts/,Locals respond to North Carolina to help with hurricane relief efforts,20241120T060000Z,eastidahonews.com,English,US,diplomacy,2024-11-20,2024-11-20 06:00:00+00:00,page_title,2.37068965517241
https://timesofindia.indiatimes.com/city/guwahati/students-protest-against-rising-prices-in-dibrugarh-demand-government-action/articleshow/115490156.cms,"Students Protest Against Rising Prices in Dibrugarh, Demand Government Action | Guwahati News",20241120T180000Z,indiatimes.com,English,,monetary_policy,2024-11-20,2024-11-20 18:00:00+00:00,page_title,-6.12244897959184
https://tribune.com.pk/story/2510931/govt-nixes-circular-debt-return-plan,Govt nixes circular debt return plan,20241121T000000Z,tribune.com.pk,English,CH,conflict,2024-11-21,2024-11-21 00:00:00+00:00,page_title,-3.69458128078818
https://www.chelmsfordweeklynews.co.uk/news/national/24742386.starmer-backs-iccs-independence-war-crimes-arrest-warrant-netanyahu/,Starmer backs ICC's independence after war crimes arrest warrant for Netanyahu,20241121T180000Z,chelmsfordweeklynews.co.uk,English,IS,diplomacy,2024-11-21,2024-11-21 18:00:00+00:00,page_title,-7.71812080536913
https://www.wglt.org/2024-11-23/opinion-remembering-vladimir-shklyarov-a-dancer-for-the-people,"Opinion: Remembering Vladimir Shklyarov, a dancer for the people",20241123T180000Z,wglt.org,English,RS,energy,2024-11-23,2024-11-23 18:00:00+00:00,page_title,1.9559902200489
https://www.shanghaisun.com/news/274784864/xis-latam-trip-promotes-friendship-solidarity-cooperation-development-chinese-fm,"Xi's LatAm trip promotes friendship, solidarity, cooperation, development: Chinese FM",20241124T000000Z,shanghaisun.com,English,PE,diplomacy,2024-11-24,2024-11-24 00:00:00+00:00,page_title,3.8265306122449
https://www.ksat.com/news/world/2024/11/25/uruguays-leftist-opposition-candidate-yamandu-orsi-becomes-countrys-new-president/,Uruguay's leftist opposition candidate Yamandú Orsi becomes country's new president,20241125T060000Z,ksat.com,English,UY,monetary_policy,2024-11-25,2024-11-25 06:00:00+00:00,page_title,-1.00083402835696
https://krforadio.com/ixp/719/p/your-thanksgiving-dinner-is-now-cheaper-in-minnesota/,Your Thanksgiving Dinner is Now Cheaper in Minnesota,20241127T180000Z,krforadio.com,English,US,monetary_policy,2024-11-27,2024-11-27 18:00:00+00:00,page_title,3.33919156414763
https://www.northernnews.ca:443/news/local-news/fire-in-kingsmount-home-causes-heavy-damage-displaces-residents,"Fire in Kingsmount home causes heavy damage, displaces residents",20241203T060000Z,northernnews.ca,English,CA,conflict,2024-12-03,2024-12-03 06:00:00+00:00,page_title,-1.52284263959391
https://www.dundalkdemocrat.ie/news/national-news/1672822/next-government-must-reflect-fianna-fails-election-success-martin.html,Next government must reflect Fianna Fail's election success – Martin,20241204T180000Z,dundalkdemocrat.ie,English,EI,political_risk,2024-12-04,2024-12-04 18:00:00+00:00,page_title,1.35396518375242
https://nigerianobservernews.com/edo-disability-law-insufficient-without-implementation-monitoring-napvid/,"Edo disability law insufficient without implementation, monitoring – NAPVID – Nigerian Observer",20241208T000000Z,nigerianobservernews.com,English,NI,political_risk,2024-12-08,2024-12-08 00:00:00+00:00,page_title,-1.69491525423729
https://www.clickondetroit.com/news/national/2024/12/08/biden-adds-to-the-nations-list-of-national-monuments-during-his-term-theres-an-appetite-for-more/,Biden adds to the nation's list of national monuments during his term. There's an appetite for more,20241208T180000Z,clickondetroit.com,English,US,political_risk,2024-12-08,2024-12-08 18:00:00+00:00,page_title,-0.286259541984732
https://www.military.com/daily-news/2024/12/08/jubilation-and-gunfire-syrians-celebrate-end-of-assad-familys-half-century-rule.html,Jubilation and Gunfire as Syrians Celebrate the End of the Assad Family's Half-Century Rule,20241208T180000Z,military.com,English,SY,diplomacy,2024-12-08,2024-12-08 18:00:00+00:00,page_title,-3.45334313005143
https://www.thehindu.com/business/markets/rupee-falls-7-paise-to-8473-against-us-dollar-in-early-trade/article68964016.ece,Rupee falls 7 paise to 84.73 against US dollar in early trade,20241209T060000Z,thehindu.com,English,IN,monetary_policy,2024-12-09,2024-12-09 06:00:00+00:00,page_title,-0.477326968973747
https://www.nbcphiladelphia.com/news/business/money-report/treasury-yields-little-changed-as-investors-await-fresh-inflation-data/4050195/,Treasury yields rise as investors await fresh inflation data,20241210T120000Z,nbcphiladelphia.com,English,US,monetary_policy,2024-12-10,2024-12-10 12:00:00+00:00,page_title,1.05633802816901
https://santamariatimes.com/ap/national/ap-news-in-brief-at-12-04-a-m-est/article_7e480d7e-02d1-5e48-a448-747b7d8dcba0.html,AP News in Brief at 12:04 a.m. EST,20241211T060000Z,santamariatimes.com,English,US,political_risk,2024-12-11,2024-12-11 06:00:00+00:00,page_title,-4.55612963832785
https://www.ndtv.com/india-news/atul-subhash-nikita-singhania-after-bengaluru-techies-suicide-family-seeks-justice-my-brother-did-everything-7220878,"Atul Subhash, Nikita Singhania: After Bengaluru Techie's Suicide, Family Seeks Justice: My Brother Did Everything",20241211T060000Z,ndtv.com,English,IN,conflict,2024-12-11,2024-12-11 06:00:00+00:00,page_title,-5.4421768707483
https://www.patheos.com/blogs/closetohome/2024/12/varietys-faith-spirituality-in-entertainment-honors/,Variety's Faith & Spirituality In Entertainment Honors,20241213T000000Z,patheos.com,English,US,diplomacy,2024-12-13,2024-12-13 00:00:00+00:00,page_title,5.90094836670179
https://www.thestar.com.my/news/nation/2024/12/13/tengku-zafrul-to-join-pkr-,Tengku Zafrul to join PKR ?,20241213T120000Z,thestar.com.my,English,,diplomacy,2024-12-13,2024-12-13 12:00:00+00:00,page_title,1.9047619047619
https://www.ktep.org/u-s-news/2024-12-13/will-luigi-mangiones-tipster-get-the-60k-reward-its-complicated,Will Luigi Mangione's tipster get the $60K reward? It's complicated,20241213T180000Z,ktep.org,English,US,conflict,2024-12-13,2024-12-13 18:00:00+00:00,page_title,-2.28426395939086
https://signalscv.com/2024/12/michael-reagan-the-upside-down-mentality-of-the-left/,Michael Reagan | The Upside-Down Mentality of the Left,20241215T000000Z,signalscv.com,English,US,political_risk,2024-12-15,2024-12-15 00:00:00+00:00,page_title,-7.48201438848921
https://www.perthnow.com.au/lifestyle/relationships/gen-z-says-we-dont-proportion-of-young-couples-getting-married-takes-a-nosedive--c-17089927,"Gen Z says, 'we DON'T': Proportion of young couples getting married takes a nosedive",20241215T060000Z,perthnow.com.au,English,UK,conflict,2024-12-15,2024-12-15 06:00:00+00:00,page_title,0.771208226221079
https://www.stltoday.com/life-entertainment/local/wellness/buzzrx-5-simple-hacks-to-slash-your-family-s-prescription-costs/article_e04013d3-88c6-5e81-96eb-0d1d6cbb6d38.html,BuzzRx: 5 Simple Hacks to Slash Your Family's Prescription Costs,20241216T180000Z,stltoday.com,English,US,diplomacy,2024-12-16,2024-12-16 18:00:00+00:00,page_title,1.52671755725191
https://www.advocateanddemocrat.com/news/national/article_06a24c5a-c099-5aad-9f10-2f343a15b461.html,"Asian markets mixed ahead of Fed news, Nissan soars on merger reports",20241218T180000Z,advocateanddemocrat.com,English,JA,monetary_policy,2024-12-18,2024-12-18 18:00:00+00:00,page_title,0.276243093922652
https://wbsm.com/fairhaven-contrails-x/,Fairhaven Contrails Show That 'X' Marks the Spot,20241218T180000Z,wbsm.com,English,,monetary_policy,2024-12-18,2024-12-18 18:00:00+00:00,page_title,-2.70793036750484
https://www.nbcchicago.com/news/local/college-admissions-lawsuit-allegations/3627898/,College admissions wealthy student allegations – NBC Chicago,20241219T000000Z,nbcchicago.com,English,US,political_risk,2024-12-19,2024-12-19 00:00:00+00:00,page_title,1.54185022026432
https://www.civilbeat.org/2024/12/how-this-indigenous-attorney-fights-for-climate-justice/,How This Indigenous Attorney Fights For Climate Justice,20241219T120000Z,civilbeat.org,English,TV,political_risk,2024-12-19,2024-12-19 12:00:00+00:00,page_title,-1.18063754427391
https://abc17news.com/politics/national-politics/cnn-us-politics/2024/12/19/federal-judge-allows-january-6-defendant-to-attend-trumps-inauguration/,Federal judge allows January 6 defendant to attend Trump's inauguration,20241220T060000Z,abc17news.com,English,US,political_risk,2024-12-20,2024-12-20 06:00:00+00:00,page_title,-5.80046403712297
https://www.thelocal.de/20191211/german-advent-word-of-the-day,German word of the day: Der Wunschzettel,20241220T120000Z,thelocal.de,English,GM,conflict,2024-12-20,2024-12-20 12:00:00+00:00,page_title,1.58450704225352
https://www.birminghammail.co.uk/news/cost-of-living/millions-people-spot-extra-10-30628686,Millions of people spot extra £10 in their bank account and this is who gets it,20241220T120000Z,birminghammail.co.uk,English,GI,monetary_policy,2024-12-20,2024-12-20 12:00:00+00:00,page_title,2.8
https://fm99.com/on-air/get-this-mother-effing-dumbasses-off-my-plane/,Get this Mother Effing Dumbasses off My Plane,20241220T180000Z,fm99.com,English,,conflict,2024-12-20,2024-12-20 18:00:00+00:00,page_title,-2.85714285714286
https://www.stalbansreview.co.uk/news/national/24811792.16-injured-rocket-fired-yemen-hits-tel-aviv/,16 injured after rocket fired from Yemen hits Tel Aviv,20241221T120000Z,stalbansreview.co.uk,English,IS,conflict,2024-12-21,2024-12-21 12:00:00+00:00,page_title,-7.85953177257525
https://www.hltv.org/news/40606/media-lux-and-n1ssim-to-reunite-on-legacy,Media: lux and n1ssim to reunite on Legacy,20241223T180000Z,hltv.org,English,CH,diplomacy,2024-12-23,2024-12-23 18:00:00+00:00,page_title,-2.31481481481481
https://www.marketscreener.com/quote/stock/SVAS-BIOSANA-S-P-A-130552524/news/Svas-Biosana-to-subsidiary-contract-to-acquire-100-Hermes-Pharma-48647107/,"Svas Biosana, to subsidiary contract to acquire 100% Hermes Pharma",20241223T180000Z,marketscreener.com,English,IT,diplomacy,2024-12-23,2024-12-23 18:00:00+00:00,page_title,4.23728813559322
https://klewtv.com/news/nation-world/homan-blasts-hochul-for-touting-subway-safety-as-migrant-accused-of-burning-rider-to-death-a-guatemalan-migrant-allegedly-lit-a-sleeping-passenger-on-fire-causing-her-to-burn-to-death,Homan blasts Hochul for touting subway safety as migrant accused of burning rider to death,20241224T000000Z,klewtv.com,English,GT,conflict,2024-12-24,2024-12-24 00:00:00+00:00,page_title,-3.65168539325843
https://khqa.com/news/nation-world/former-president-bill-clinton-recovering-at-home-for-christmas-after-being-treated-for-the-flu-washington-dc-hospital-medstar-georgetown,Bill Clinton recovering at home for Christmas after being treated for the flu,20241224T180000Z,khqa.com,English,US,political_risk,2024-12-24,2024-12-24 18:00:00+00:00,page_title,1.11731843575419
https://www.taipeitimes.com/News/front/archives/2024/12/26/2003829130,Christians mark solemn Christmas in Bethlehem,20241225T180000Z,taipeitimes.com,English,IS,conflict,2024-12-25,2024-12-25 18:00:00+00:00,page_title,-3.30788804071247
https://www.wkrb13.com/2024/12/25/ikkuma-resources-corp-ikm-v-cveikm-stock-price-crosses-above-50-day-moving-average-heres-what-happened.html,Ikkuma Resources Corp. (IKM.V) (CVE:IKM) Stock Price Crosses Above 50 Day Moving Average   – Here's What Happened,20241226T000000Z,wkrb13.com,English,CA,energy,2024-12-26,2024-12-26 00:00:00+00:00,page_title,1.20481927710843
https://mynews4.com/news/nation-world/united-states-americans-unemployment-claims-steady-but-continuing-claims-reach-3-year-high-labor-department-jobless-benefits-market-recovering-layoffs-inflation-interest-rates,"Unemployment claims steady, but continuing claims reach 3-year high",20241226T180000Z,mynews4.com,English,US,monetary_policy,2024-12-26,2024-12-26 18:00:00+00:00,page_title,-0.980392156862745
https://www.cbc.bb/news/international-news/deadly-tornado-spawning-storms-pummel-texas-mississippi/,"Deadly tornado-spawning storms pummel Texas, Mississippi,",20241229T180000Z,cbc.bb,English,US,conflict,2024-12-29,2024-12-29 18:00:00+00:00,page_title,-6.51340996168582
https://www.bluemountainsgazette.com.au/story/8844683/the-echidna-navigating-an-election-year-in-2025/?cs=1936,The Echidna: Navigating an election year in 2025 | Blue Mountains Gazette,20241230T060000Z,bluemountainsgazette.com.au,English,AS,political_risk,2024-12-30,2024-12-30 06:00:00+00:00,page_title,-1.17279124315872
https://eturbonews.com/jal-codeshare-qantas-singapore-brisbane-route/,JAL to codeshare with Qantas on Singapore-Brisbane route,20241231T060000Z,eturbonews.com,English,AS,diplomacy,2024-12-31,2024-12-31 06:00:00+00:00,page_title,4.13793103448276
https://www.newsweek.com/what-biggest-threat-world-2025-2001883,What Is the Biggest Threat to the World in 2025?,20241231T120000Z,newsweek.com,English,CH,diplomacy,2024-12-31,2024-12-31 12:00:00+00:00,page_title,-6.63900414937759
https://www.businesswireindia.com/sourceone-shines-at-plexpo-2024-and-gears-up-for-plastindia-2026-93015.html,Source.One Shines at Plexpo 2024 and Gears Up for PlastIndia 2026,20241231T180000Z,businesswireindia.com,English,IN,diplomacy,2024-12-31,2024-12-31 18:00:00+00:00,page_title,6.58307210031348
https://www.yahoo.com/news/kremlin-supporters-tout-trump-takeover-223327321.html,Kremlin supporters tout Trump takeover threats as aiding Putin's expansionist goals,20250101T000000Z,yahoo.com,English,PM,diplomacy,2025-01-01,2025-01-01 00:00:00+00:00,page_title,-1.06100795755968
https://guernseypress.com/news/world-news/2025/01/01/us-army-veteran-kills-15-in-new-years-eve-terror-attack/,US army veteran kills 15 in New Year's Eve 'terror attack',20250102T000000Z,guernseypress.com,English,US,conflict,2025-01-02,2025-01-02 00:00:00+00:00,page_title,-6.75287356321839
https://www.thestatesman.com/opinion/the-world-can-be-better-when-hopes-coalesce-1503382471.html,The world can be better when hopes coalesce,20250103T060000Z,thestatesman.com,English,CU,conflict,2025-01-03,2025-01-03 06:00:00+00:00,page_title,0.256739409499358
https://www.yahoo.com/news/dnc-chair-hopeful-martin-o-152603815.html,DNC chair hopeful Martin O'Malley says Dems will continue to lose if party doesn't connect with working class,20250103T180000Z,yahoo.com,English,US,monetary_policy,2025-01-03,2025-01-03 18:00:00+00:00,page_title,1.47874306839187
https://www.coastreporter.net/the-mix/pierre-poilievre-outlines-goals-strategy-key-players-in-jordan-peterson-interview-10030271,"Pierre Poilievre outlines goals, strategy, key players in Jordan Peterson interview",20250104T000000Z,coastreporter.net,English,CA,energy,2025-01-04,2025-01-04 00:00:00+00:00,page_title,-2.77986476333584
https://www.stourbridgenews.co.uk/news/national/24833952.ukraine-seek-allies-help-boost-air-defences-says-zelensky/,"Ukraine to seek allies' help to boost air defences, says Zelensky",20250105T120000Z,stourbridgenews.co.uk,English,RS,conflict,2025-01-05,2025-01-05 12:00:00+00:00,page_title,-3.40264650283554
https://www.ft.lk/opinion/Sri-Lanka-power-sector-reforms-Way-forward/14-771592,Sri Lanka power sector reforms: Way forward,20250109T000000Z,ft.lk,English,AS,monetary_policy,2025-01-09,2025-01-09 00:00:00+00:00,page_title,0.302877334679454
https://okcfox.com/news/nation-world/washington-firefighters-crews-wildfire-southern-california-los-angeles-evacuations-emergency-management-division-250-structural-engines-king-pierce-snohomish-counties,"Washington crews answer urgent call, joining thousands to fight devastating LA wildfires",20250109T060000Z,okcfox.com,English,US,conflict,2025-01-09,2025-01-09 06:00:00+00:00,page_title,-0.135869565217391
https://www.saltlakecitysun.com/news/274924925/nobility-homes-inc-announces-sales-and-earnings-for-its-fiscal-year-2024,"Nobility Homes, Inc. Announces Sales and Earnings for Its Fiscal Year 2024",20250109T180000Z,saltlakecitysun.com,English,US,monetary_policy,2025-01-09,2025-01-09 18:00:00+00:00,page_title,-1.1943539630836
https://www.thestar.com.my/aseanplus/aseanplus-news/2025/01/10/trump-tariffs-will-probably-be-20-on-most-chinese-imports-not-60-goldman-sachs,"Trump tariffs will probably be 20% on most Chinese imports, not 60%: Goldman Sachs",20250110T120000Z,thestar.com.my,English,CH,monetary_policy,2025-01-10,2025-01-10 12:00:00+00:00,page_title,-1.57977883096367
https://www.cpapracticeadvisor.com/2025/01/10/ces-experiences-whats-new-for-2025/154312/,CES Experiences - What's New for 2025,20250111T000000Z,cpapracticeadvisor.com,English,AS,political_risk,2025-01-11,2025-01-11 00:00:00+00:00,page_title,1.57379838366652
https://www.begadistrictnews.com.au/story/8864265/dutton-makes-personal-pitch-at-coalition-campaign-rally/?cs=9676,Dutton makes personal pitch at coalition campaign rally,20250112T060000Z,begadistrictnews.com.au,English,AS,diplomacy,2025-01-12,2025-01-12 06:00:00+00:00,page_title,-1.6597510373444
https://www.thenational.scot/news/24851049.maiden-mv-glen-sannox-voyage-liable-cancellation-amid-high-winds/,Maiden MV Glen Sannox voyage 'liable to cancellation' amid high winds,20250112T180000Z,thenational.scot,English,UK,energy,2025-01-12,2025-01-12 18:00:00+00:00,page_title,-1.44927536231884
https://www.iol.co.za/dailynews/opinion/south-africas-g20-presidency-faces-challenges-against-a-backdrop-of-political-divisions-a98c2635-e3f2-4a35-8055-170d7c6a90f9,South Africa's G20 presidency faces challenges against a backdrop of political divisions,20250113T000000Z,iol.co.za,English,SF,monetary_policy,2025-01-13,2025-01-13 00:00:00+00:00,page_title,-2.45746691871456
https://www.ctvnews.ca/business/u-s-benefits-from-canadian-trade-at-least-as-much-as-canada-report-1.7173796,U.S. and Canada both benefit from bilateral trade: report,20250114T000000Z,ctvnews.ca,English,CA,energy,2025-01-14,2025-01-14 00:00:00+00:00,page_title,-1.95758564437194
https://ohio.binnews.com/content/2025-01-14-naomi-osaka-reveals-item-she-had-retrieved-from-home-amid-la-wildfires/,Naomi Osaka Reveals Item She Had Retrieved From Home Amid LA Wildfires,20250114T180000Z,binnews.com,English,AS,conflict,2025-01-14,2025-01-14 18:00:00+00:00,page_title,-0.241545893719807
https://www.pasadenastarnews.com/2025/01/14/gop-rep-young-kim-asks-president-elect-trump-to-focus-on-wildfire-aid-first-politics-second/,"GOP Rep. Young Kim asks President-elect Trump to focus on wildfire aid first, politics second",20250115T000000Z,pasadenastarnews.com,English,US,conflict,2025-01-15,2025-01-15 00:00:00+00:00,page_title,-1.1988011988012
https://www.dailymail.co.uk/money/saving/article-14287037/Isas-pay-5-05-let-dip-good-choice-says-SYLVIA-MORRIS.html,"Isas that pay 5.05% and let you dip in and out are a good choice, says SYLVIA MORRIS",20250115T120000Z,dailymail.co.uk,English,UK,monetary_policy,2025-01-15,2025-01-15 12:00:00+00:00,page_title,2.68065268065268
https://www.thestatesman.com/india/indi-alliance-has-no-future-mayawati-1503386826.html,INDI alliance has no future : Mayawati,20250115T120000Z,thestatesman.com,English,IN,diplomacy,2025-01-15,2025-01-15 12:00:00+00:00,page_title,0.352112676056338
https://www.yahoo.com/news/israel-hamas-reach-ceasefire-deal-172430744.html,Israel and Hamas reach ceasefire deal,20250115T180000Z,yahoo.com,English,IS,diplomacy,2025-01-15,2025-01-15 18:00:00+00:00,page_title,-3.96039603960396
https://www.thenews.com.pk/latest/1272875-uae-rolls-over-2-billion-loan-to-pakistan-central-bank-says,"UAE rolls over $2 billion loan to Pakistan, SBP says",20250116T180000Z,thenews.com.pk,English,PK,monetary_policy,2025-01-16,2025-01-16 18:00:00+00:00,page_title,3.16205533596838
https://www.tricitynews.com/economy-law-politics/rob-shaw-eby-leaves-bc-families-famished-for-relief-as-trade-war-looms-10091167,Eby shelves B.C. grocery rebate amid Trump trade threats,20250117T180000Z,tricitynews.com,English,CA,political_risk,2025-01-17,2025-01-17 18:00:00+00:00,page_title,-3.57142857142857
https://www.nigeriasun.com/news/274954404/must-increase-lng-nuclear-power-says-trump-energy-department-pick,"Must increase LNG, nuclear power, says Trump's energy department pick",20250118T000000Z,nigeriasun.com,English,US,monetary_policy,2025-01-18,2025-01-18 00:00:00+00:00,page_title,-3.42105263157895
https://www.clickondetroit.com/news/world/2025/01/19/warm-weather-threatens-epiphany-ice-water-plunges-for-russias-orthodox-christians/,Warm weather threatens Epiphany ice water plunges for Russia's Orthodox Christians,20250119T120000Z,clickondetroit.com,English,RS,conflict,2025-01-19,2025-01-19 12:00:00+00:00,page_title,0.0
https://www.northcountrypublicradio.org/news/npr/1225616822/joe-biden-s-complicated-legacy,Joe Biden's complicated legacy,20250120T000000Z,northcountrypublicradio.org,English,US,monetary_policy,2025-01-20,2025-01-20 00:00:00+00:00,page_title,-0.246791707798618
https://www.fairfieldsuntimes.com/news/national/trade-wars-culture-wars-and-anti-immigration-trumps-big-promises/article_53fd5d20-1f8e-5bf8-a0c9-51db9874e1a0.html,"Trade wars, culture wars, and anti-immigration: Trump's big promises",20250120T060000Z,fairfieldsuntimes.com,English,CH,sanctions_trade,2025-01-20,2025-01-20 06:00:00+00:00,page_title,-4.08684546615581
https://www.nbcdfw.com/news/business/money-report/stanley-druckenmiller-says-animal-spirits-are-back-in-markets-because-of-trump-with-ceos-giddy/3745593/,Stanley Druckenmiller says 'animal spirits' are back in markets because of Trump with CEOs 'giddy' – NBC 5 Dallas-Fort Worth,20250120T180000Z,nbcdfw.com,English,UK,monetary_policy,2025-01-20,2025-01-20 18:00:00+00:00,page_title,-0.207900207900208
https://www.yahoo.com/news/police-pursuit-ogdensburg-ends-car-205757199.html,Police pursuit in Ogdensburg ends up with car crashing into house,20250121T000000Z,yahoo.com,English,,conflict,2025-01-21,2025-01-21 00:00:00+00:00,page_title,-6.52173913043478
https://www.vindy.com/news/local-news/2025/01/options-given-for-staying-warm/,"Options given for staying warm | News, Sports, Jobs",20250121T060000Z,vindy.com,English,US,conflict,2025-01-21,2025-01-21 06:00:00+00:00,page_title,0.965018094089264
https://cdapress.com/news/2025/jan/21/once-in-a-lifetime-snow-hits-parts-of-the-us-south/,'Once in a lifetime' snow hits parts of the U.S. South,20250122T000000Z,cdapress.com,English,US,political_risk,2025-01-22,2025-01-22 00:00:00+00:00,page_title,-3.18181818181818
https://www.richmondandtwickenhamtimes.co.uk/news/national/24877784.teenage-gunman-kills-female-student-us-high-school/,Teenage gunman kills female student and himself at US high school,20250123T000000Z,richmondandtwickenhamtimes.co.uk,English,,political_risk,2025-01-23,2025-01-23 00:00:00+00:00,page_title,-5.63380281690141
https://www.perthnow.com.au/news/perth/naked-man-who-allegedly-went-on-wild-rampage-through-perth-nightspot-returns-to-court-c-17480502,Puhi Clark: Naked man who allegedly went on wild rampage through Perth nightspot returns to court,20250123T060000Z,perthnow.com.au,English,AS,diplomacy,2025-01-23,2025-01-23 06:00:00+00:00,page_title,-8.61244019138756
https://en.trend.az/business/3997029.html,"QazaqGaz, ADNOC eye joint gas exploration in Turkmenistan",20250124T060000Z,en.trend.az,English,KZ,energy,2025-01-24,2025-01-24 06:00:00+00:00,page_title,4.54545454545455
https://www.thewrap.com/mark-duplass-los-angeles-wildfire-release-donations-interview/,Mark Duplass On How To Help With L.A. Fire Relief: Jump In,20250125T000000Z,thewrap.com,English,US,conflict,2025-01-25,2025-01-25 00:00:00+00:00,page_title,1.09254498714653
https://justthenews.com/government/diplomacy/secretary-rubios-first-foreign-trip-aimed-confronting-panama-canal-security,"Rubio's first foreign trip aimed at confronting Panama Canal security, immigration head on",20250125T060000Z,justthenews.com,English,PM,diplomacy,2025-01-25,2025-01-25 06:00:00+00:00,page_title,-0.459066564651875
"http://manninglive.com/stories/fire-damages-recently-renovated-taw-caw-park,123119",Fire damages recently renovated Taw Caw Park,20250125T120000Z,manninglive.com,English,,conflict,2025-01-25,2025-01-25 12:00:00+00:00,page_title,0.246913580246913
https://www.worcesternews.co.uk/news/24876753.commonly-mispronounced-place-name-worcestershire/,The most commonly mispronounced place name in Worcestershire,20250126T180000Z,worcesternews.co.uk,English,UK,conflict,2025-01-26,2025-01-26 18:00:00+00:00,page_title,-0.831024930747922
https://www.theoaklandpress.com/2025/01/28/michigan-organizations-await-impact-of-freeze-on-billions-in-federal-funding/,Michigan organizations await impact of freeze on billions in federal funding,20250129T000000Z,theoaklandpress.com,English,US,diplomacy,2025-01-29,2025-01-29 00:00:00+00:00,page_title,-1.25
https://www.mymotherlode.com/news/national/3494826/stock-market-today-asia-shares-mostly-rise-while-some-regional-markets-stay-closed-for-holidays.html,Stock market today: Asia shares mostly rise while some regional markets stay closed for holidays,20250130T060000Z,mymotherlode.com,English,JA,monetary_policy,2025-01-30,2025-01-30 06:00:00+00:00,page_title,-0.809716599190283
https://www.prleap.com/pr/302820/e-fuel-producer-ineratec-has-received-a-funding-commitment-of-70-million-from-the-european-investment-bank-and-breakthrough,E-Fuel producer INERATEC has received a funding commitment of €70 million from the European Investment Bank and Breakthrough Energy Catalyst,20250130T060000Z,prleap.com,English,GM,energy,2025-01-30,2025-01-30 06:00:00+00:00,page_title,4.14386239249414
https://www.bangkokpost.com/life/social-and-lifestyle/2950897/a-healthier-you-small-steps-big-impact,"Bangkok Post - A healthier you: Small steps, big impact",20250130T120000Z,bangkokpost.com,English,,conflict,2025-01-30,2025-01-30 12:00:00+00:00,page_title,5.04871567759079
https://www.argusmedia.com/en/news-and-insights/latest-market-news/2649801-syria-issues-crude-products-tenders-correction,"Syria issues crude, products tenders: Correction",20250130T120000Z,argusmedia.com,English,SY,energy,2025-01-30,2025-01-30 12:00:00+00:00,page_title,-2.77185501066098
https://www.pilotonline.com/2025/01/31/gun-violence-children-deaths/,States where gun violence has surpassed car accidents as the #1 killer of children in the US,20250201T000000Z,pilotonline.com,English,US,political_risk,2025-02-01,2025-02-01 00:00:00+00:00,page_title,-6.50887573964497
https://www.barrons.com/livecoverage/stock-market-today-013125/card/gold-consolidates-after-record-high-on-safe-haven-demand-KMuD895fj7kDqASXlbNT,Gold Consolidates After Record High on Safe-Haven Demand,20250201T120000Z,barrons.com,English,,monetary_policy,2025-02-01,2025-02-01 12:00:00+00:00,page_title,-2.85714285714286
https://economictimes.indiatimes.com/news/economy/indicators/no-immediate-upgrade-of-indias-sovereign-rating-moodys/articleshow/117830938.cms,No immediate upgrade of India's sovereign rating: Moody's,20250201T120000Z,indiatimes.com,English,ID,energy,2025-02-01,2025-02-01 12:00:00+00:00,page_title,-6.14754098360656
https://www.eagletribune.com/news/new_hampshire/bill-would-boost-payouts-to-injured-first-responders/article_84bea406-dff5-11ef-a76e-571184a40c98.html,Bill would boost payouts to injured first responders,20250201T180000Z,eagletribune.com,English,US,conflict,2025-02-01,2025-02-01 18:00:00+00:00,page_title,-0.240384615384615
https://beatricedailysun.com/news/local/beatrice-humane-society-building-the-human-animal-bond-in-train-your-dog-month/article_1be11738-e028-11ef-91d8-cb211a20c40f.html,Beatrice Humane Society: Building the human-animal bond in Train Your Dog Month,20250201T180000Z,beatricedailysun.com,English,CH,conflict,2025-02-01,2025-02-01 18:00:00+00:00,page_title,-0.918367346938776
https://www.tbsnews.net/worldbiz/usa/explainer-what-trump-aims-achieve-his-new-tariff-plans-1058346,Explainer: What Trump aims to achieve with his new tariff plans,20250202T060000Z,tbsnews.net,English,US,conflict,2025-02-02,2025-02-02 06:00:00+00:00,page_title,-1.79028132992327
https://www.atlantanewsfirst.com/2025/02/02/trump-says-americans-could-feel-some-pain-his-new-tariffs-that-are-triggering-trade-war/,Trump says Americans could feel 'some pain' from his new tariffs that are triggering a trade war,20250202T180000Z,atlantanewsfirst.com,English,US,energy,2025-02-02,2025-02-02 18:00:00+00:00,page_title,-3.03030303030303
https://www.thedailystar.net/news/bangladesh/politics/news/election-only-way-promptly-implement-state-reforms-tarique-3814606,Election only way to promptly implement state reforms: Tarique,20250202T180000Z,thedailystar.net,English,BG,political_risk,2025-02-02,2025-02-02 18:00:00+00:00,page_title,0.137741046831955
https://www.ketv.com/article/trump-tariffs-trade-war-impact/63642354,Trump says Americans could feel 'some pain' from his new tariffs that are triggering a trade war,20250202T180000Z,ketv.com,English,US,sanctions_trade,2025-02-02,2025-02-02 18:00:00+00:00,page_title,-2.99194476409666
https://www.hindustantimes.com/world-news/us-news/recovery-efforts-in-washington-helicopter-plane-collision-identify-55-of-67-victims-101738534236467.html,Recovery efforts in Washington helicopter plane collision identify 55 of 67 victims,20250203T000000Z,hindustantimes.com,English,US,conflict,2025-02-03,2025-02-03 00:00:00+00:00,page_title,-1.70454545454545
https://www.abcactionnews.com/news/local-news/i-team-investigates/pasco-county-tax-collector-warns-homeowners-about-pitfalls-of-florida-pace-loans,Pasco County Tax Collector warns homeowners about pitfalls of Florida PACE loans,20250204T120000Z,abcactionnews.com,English,US,monetary_policy,2025-02-04,2025-02-04 12:00:00+00:00,page_title,-0.81008100810081
https://www.kelownacapnews.com/national-news/trudeau-hosts-canada-us-economic-summit-during-tariff-threat-pause-7807477,Trudeau hosts Canada-U.S. economic summit during tariff threat pause,20250207T180000Z,kelownacapnews.com,English,CA,sanctions_trade,2025-02-07,2025-02-07 18:00:00+00:00,page_title,0.66577896138482
https://www.wsbtv.com/news/local/atlanta/it-just-keeps-growing-new-bill-aims-tighten-regulations-title-pawn-companies/3KWRHCDK3JGUHNE532N7FCHAMA/,'It just keeps growing': New bill aims to tighten regulations on title pawn companies – WSB-TV Channel 2,20250208T000000Z,wsbtv.com,English,US,monetary_policy,2025-02-08,2025-02-08 00:00:00+00:00,page_title,-3.76940133037694
https://www.capitalfm.co.ke/news/2025/02/orengo-azimio-should-take-rightful-place-as-majority-in-parliament/,Orengo: Azimio should take rightful place as Majority in Parliament,20250209T120000Z,capitalfm.co.ke,English,KE,diplomacy,2025-02-09,2025-02-09 12:00:00+00:00,page_title,0.50251256281407
https://www.newcastleherald.com.au/story/8888102/trump-to-announce-25-per-cent-steel-aluminium-tariffs/,"Trump to announce 25 per cent steel, aluminium tariffs",20250210T060000Z,newcastleherald.com.au,English,CA,diplomacy,2025-02-10,2025-02-10 06:00:00+00:00,page_title,-0.146412884333821
https://www.newyorker.com/magazine/2025/02/17/the-la-chefs-keeping-their-neighbors-fed,The L.A. Chefs Keeping Their Neighbors Fed,20250210T120000Z,newyorker.com,English,US,diplomacy,2025-02-10,2025-02-10 12:00:00+00:00,page_title,-0.443568260226713
https://www.clearwatertimes.com/national-news/trumps-invasion-threats-violate-international-law-canadian-ambassador-7811929,Trump's invasion threats violate international law: Canadian ambassador,20250210T180000Z,clearwatertimes.com,English,FR,conflict,2025-02-10,2025-02-10 18:00:00+00:00,page_title,-1.19047619047619
https://www.aspendailynews.com/associated_press/ap-news-in-brief-at-6-04-p-m-est/article_1b374c29-2d7e-5f2f-b5f9-f461673084da.html,AP News in Brief at 6:04 p.m. EST,20250212T000000Z,aspendailynews.com,English,US,monetary_policy,2025-02-12,2025-02-12 00:00:00+00:00,page_title,-2.72040302267003
https://www.westerntelegraph.co.uk/news/national/24931558.slain-mps-daughter-review-paper-exercise-doesnt-mean-anything/,Slain MP's daughter: Review is paper exercise that doesn't mean anything,20250213T000000Z,westerntelegraph.co.uk,English,UK,conflict,2025-02-13,2025-02-13 00:00:00+00:00,page_title,-2.97142857142857
https://foxrochester.com/news/nation-world/ice-highlights-arrests-of-gang-members-violent-offenders-in-deportation-crackdown-immigration-and-customs-enforcement-raids-arrests-detainers,"ICE highlights arrests of gang members, violent offenders in deportation crackdown",20250213T000000Z,foxrochester.com,English,US,political_risk,2025-02-13,2025-02-13 00:00:00+00:00,page_title,-12.624584717608
https://qns.com/2025/02/queens-lawmakers-con-edison-rate-hike-proposal/,Queens lawmakers rally against Con Edison's 14% rate hike proposal – QNS,20250213T180000Z,qns.com,English,US,diplomacy,2025-02-13,2025-02-13 18:00:00+00:00,page_title,-4.01647785787848
https://www.itnewsafrica.com/2025/02/how-agency-banking-is-transforming-financial-access-in-developing-countries/,How agency banking is transforming financial access in developing countries,20250214T120000Z,itnewsafrica.com,English,GH,political_risk,2025-02-14,2025-02-14 12:00:00+00:00,page_title,1.71330668189606
https://www.mymotherlode.com/news/world/3524700/hungarys-orban-predicts-trump-will-bring-russia-back-into-western-fold-after-end-of-ukraine-war.html,Hungary's Orbán predicts Trump will bring Russia back into Western fold after end of Ukraine war,20250214T120000Z,mymotherlode.com,English,HU,energy,2025-02-14,2025-02-14 12:00:00+00:00,page_title,-1.77777777777778
https://www.news4jax.com/news/politics/2025/02/14/trump-creates-council-for-energy-dominance-boosts-natural-gas-exports-and-offshore-drilling/,"Trump creates council for 'energy dominance,' boosts natural gas exports and offshore drilling",20250215T000000Z,news4jax.com,English,US,energy,2025-02-15,2025-02-15 00:00:00+00:00,page_title,0.986842105263157
https://www.milfordmercury.co.uk/news/national/24938111.white-south-africans-gather-support-trump-amid-claims-racism/,White South Africans gather in support of Trump amid claims of racism,20250215T120000Z,milfordmercury.co.uk,English,NL,political_risk,2025-02-15,2025-02-15 12:00:00+00:00,page_title,-3.60531309297913
http://jordantimes.com/news/world/ukraine-peace-only-possible-if-sovereignty-secured-scholz,Ukraine peace only possible if 'sovereignty secured'-- Scholz,20250216T000000Z,jordantimes.com,English,GM,diplomacy,2025-02-16,2025-02-16 00:00:00+00:00,page_title,1.06761565836299
https://dunyanews.tv/en/World/868531-austria-says-stabbing-attack-suspect-swore-allegiance-to-islamic-state,Austria says stabbing attack suspect swore allegiance to Islamic State,20250216T180000Z,dunyanews.tv,English,AU,diplomacy,2025-02-16,2025-02-16 18:00:00+00:00,page_title,-8.69565217391304
https://www.edenmagnet.com.au/story/8894857/climate-risk-main-reason-premiums-are-rising-insurers/?cs=9676,Climate risk main reason premiums are rising: insurers,20250217T120000Z,edenmagnet.com.au,English,AS,diplomacy,2025-02-17,2025-02-17 12:00:00+00:00,page_title,-4.91803278688525
https://www.sanjuanjournal.com/news/town-workers-file-for-mediation/,Town workers file for mediation | The Journal of the San Juan Islands,20250218T000000Z,sanjuanjournal.com,English,US,diplomacy,2025-02-18,2025-02-18 00:00:00+00:00,page_title,-4.64547677261614
https://www.currencynews.co.uk/forecast/20250217-42381_pound-to-euro-today-gbp-eur-exchange-rate-trapped-in-range-ahead-of-uk-jobs-data.html,"Pound to Euro Today: GBP/EUR Rate ""Trapped in Range"" Ahead of UK Jobs Data",20250218T000000Z,currencynews.co.uk,English,GM,monetary_policy,2025-02-18,2025-02-18 00:00:00+00:00,page_title,-0.216919739696313
https://www.insidermonkey.com/blog/why-walgreens-boots-alliance-wba-is-climbing-today-1456552/,Why Walgreens Boots Alliance (WBA) Is Climbing Today,20250218T180000Z,insidermonkey.com,English,,diplomacy,2025-02-18,2025-02-18 18:00:00+00:00,page_title,0.335570469798657
https://www.cidrap.umn.edu/resilient-drug-supply/report-improving-oxygen-access-pandemic-preparedness-could-save-millions,"Report: Improving oxygen access, pandemic preparedness could save millions of lives",20250219T000000Z,umn.edu,English,RP,diplomacy,2025-02-19,2025-02-19 00:00:00+00:00,page_title,-1.85185185185185
https://www.smartcitiesdive.com/news/pennsylvania-shapiro-sues-trump-administration-funding-freeze/740221/,"Pennsylvania Gov. Shapiro sues Trump administration, citing frozen IRA funding",20250219T120000Z,smartcitiesdive.com,English,US,monetary_policy,2025-02-19,2025-02-19 12:00:00+00:00,page_title,-2.87443267776097
https://www.norfolkandtillsonburgnews.com/news/ontario-election/doug-ford-bonnie-crombie-marit-stiles-ontario-election-poll,Doug Ford carries commanding lead with election a week and a half away,20250219T120000Z,norfolkandtillsonburgnews.com,English,CA,political_risk,2025-02-19,2025-02-19 12:00:00+00:00,page_title,0.792079207920792
https://www.kunc.org/npr-news/2025-02-19/trump-claims-expanded-power-over-independent-agencies,Trump claims expanded power over independent agencies,20250219T180000Z,kunc.org,English,US,political_risk,2025-02-19,2025-02-19 18:00:00+00:00,page_title,1.48148148148148
https://dailypost.ng/2025/02/19/russia-hails-trump-for-saying-nato-was-a-major-cause-of-war-in-ukraine/,Russia hails Trump for saying NATO was a major cause of war in Ukraine,20250219T180000Z,dailypost.ng,English,RS,conflict,2025-02-19,2025-02-19 18:00:00+00:00,page_title,-1.05263157894737
https://www.hot97.com/news/tyler-the-creator-calls-aap-rockys-accuser-a-jealous-bum/,"Tyler, The Creator Calls A$AP Rocky's Accuser A 'Jealous Bum'",20250221T000000Z,hot97.com,English,,conflict,2025-02-21,2025-02-21 00:00:00+00:00,page_title,-1.30548302872063
https://forextv.com/teva-and-alvotech-announce-selarsdi-ustekinumab-aekn-injection-now-available-in-the-u-s/,Teva and Alvotech Announce SELARSDI™ (ustekinumab-aekn) Injection Now Available in the U.S.,20250221T120000Z,forextv.com,English,CH,monetary_policy,2025-02-21,2025-02-21 12:00:00+00:00,page_title,-2.99500831946755
https://6abc.com/post/james-beard-foundations-taste-america-returns-philadelphia/15942174/,James Beard Foundation's 'Taste America' returns to Philadelphia,20250222T060000Z,6abc.com,English,US,energy,2025-02-22,2025-02-22 06:00:00+00:00,page_title,5.40540540540541
https://www.modernreaders.com/news/2025/02/23/spdr-gold-minishares-trust-nysearcagldm-shares-sold-by-forvis-mazars-wealth-advisors-llc.html,SPDR Gold MiniShares Trust (NYSEARCA:GLDM) Shares Sold by Forvis Mazars Wealth Advisors LLC,20250223T120000Z,modernreaders.com,English,UK,diplomacy,2025-02-23,2025-02-23 12:00:00+00:00,page_title,9.07372400756144
https://us105fm.com/ixp/174/p/gas-prices-texas-going-up/,Gas Prices in Texas Going Up,20250224T000000Z,us105fm.com,English,US,energy,2025-02-24,2025-02-24 00:00:00+00:00,page_title,-1.35135135135135
https://www.theamericanconservative.com/we-can-and-should-negotiate-with-putin/,"We Can, and Should, Negotiate with Putin",20250224T060000Z,theamericanconservative.com,English,RS,political_risk,2025-02-24,2025-02-24 06:00:00+00:00,page_title,-2.61011419249592
https://www.weirtondailytimes.com/news/local-news/2025/02/local-brief-105/,"Local Brief | News, Sports, Jobs - Weirton Daily Times",20250226T120000Z,weirtondailytimes.com,English,,conflict,2025-02-26,2025-02-26 12:00:00+00:00,page_title,-6.25
https://www.nsnews.com/national-news/ontario-election-party-leaders-making-multiple-stops-on-last-full-day-of-campaigning-10288265,Ontario election: Party leaders making multiple stops on last full day of campaigning,20250226T120000Z,nsnews.com,English,CA,political_risk,2025-02-26,2025-02-26 12:00:00+00:00,page_title,1.31578947368421
https://www.heraldextra.com/news/local/2025/feb/27/provo-school-district-approves-70m-in-bonds-to-complete-timpview-rebuild-new-dixon-site-preparations/,"Provo School District OKs $70M in bonds to complete Timpview rebuild, new Dixon site preparations | News, Sports, Jobs",20250227T180000Z,heraldextra.com,English,,political_risk,2025-02-27,2025-02-27 18:00:00+00:00,page_title,0.413793103448276
https://www.yahoo.com/news/kept-dark-inside-providence-schools-113000405.html,Kept in the Dark: Inside the Providence Schools Ransomware Attack,20250303T120000Z,yahoo.com,English,US,conflict,2025-03-03,2025-03-03 12:00:00+00:00,page_title,-3.62622036262204
https://www.marketscreener.com/quote/stock/MICRON-TECHNOLOGY-INC-13639/news/Pomerantz-Law-Firm-Announces-the-Filing-of-a-Class-Action-Against-Micron-Technology-Inc-and-Certai-49220732/,"Pomerantz Law Firm Announces the Filing of a Class Action Against Micron Technology, Inc. and Certain Officers - MU",20250303T180000Z,marketscreener.com,English,US,political_risk,2025-03-03,2025-03-03 18:00:00+00:00,page_title,-2.4896265560166
https://www.thetimes.com/comment/columnists/article/how-zelensky-misread-trumps-white-house-zmzswfc79,How Zelensky misread Trump's White House,20250303T180000Z,thetimes.com,English,US,political_risk,2025-03-03,2025-03-03 18:00:00+00:00,page_title,-1.54772141014617
https://981thehawk.com/traffic-stop-etiquette/,Staying Cool During Traffic Stops: What New Yorkers Need to Know,20250304T180000Z,981thehawk.com,English,US,conflict,2025-03-04,2025-03-04 18:00:00+00:00,page_title,-1.22199592668025
https://www.kwit.org/2025-03-04/follow-nprs-annotated-fact-check-of-president-trumps-address-to-congress,Follow NPR's annotated fact check of President Trump's address to Congress,20250305T060000Z,kwit.org,English,US,conflict,2025-03-05,2025-03-05 06:00:00+00:00,page_title,-2.57775884107371
https://www.perthnow.com.au/politics/wa-premier-faces-big-test-despite-labor-dominance-c-17941538,WA premier faces 'big test' despite Labor dominance,20250306T060000Z,perthnow.com.au,English,AS,political_risk,2025-03-06,2025-03-06 06:00:00+00:00,page_title,1.36986301369863
https://www.eastlothiancourier.com/news/national/24985522.court-overturns-convictions-tiananmen-square-vigil-organisers/,Court overturns convictions of Tiananmen Square vigil organisers,20250306T060000Z,eastlothiancourier.com,English,CH,diplomacy,2025-03-06,2025-03-06 06:00:00+00:00,page_title,-3.45679012345679
https://www.crookwellgazette.com.au/story/8911443/wa-polls-set-to-open-as-labor-closes-in-on-third-term/?cs=14264,WA polls set to open as Labor closes in on third term,20250307T180000Z,crookwellgazette.com.au,English,AS,diplomacy,2025-03-07,2025-03-07 18:00:00+00:00,page_title,0.465116279069767
https://www.samaa.tv/2087330097-us-deports-pakistani-national-over-national-security-concerns,US deports Pakistani national over national security concerns,20250308T180000Z,samaa.tv,English,US,conflict,2025-03-08,2025-03-08 18:00:00+00:00,page_title,-6.72782874617737
https://kathmandupost.com/sudurpaschim-province/2025/03/10/boy-dies-in-house-fire-in-jajarkot,Boy dies in house fire in Jajarkot,20250310T060000Z,kathmandupost.com,English,,conflict,2025-03-10,2025-03-10 06:00:00+00:00,page_title,-4.08163265306122
https://www.wkrb13.com/2025/03/11/mcintyre-freedman-flynn-investment-advisers-inc-has-2-18-million-stock-position-in-schlumberger-limited-nyseslb.html,Mcintyre Freedman & Flynn Investment Advisers Inc. Has $2.18 Million Stock Position in Schlumberger Limited (NYSE:SLB),20250311T120000Z,wkrb13.com,English,US,energy,2025-03-11,2025-03-11 12:00:00+00:00,page_title,1.52027027027027
https://www.mirror.co.uk/money/new-tv-licence-rules-update-34835623,New TV licence rules update for people who watch streaming services,20250311T120000Z,mirror.co.uk,English,UK,monetary_policy,2025-03-11,2025-03-11 12:00:00+00:00,page_title,1.46412884333821
https://www.philstar.com/headlines/2025/03/11/2427648/what-we-know-about-ex-president-dutertes-arrest,What we know about ex-president Duterte's arrest,20250311T120000Z,philstar.com,English,RP,diplomacy,2025-03-11,2025-03-11 12:00:00+00:00,page_title,-5.94405594405594
https://www.thestar.com.my/tech/tech-news/2025/03/12/brazil-eyes-revisiting-fintech-reporting-rules-amid-money-laundering-concerns,Brazil eyes revisiting fintech reporting rules amid money laundering concerns,20250311T180000Z,thestar.com.my,English,BR,political_risk,2025-03-11,2025-03-11 18:00:00+00:00,page_title,-4.18410041841004
https://legalinsurrection.com/2025/03/zeldin-ends-bidens-20-billion-epa-gold-bar-grants/,Zeldin Ends Biden's $20 Billion EPA 'Gold Bar' Grants,20250312T180000Z,legalinsurrection.com,English,US,diplomacy,2025-03-12,2025-03-12 18:00:00+00:00,page_title,-1.17302052785924
https://www.channel3000.com/news/national-and-world-news/trouble-in-the-arctic-an-engineering-marvel-why-democrats-are-frustrated-catch-up-on-the/article_d2849f0c-0c5e-5529-b147-ee3183b95700.html,"Trouble in the Arctic, an engineering marvel, why Democrats are frustrated: Catch up on the day's stories | National and World News",20250313T000000Z,channel3000.com,English,US,monetary_policy,2025-03-13,2025-03-13 00:00:00+00:00,page_title,-1.22511485451761
https://www.inewsgr.com/184/Tasoulas-Takes-Helm-New-President-set-to-be-Sworn-In.htm,Tasoulas Takes Helm: New President set to be Sworn In,20250313T060000Z,inewsgr.com,English,GR,political_risk,2025-03-13,2025-03-13 06:00:00+00:00,page_title,1.87265917602996
https://www.redlandsdailyfacts.com/2025/03/13/iran-us-tensions-trump-khamenei/,What to know about tensions between Iran and the US,20250313T120000Z,redlandsdailyfacts.com,English,IR,diplomacy,2025-03-13,2025-03-13 12:00:00+00:00,page_title,-2.275600505689
https://torontosun.com/news/national/trade-war-turmoil-topples-canadas-main-financial-market-from-its-all-time-high,Trade war turmoil topples Canada's financial market from all-time high,20250314T180000Z,torontosun.com,English,CA,sanctions_trade,2025-03-14,2025-03-14 18:00:00+00:00,page_title,-1.89873417721519
https://www.examiner.com.au/story/8917492/greenland-vote-buoys-australian-rare-earth-miner/,Greenland vote buoys Australian rare earth miner,20250315T000000Z,examiner.com.au,English,AS,diplomacy,2025-03-15,2025-03-15 00:00:00+00:00,page_title,-0.13351134846462
https://mb.com.ph/2025/3/16/criminal-gang-leader-nabbed-in-quezon,Criminal gang leader nabbed in Quezon,20250316T060000Z,mb.com.ph,English,RP,conflict,2025-03-16,2025-03-16 06:00:00+00:00,page_title,-7.69230769230769
https://aninews.in/news/world/europe/rights-groups-stage-protest-against-chinas-proposed-mega-embassy-in-london20250316133506/,"Rights groups stage protest against China's proposed ""mega-embassy"" in London",20250316T120000Z,aninews.in,English,CH,conflict,2025-03-16,2025-03-16 12:00:00+00:00,page_title,-7.83132530120482
https://english.news.cn/europe/20250317/a6d40e8416444dd092ff39c9790d7d86/c.html,Russia seeks security guarantees in Ukraine peace deal: official-Xinhua,20250317T060000Z,english.news.cn,English,RS,diplomacy,2025-03-17,2025-03-17 06:00:00+00:00,page_title,-1.47058823529412
https://jamaica-gleaner.com/article/commentary/20250318/editorial-no-travel-threat,Editorial | No to travel threat,20250318T060000Z,jamaica-gleaner.com,English,US,political_risk,2025-03-18,2025-03-18 06:00:00+00:00,page_title,-0.808625336927224
https://aninews.in/news/world/asia/pakistan-baloch-yakjehti-committee-confirms-identities-of-11-disappeared-individuals20250319151549/,Pakistan: Baloch Yakjehti Committee confirms identities of 11 disappeared individuals,20250319T120000Z,aninews.in,English,PK,conflict,2025-03-19,2025-03-19 12:00:00+00:00,page_title,-9.35483870967742
https://www.rttnews.com/3522781/continued-support-called-for-south-korea-shares.aspx,Continued Support Called For South Korea Shares,20250320T000000Z,rttnews.com,English,KS,monetary_policy,2025-03-20,2025-03-20 00:00:00+00:00,page_title,0.428265524625268
https://news.az/news/asia-stocks-rise-after-fed-hold-china-hit-by-tech-profit-taking,Asia stocks rise after Fed hold; China hit by tech profit-taking,20250320T060000Z,news.az,English,CH,monetary_policy,2025-03-20,2025-03-20 06:00:00+00:00,page_title,1.93423597678917
https://asia.nikkei.com/Business/Markets/Currencies/Indonesia-s-rupiah-hits-lowest-level-since-Asian-financial-crisis,Indonesia's rupiah hits lowest level since Asian financial crisis,20250325T120000Z,nikkei.com,English,ID,conflict,2025-03-25,2025-03-25 12:00:00+00:00,page_title,-1.63934426229508
https://www.readingeagle.com/2025/03/25/us-consumer-confidence-low/,US consumer confidence tumbles to a 12-year low,20250325T180000Z,readingeagle.com,English,US,monetary_policy,2025-03-25,2025-03-25 18:00:00+00:00,page_title,-1.13378684807256
https://www.newsminer.com/opinion/editorials/as-federal-bloat-shrinks-alaskans-feel-the-bite/article_5587710b-1f4a-4de4-b376-3d47f8736bff.html,"As federal bloat shrinks, Alaskans feel the bite",20250326T180000Z,newsminer.com,English,US,conflict,2025-03-26,2025-03-26 18:00:00+00:00,page_title,-1.09289617486339
https://economictimes.indiatimes.com/news/defence/encounter-breaks-out-between-security-forces-naxalites-in-chhattisgarhs-sukma-district/articleshow/119689441.cms,"Encounter breaks out between security forces, Naxalites in Chhattisgarh's Sukma district",20250329T060000Z,indiatimes.com,English,,conflict,2025-03-29,2025-03-29 06:00:00+00:00,page_title,-2.0
https://www.kenw.org/npr-news/2025-03-29/startup-founder-convicted-of-defrauding-jpmorgan-chase-of-175m-by-faking-firms-success,Startup founder convicted of defrauding JPMorgan Chase of $175M by faking firm's success,20250329T180000Z,kenw.org,English,US,political_risk,2025-03-29,2025-03-29 18:00:00+00:00,page_title,-4.19235511713933
https://www.fitzhugh.ca/national-news/carney-promises-home-building-program-poilievre-pitches-national-energy-corridor-10456791,"Carney promises home building program, Poilievre pitches national energy corridor",20250401T000000Z,fitzhugh.ca,English,CA,energy,2025-04-01,2025-04-01 00:00:00+00:00,page_title,-1.34436401240951
https://nypost.com/2025/03/31/entertainment/roger-daltrey-the-who-frontman-going-deaf-and-blind-at-81/,"Roger Daltrey, The Who frontman, going deaf and blind at 81",20250401T000000Z,nypost.com,English,UK,conflict,2025-04-01,2025-04-01 00:00:00+00:00,page_title,-1.02960102960103
https://finance.yahoo.com/news/wall-street-doubles-us-recession-180027266.html,Wall Street doubles US recession risk as Trump tariffs loom,20250402T060000Z,yahoo.com,English,US,monetary_policy,2025-04-02,2025-04-02 06:00:00+00:00,page_title,-3.28827183047132
https://biztoc.com/x/216da29adf163081,Nintendo Ups its Game With Launch of the New Switch 2,20250402T180000Z,biztoc.com,English,,sanctions_trade,2025-04-02,2025-04-02 18:00:00+00:00,page_title,-14.2857142857143
https://infotel.ca/newsitem/world-briefly/cp1973935041,AP News in Brief at 6:04 a.m. EDT | iNFOnews | Thompson-Okanagan's News Source,20250405T120000Z,infotel.ca,English,US,energy,2025-04-05,2025-04-05 12:00:00+00:00,page_title,-3.06873977086743
https://www.thecable.ng/reclaiming-nnpc-a-necessary-reset-to-rescue-nigerias-oil-industry/,Reclaiming NNPC: A necessary reset to rescue Nigeria's oil industry,20250405T180000Z,thecable.ng,English,NI,energy,2025-04-05,2025-04-05 18:00:00+00:00,page_title,-5.76923076923077
https://fox17.com/news/nation-world/trump-and-netanyahu-to-meet-at-white-house-on-monday-to-discuss-gaza-tariffs-and-more-donald-trump-washington-dc-international-news-israel-hamas-war-palestine-palestinians-ceasefire-hezbio,"Trump and Netanyahu to meet at White House on Monday to discuss Gaza, tariffs and more",20250406T000000Z,fox17.com,English,IS,diplomacy,2025-04-06,2025-04-06 00:00:00+00:00,page_title,-7.48730964467005
https://www.yahoo.com/news/coventry-future-business-leaders-action-035900407.html,Coventry's future business leaders in action,20250406T060000Z,yahoo.com,English,US,political_risk,2025-04-06,2025-04-06 06:00:00+00:00,page_title,5.66037735849057
https://www.broadwayworld.com/bwwdance/article/Review-The-Royal-Winnipeg-Ballets-JEKYLL-AND-HYDE-at-National-Arts-Centre-20250406,Review: The Royal Winnipeg Ballet's JEKYLL AND HYDE at Ottawa's National Arts Centre,20250406T180000Z,broadwayworld.com,English,CA,conflict,2025-04-06,2025-04-06 18:00:00+00:00,page_title,1.39130434782609
https://www.illawarramercury.com.au/story/8936311/horror-crash-on-nsw-m1-motorway-near-nabiac-claims-two-lives/,Horror crash on NSW M1 motorway near Nabiac claims two lives | Illawarra Mercury,20250407T060000Z,illawarramercury.com.au,English,AS,conflict,2025-04-07,2025-04-07 06:00:00+00:00,page_title,-3.19767441860465
https://www.newsday.co.zw/opinion-analysis/article/200040520/what-if-zimbabwe-pegged-its-currency-to-btc-forex-take,What If Zimbabwe Pegged Its Currency to BTC? Forex Take -Newsday Zimbabwe,20250408T000000Z,newsday.co.zw,English,ES,monetary_policy,2025-04-08,2025-04-08 00:00:00+00:00,page_title,-2.01492537313433
https://650keni.iheart.com/content/2025-04-07-man-arrested-for-trapping-elderly-woman-in-her-car-for-days/,Man Arrested For Trapping Elderly Woman In Her Car For Days,20250408T000000Z,iheart.com,English,US,conflict,2025-04-08,2025-04-08 00:00:00+00:00,page_title,-11.1801242236025
https://www.northbaynipissing.com/news/ontario-lost-28-000-jobs-in-march-marking-first-significant-rise-in-unemployment-rate-since/article_4e5ba0ea-2ba7-5660-8edc-a9aed165c512.html,Ontario's unemployment rate rises in Ontario,20250408T180000Z,northbaynipissing.com,English,CA,monetary_policy,2025-04-08,2025-04-08 18:00:00+00:00,page_title,-3.53430353430353
https://www.businesspost.ie/news/revealed-1681-us-products-facing-eu-tariffs-in-transatlantic-trade-war/,"Revealed: 1,681 US products facing EU tariffs in transatlantic trade war",20250409T120000Z,businesspost.ie,English,,sanctions_trade,2025-04-09,2025-04-09 12:00:00+00:00,page_title,-1.47058823529412
https://www.thedp.com/article/2025/04/penn-julian-abele-first-black-graduate-architecture-department,"Meet Julian Francis Abele, the first Black graduate of Penn's architecture department",20250411T060000Z,thedp.com,English,US,conflict,2025-04-11,2025-04-11 06:00:00+00:00,page_title,2.66666666666667
https://www.pentictonherald.ca/entertainment/national_entertainment/article_5963a949-f217-5fd1-8288-e4c87d546a0e.html,McKinney hits the mark with Carney impression on 'This Hour Has 22 Minutes',20250411T120000Z,pentictonherald.ca,English,CA,political_risk,2025-04-11,2025-04-11 12:00:00+00:00,page_title,1.11287758346582
https://www.mediaite.com/tv/jimmy-kimmel-torches-trump-over-escalating-trade-war-with-china-calling-out-numbers-like-hes-working-a-bingo-hopper/,Jimmy Kimmel Rips Trump Over Escalating Trade War With China,20250412T000000Z,mediaite.com,English,CH,sanctions_trade,2025-04-12,2025-04-12 00:00:00+00:00,page_title,-1.54440154440154
https://www.thecourier.com.au/story/8935201/stay-at-the-tamborine-boutique-hotel-in-the-gold-coast-hinterland/,Stay at the Tamborine Boutique Hotel in the Gold Coast hinterland | The Courier,20250414T000000Z,thecourier.com.au,English,AS,conflict,2025-04-14,2025-04-14 00:00:00+00:00,page_title,3.96600566572238
https://www.mymotherlode.com/news/world/3762252/home-to-centuries-of-heritage-sudans-biggest-museum-is-looted-and-wrecked-by-a-2-year-war.html,"Home to centuries of heritage, Sudan's biggest museum is looted and wrecked by a 2-year war",20250414T060000Z,mymotherlode.com,English,EG,conflict,2025-04-14,2025-04-14 06:00:00+00:00,page_title,-6.72703751617076
https://www.khabaragency.net/news230732.html,US issues new sanctions targeting Chinese importers of Iranian oil,20250417T000000Z,khabaragency.net,English,US,energy,2025-04-17,2025-04-17 00:00:00+00:00,page_title,-4.33962264150943
https://www.rfa.org/english/southchinasea/2025/04/17/south-chia-sea-west-philippines-google-maps/,"Beijing, Manila at odds over Google Maps update on South China Sea",20250417T060000Z,rfa.org,English,RP,energy,2025-04-17,2025-04-17 06:00:00+00:00,page_title,-1.78282009724473
https://www.thetimes-tribune.com/2025/04/18/marijuana-legalization/,Marijuana legalization hits roadblocks after years of expansion,20250418T180000Z,thetimes-tribune.com,English,US,political_risk,2025-04-18,2025-04-18 18:00:00+00:00,page_title,-0.918554807103491
https://www.newsweek.com/donald-trump-issues-warning-china-over-cheating-around-tariffs-2062015,Donald Trump Issues Warning to China Over 'Cheating' Around Tariffs,20250421T120000Z,newsweek.com,English,CH,sanctions_trade,2025-04-21,2025-04-21 12:00:00+00:00,page_title,-2.30073952341824
https://www.marketpulse.com/news/australian-dollar-climbs-china-holds-key-lending-rates/,"Australian dollar climbs, China holds key lending rates",20250421T180000Z,marketpulse.com,English,AS,sanctions_trade,2025-04-21,2025-04-21 18:00:00+00:00,page_title,-2.08333333333333
https://www.prokerala.com/news/articles/a1628771.html,Pahalgam terror attack: Muslim community protests wearing black bands; demands strict action,20250425T120000Z,prokerala.com,English,IN,conflict,2025-04-25,2025-04-25 12:00:00+00:00,page_title,-4.29447852760736
https://www.thewhig.com:443/opinion/columnists/a-plague-of-plastic,A plague of plastic | The Kingston Whig Standard,20250425T180000Z,thewhig.com,English,CA,energy,2025-04-25,2025-04-25 18:00:00+00:00,page_title,0.28436018957346
https://makezine.com/projects/electronics-fun-fundamentals-an-electronic-safe/,Electronics Fun & Fundamentals: An Electronic Safe,20250425T180000Z,makezine.com,English,US,conflict,2025-04-25,2025-04-25 18:00:00+00:00,page_title,-0.370599135268685
https://www.independent.ie/irish-news/three-people-arrested-after-thousands-gathered-for-protests-in-dublin-city-centre/a1264985294.html,Three people arrested after thousands gathered for protests in Dublin city centre,20250427T120000Z,independent.ie,English,EI,conflict,2025-04-27,2025-04-27 12:00:00+00:00,page_title,-3.92156862745098
https://en.trend.az/business/4036587.html,Azerbaijani minister portrays private sector-run employment contracts,20250428T120000Z,en.trend.az,English,AJ,conflict,2025-04-28,2025-04-28 12:00:00+00:00,page_title,0.757575757575758
https://twitchy.com/grateful-calvin/2025/04/28/jb-pritzker-republicans-cannot-know-a-moment-of-peace-n2412012,The Party of Tolerance Strikes Again: Pritzker Says 'Republicans Cannot Know a Moment of Peace',20250429T000000Z,twitchy.com,English,US,conflict,2025-04-29,2025-04-29 00:00:00+00:00,page_title,-3.23599052880821
https://www.thestranger.com/stranger-suggests/2025/04/30/80037120/stranger-suggests-todays-hardest-hitting-rap-outfit-the-return-of-a-seattle-treasure-and-allllll-the-may-day-protests,"Stranger Suggests: Today's Hardest-Hitting Rap Outfit, the Return of a Seattle Treasure, and ALLLLLL the May Day Protests",20250501T000000Z,thestranger.com,English,US,political_risk,2025-05-01,2025-05-01 00:00:00+00:00,page_title,1.84645286686103
https://www.manilatimes.net/2025/05/01/tmt-newswire/globenewswire/kirby-corporation-announces-2025-first-quarter-results/2103705,Kirby Corporation Announces 2025 First Quarter Results,20250501T120000Z,manilatimes.net,English,US,monetary_policy,2025-05-01,2025-05-01 12:00:00+00:00,page_title,-0.729442970822281
https://kansaspublicradio.org/npr-news/2025-05-01/new-congressional-district-gives-voice-to-black-voters-in-alabama,New congressional district gives voice to Black voters in Alabama,20250501T120000Z,kansaspublicradio.org,English,US,political_risk,2025-05-01,2025-05-01 12:00:00+00:00,page_title,-1.01694915254237
https://www.fox35orlando.com/news/may-day-protests-thousands-nationwide-expected-rally-over-workers-immigrants-rights,"May Day protests: Trump's policies targeting immigrants, federal workers and diversity spark movement",20250501T180000Z,fox35orlando.com,English,US,diplomacy,2025-05-01,2025-05-01 18:00:00+00:00,page_title,-1.89003436426117
https://www.timesleaderonline.com/news/business/2025/05/employers-added-a-surprising-177000-jobs-as-job-market-shows-resilience-unemployment-stays-at-4-2/,"Employers added a surprising 177,000 jobs as job  market shows resilience; Unemployment stays at 4.2% | News, Sports, Jobs",20250504T060000Z,timesleaderonline.com,English,US,monetary_policy,2025-05-04,2025-05-04 06:00:00+00:00,page_title,-3.44827586206897
https://www.mendocinobeacon.com/2025/05/05/vatican-conclave-lobby/,"Dinner parties, listening and lobbying. What goes on behind closed doors to elect a pope",20250505T180000Z,mendocinobeacon.com,English,IT,political_risk,2025-05-05,2025-05-05 18:00:00+00:00,page_title,1.31455399061033
https://www.manilatimes.net/2025/05/07/tmt-newswire/globenewswire/hydrograph-ceo-to-speak-at-prestigious-hemispheric-security-conference-and-lead-may-investor-roundtable/2107736,HydroGraph CEO to Speak at Prestigious Hemispheric Security Conference and Lead May Investor Roundtable,20250507T120000Z,manilatimes.net,English,CA,monetary_policy,2025-05-07,2025-05-07 12:00:00+00:00,page_title,1.58924205378973
https://en.trend.az/business/4041294.html,Air Astana halts services following India-Pakistan airspace disruption,20250508T060000Z,en.trend.az,English,IN,conflict,2025-05-08,2025-05-08 06:00:00+00:00,page_title,-3.87596899224806
https://www.globalsecurity.org/military/library/news/2025/05/mil-250507-estonia-mfa01.htm,Foreign Minister Tsahkna in Washington: The Kremlin understands only the language of strength and action,20250508T120000Z,globalsecurity.org,English,RS,diplomacy,2025-05-08,2025-05-08 12:00:00+00:00,page_title,2.32558139534884
https://www.somersetcountygazette.co.uk/news/national/25152820.mandelson-looking-forward-bringing-us-tariffs/,Mandelson 'looking forward' to bringing down more US tariffs,20250510T000000Z,somersetcountygazette.co.uk,English,UK,sanctions_trade,2025-05-10,2025-05-10 00:00:00+00:00,page_title,0.952380952380952
https://www.ufosightingsdaily.com/search/label/Russian,UFO Sightings Daily: Russian,20250510T060000Z,ufosightingsdaily.com,English,CH,conflict,2025-05-10,2025-05-10 06:00:00+00:00,page_title,0.0
https://www.scoop.co.nz/stories/WO2505/S00140/thailand-protect-unaccompanied-refugee-children-provide-legal-status-prevent-detention.htm,"Thailand: Protect Unaccompanied Refugee Children, Provide Legal Status, Prevent Detention",20250511T120000Z,scoop.co.nz,English,TH,conflict,2025-05-11,2025-05-11 12:00:00+00:00,page_title,-2.72
https://salinapost.com/posts/f1583b6e-4005-434e-a394-15ec18eabdcb,Markets soar following a 90-day truce in the US-China trade war,20250513T000000Z,salinapost.com,English,SZ,energy,2025-05-13,2025-05-13 00:00:00+00:00,page_title,-0.052910052910053
https://www.lebanondemocrat.com/maconcounty/news/national/european-stocks-dollar-steady-after-china-us-truce-rally/article_4fc51a0a-8639-563c-98c7-ece2ae1de41c.html,"European stocks, dollar steady after China-US truce rally",20250513T120000Z,lebanondemocrat.com,English,CH,energy,2025-05-13,2025-05-13 12:00:00+00:00,page_title,-0.193798449612403
https://thesun.ng/breaking-court-admits-ex-president-jonathans-aides-death-certificate-in-nnamdi-kanus-trial/,BREAKING: Court admits ex-President Jonathan's aide's death certificate in Nnamdi Kanu's trial  – The Sun Nigeria,20250514T120000Z,thesun.ng,English,NI,conflict,2025-05-14,2025-05-14 12:00:00+00:00,page_title,-2.24215246636771
https://kfyr.iheart.com/content/2025-05-15-trump-reveals-why-he-believes-putin-skipped-peace-talks-with-ukraine/,Trump Reveals Why He Believes Putin Skipped Peace Talks With Ukraine,20250515T180000Z,iheart.com,English,RS,diplomacy,2025-05-15,2025-05-15 18:00:00+00:00,page_title,-0.25974025974026
https://www.stourbridgenews.co.uk/news/national/25170666.youngsters-focus-sturgeon-hits-campaign-trail-ahead-by-election/,Youngsters the focus as Sturgeon hits campaign trail ahead of by-election,20250517T060000Z,stourbridgenews.co.uk,English,UK,political_risk,2025-05-17,2025-05-17 06:00:00+00:00,page_title,-3.02375809935205
https://www.portnews.com.au/story/8969990/sustained-rain-and-strong-winds-threaten-coastal-towns/,Sustained rain and strong winds threaten coastal towns,20250519T000000Z,portnews.com.au,English,AS,conflict,2025-05-19,2025-05-19 00:00:00+00:00,page_title,-3.09050772626932
https://organiser.org/2025/05/20/293103/world/russia-bans-amnesty-for-russophobia-action-validates-indian-concerns-led-to-halting-operations-in-india/,Russia bans Amnesty for Russophobia & Pro-Ukraine,20250521T060000Z,organiser.org,English,RS,conflict,2025-05-21,2025-05-21 06:00:00+00:00,page_title,-7.21393034825871
https://www.local10.com/business/2025/05/21/industry-leaders-urge-senate-to-protect-against-ai-deepfakes-with-no-fakes-act/,Industry leaders urge Senate to protect against AI deepfakes with No Fakes Act,20250522T000000Z,local10.com,English,US,conflict,2025-05-22,2025-05-22 00:00:00+00:00,page_title,0.499168053244593
https://www.forexlive.com/news/japans-mimura-says-japan-us-did-not-discuss-fx-levels-at-finance-ministers-meeting-20250522/,"Japan's Mimura says Japan, US did not discuss FX levels at finance ministers' meeting",20250522T060000Z,forexlive.com,English,JA,monetary_policy,2025-05-22,2025-05-22 06:00:00+00:00,page_title,0.0
https://www.foxcarolina.com/2025/05/22/taxes-salaries-vacancy-cuts-make-plain-differences-over-rival-north-carolina-gop-budgets/,"Taxes, salaries, vacancy cuts make plain differences over rival North Carolina GOP budgets",20250522T060000Z,foxcarolina.com,English,US,monetary_policy,2025-05-22,2025-05-22 06:00:00+00:00,page_title,-3.32950631458094
https://www.kbtx.com/2025/05/22/house-republicans-pass-trumps-big-bill-tax-breaks-program-cuts-after-all-night-session/,House Republicans pass Trump's big bill of tax breaks and program cuts after all-night session,20250522T120000Z,kbtx.com,English,US,monetary_policy,2025-05-22,2025-05-22 12:00:00+00:00,page_title,-4.04217926186292
https://news.az/news/chinese-fm-to-attend-signing-of-intl-mediation-organization-agreement-in-hong-kong,Chinese FM to attend signing of Int'l Mediation Organization Agreement in Hong Kong,20250522T120000Z,news.az,English,US,diplomacy,2025-05-22,2025-05-22 12:00:00+00:00,page_title,2.93453724604966
https://www.novinite.com/view_news.php?id=232456,Calm Ahead of Eurozone Milestone: Central Bank Governor on Bulgaria's Convergence Report Process - Novinite.com,20250523T000000Z,novinite.com,English,BU,monetary_policy,2025-05-23,2025-05-23 00:00:00+00:00,page_title,-0.355871886120996
https://www.iefimerida.gr/english/greece-leads-un-push-protect-civilians-conflict,Greece Leads UN Push to Protect Civilians in Conflict,20250523T060000Z,iefimerida.gr,English,GR,diplomacy,2025-05-23,2025-05-23 06:00:00+00:00,page_title,-1.86721991701245
https://www.aero-news.net/AnnTicker.cfm?do=main.textpost&id=2CA32710-E144-49E8-9EA9-F1F0E443904D,"Leonardo, Weststar To Expand, Modernize Malaysian Helo Fleet",20250524T000000Z,aero-news.net,English,MY,conflict,2025-05-24,2025-05-24 00:00:00+00:00,page_title,3.54838709677419
https://www.dailyexcelsior.com/imf-says-talks-with-pakistan-on-budget-constructive-commits-to-continue-talks/,"IMF says talks with Pakistan on budget 'constructive', commits to continue talks",20250524T120000Z,dailyexcelsior.com,English,IN,conflict,2025-05-24,2025-05-24 12:00:00+00:00,page_title,1.15473441108545
https://www.buzzfeed.com/michelelbird/things-women-do-that-men-dont-care-about-reddit,Things Women Do That Men Don't Consider Embarrassing,20250525T060000Z,buzzfeed.com,English,,political_risk,2025-05-25,2025-05-25 06:00:00+00:00,page_title,-8.82352941176471
https://screenrant.com/james-bond-movie-pierce-brosnan-lost-role-best-thing-op-ed/,Pierce Brosnan Losing His First James Bond Role 8 Years Before GoldenEye Was A Blessing In Disguise,20250525T180000Z,screenrant.com,English,KN,conflict,2025-05-25,2025-05-25 18:00:00+00:00,page_title,-1.30039011703511
https://calgaryherald.com:443/personal-finance/taxes/trump-tax-bill-could-hit-canadian-banks-pension-funds/wcm/50d783e0-61c9-494f-8055-a70494249fac,How Trump's 'big beautiful bill' could become a big headache for corporate Canada and investors,20250527T000000Z,calgaryherald.com,English,CA,diplomacy,2025-05-27,2025-05-27 00:00:00+00:00,page_title,-4.31177446102819
https://cyprus-mail.com/2025/05/28/italys-mafia-abandoning-rivalries-to-join-forces-report-says,"Italy's mafia abandoning rivalries to join forces, report says",20250528T120000Z,cyprus-mail.com,English,IT,diplomacy,2025-05-28,2025-05-28 12:00:00+00:00,page_title,-3.64963503649635
https://wror.com/2025/05/29/this-day-in-rock-history-may-29/,This Day in Rock History: May 29,20250529T120000Z,wror.com,English,US,conflict,2025-05-29,2025-05-29 12:00:00+00:00,page_title,0.195694716242662
https://www.newspressnow.com/news/crime/2025/05/29/arrest-made-in-19-year-old-murder-with-help-from-local-law-enforcement/,Arrest made in 19-year-old murder with help from local law enforcement,20250530T000000Z,newspressnow.com,English,US,conflict,2025-05-30,2025-05-30 00:00:00+00:00,page_title,-4.32900432900433
https://www.straitstimes.com/singapore/fairprice-trials-smart-trolleys-in-digital-push-to-create-stores-of-tomorrow,FairPrice trials smart trolleys in digital push to create stores of tomorrow,20250603T000000Z,straitstimes.com,English,SN,conflict,2025-06-03,2025-06-03 00:00:00+00:00,page_title,2.22602739726027
https://dailyvoice.com/connecticut/ridgefield/nj-officer-29-takes-fatal-fall-from-9th-story-window-of-admin-building-officials/,"NJ Officer, 29, Takes Fatal Fall From 9th-Story Window Of Admin Building: Officials",20250603T000000Z,dailyvoice.com,English,US,conflict,2025-06-03,2025-06-03 00:00:00+00:00,page_title,-2.90697674418605
https://www.investmentexecutive.com/news/research-and-markets/u-s-job-openings-rose-unexpectedly-in-april/,U.S. job openings rose unexpectedly in April | Investment Executive,20250603T180000Z,investmentexecutive.com,English,US,monetary_policy,2025-06-03,2025-06-03 18:00:00+00:00,page_title,-4.22960725075529
https://www.cnbc.com/2025/06/03/fed-governor-lisa-cook-sees-tariffs-raising-inflation-and-complicating-rate-policy.html,"Fed Governor Lisa Cook sees tariffs raising inflation, complicating rate policy",20250603T180000Z,cnbc.com,English,US,monetary_policy,2025-06-03,2025-06-03 18:00:00+00:00,page_title,-1.82926829268293
https://www.naroomanewsonline.com.au/story/8983435/us-navy-to-rename-oil-tanker-named-after-gay-activist/,US Navy to rename oil tanker named after gay activist,20250604T000000Z,naroomanewsonline.com.au,English,US,energy,2025-06-04,2025-06-04 00:00:00+00:00,page_title,-1.05263157894737
https://www.lifenews.com/2025/06/04/after-banning-abortions-west-virginia-gov-signs-bill-for-3-million-to-help-pregnant-moms/,"After Banning Abortions, West Virginia Gov Signs Bill for $3 Million to Help Pregnant Moms",20250605T000000Z,lifenews.com,English,US,conflict,2025-06-05,2025-06-05 00:00:00+00:00,page_title,-1.08695652173913
https://htxt.co.za/2025/06/five-steps-to-kill-loadshedding-for-good/,Five steps to kill loadshedding for good,20250605T120000Z,htxt.co.za,English,SF,energy,2025-06-05,2025-06-05 12:00:00+00:00,page_title,-1.61137440758294
https://www.wlrh.org/npr-news/2025-06-05/neglected-tropical-diseases-now-face-even-more-neglect,'Neglected tropical diseases' now face even more neglect,20250605T180000Z,wlrh.org,English,US,political_risk,2025-06-05,2025-06-05 18:00:00+00:00,page_title,-1.85512367491166
https://www.idahostatejournal.com/news/local/trump-issues-travel-ban-on-12-countries/article_d391e547-7f88-42a2-bba1-7aa4e263866b.html,Trump issues travel ban on 12 countries,20250605T180000Z,idahostatejournal.com,English,US,conflict,2025-06-05,2025-06-05 18:00:00+00:00,page_title,-2.84697508896797
https://www.foxla.com/news/george-wendts-cause-death-released-tmz,George Wendt's cause of death released,20250606T000000Z,foxla.com,English,US,conflict,2025-06-06,2025-06-06 00:00:00+00:00,page_title,3.68271954674221
https://www.nbcconnecticut.com/news/business/money-report/why-millions-of-americans-would-lose-health-insurance-under-house-gop-megabill/3581122/,Why millions of Americans would lose health insurance under House GOP megabill,20250606T120000Z,nbcconnecticut.com,English,US,monetary_policy,2025-06-06,2025-06-06 12:00:00+00:00,page_title,-1.70889805539187
https://www.yahoo.com/news/red-cross-halts-operations-niger-165619309.html,Red Cross halts operations in Niger after government directive,20250606T180000Z,yahoo.com,English,NG,political_risk,2025-06-06,2025-06-06 18:00:00+00:00,page_title,-4.6875
https://www.gazetaexpress.com/en/Who-is-most-at-risk-from-conflict/,Who is most at risk from the conflict? - Gazeta Express,20250606T180000Z,gazetaexpress.com,English,US,political_risk,2025-06-06,2025-06-06 18:00:00+00:00,page_title,-2.06766917293233
https://wfin.com/fox-political-news/proud-boys-members-file-federal-lawsuit-over-illegal-tactics-in-jan-6-prosecutions/,Proud Boys members file federal lawsuit over 'illegal' tactics in Jan. 6 prosecutions,20250607T000000Z,wfin.com,English,US,political_risk,2025-06-07,2025-06-07 00:00:00+00:00,page_title,-9.25196850393701
https://www.narrominenewsonline.com.au/story/8986506/hyundai-expects-an-exodus-of-brands-due-to-new-australian-emissions-regulations/,Hyundai expects an exodus of brands due to new Australian emissions regulations,20250608T000000Z,narrominenewsonline.com.au,English,AS,political_risk,2025-06-08,2025-06-08 00:00:00+00:00,page_title,-0.681198910081744
https://whtc.com/2025/06/11/holland-police-log-jun-9-11-2025/,"Holland Police Log Jun. 9-11, 2025",20250611T120000Z,whtc.com,English,US,political_risk,2025-06-11,2025-06-11 12:00:00+00:00,page_title,-14.3474503025065
https://turnto10.com/news/nation-world/trump-to-host-ex-hostage-edan-alexander-at-white-house-thursday-israel-gaza-american-israeli-new-jersey-hamas-war-soldier,Trump to host ex-hostage Edan Alexander at White House Thursday,20250703T000000Z,turnto10.com,English,US,conflict,2025-07-03,2025-07-03 00:00:00+00:00,page_title,-4.23076923076923
https://www.leaderlive.co.uk/news/national/25288400.high-streets-suffer-disappointing-june-amid-incredibly-cautious-spending/,High streets suffer disappointing June amid 'incredibly cautious' spending,20250704T000000Z,leaderlive.co.uk,English,,monetary_policy,2025-07-04,2025-07-04 00:00:00+00:00,page_title,-1.99203187250996
https://www.historytoday.com/archive/feature/mad-dogs-and-englishmen-winning-war-rabies,Mad Dogs and Englishmen: Winning the War on Rabies,20250707T000000Z,historytoday.com,English,UK,diplomacy,2025-07-07,2025-07-07 00:00:00+00:00,page_title,-7.70925110132159
https://isp.netscape.com/news/world/story/0001/20250707/59babee35c7c1bae79c5becd51f52066,Russia's transportation minister found dead in what officials say was an apparent suicide,20250707T180000Z,netscape.com,English,RS,conflict,2025-07-07,2025-07-07 18:00:00+00:00,page_title,-10.1522842639594
http://www.bjreview.com.cn/Latest_Headlines/202507/t20250708_800407576.html,China marks 88th anniversary of whole-nation resistance against Japanese aggression-- Beijing Review,20250708T060000Z,bjreview.com.cn,English,CH,diplomacy,2025-07-08,2025-07-08 06:00:00+00:00,page_title,-0.783972125435541
https://timesofindia.indiatimes.com/life-style/travel/10-countries-that-offer-golden-visa-including-singapore-and-new-zealand-know-the-cost-and-how-to-apply/articleshow/122319797.cms,10 Countries that offer 'Golden Visa' including Singapore and New Zealand: Know the cost and how to apply |,20250708T120000Z,indiatimes.com,English,AE,political_risk,2025-07-08,2025-07-08 12:00:00+00:00,page_title,6.71892497200448
https://themunicheye.com/what-options-can-an-idaho-loan-agency-provide-when-facing-immediate-cash-shortfalls-24127,What Options Can an Idaho Loan Agency Provide When Facing Immediate Cash Shortfalls?,20250708T180000Z,themunicheye.com,English,US,monetary_policy,2025-07-08,2025-07-08 18:00:00+00:00,page_title,2.05714285714286
https://cbs12.com/news/nation-world/fewer-americans-taking-on-side-hustles-bankrate-survey-finds-personal-finances-inflation-jobs-economy,"Fewer Americans taking on side hustles, Bankrate survey finds",20250710T000000Z,cbs12.com,English,US,monetary_policy,2025-07-10,2025-07-10 00:00:00+00:00,page_title,0.0
https://www.warsawvoice.pl/WVpage/pages/subjectDate.php/2025-07-11,The Warsaw Voice,20250711T000000Z,warsawvoice.pl,English,IT,diplomacy,2025-07-11,2025-07-11 00:00:00+00:00,page_title,-0.851063829787233
https://www.voicenews.com/2025/07/11/trump-tariffs-brazil/,Trump's 50% tariff on Brazilian goods could drive up breakfast costs,20250711T180000Z,voicenews.com,English,US,monetary_policy,2025-07-11,2025-07-11 18:00:00+00:00,page_title,-1.60384923817161
https://www.whas11.com/article/news/nation-world/us-sanctions-against-investigator-probing-gaza/507-566d39cf-f96e-438d-94cc-82fd6a7c9962,US sanctions UN investigator probing abuse in Gaza,20250712T000000Z,whas11.com,English,IS,political_risk,2025-07-12,2025-07-12 00:00:00+00:00,page_title,-6.3758389261745
https://www.aol.co.uk/signs-life-british-left-making-050001160.html,Signs of new life: is the British left making a comeback?,20250712T060000Z,aol.co.uk,English,IS,political_risk,2025-07-12,2025-07-12 06:00:00+00:00,page_title,-1.64492342597845
https://thestandard.org.nz/tag/the-jackal/,the jackal «  The Standard,20250712T120000Z,thestandard.org.nz,English,AS,sanctions_trade,2025-07-12,2025-07-12 12:00:00+00:00,page_title,-2.25846925972396
https://pakobserver.net/pakistani-rupee-firms-against-uk-pound-15-july-2025/,Pakistani rupee firms against UK Pound – 15 July 2025,20250715T060000Z,pakobserver.net,English,PK,monetary_policy,2025-07-15,2025-07-15 06:00:00+00:00,page_title,0.809716599190283
https://www.mcall.com/2025/07/15/colorado-dentist-wife-poisoned/,Trial begins for dentist accused of poisoning wife's protein shakes,20250715T180000Z,mcall.com,English,US,conflict,2025-07-15,2025-07-15 18:00:00+00:00,page_title,-12.7098321342926
https://www.lbc.co.uk/business/7b23f6fe472f4ff999ebeb7ef1851b0a/,Vegan charity Viva! ad featuring baby being taken from mother banned,20250716T000000Z,lbc.co.uk,English,UK,political_risk,2025-07-16,2025-07-16 00:00:00+00:00,page_title,-6.34674922600619
https://www.aa.com.tr/en/americas/nato-chief-warns-brazil-china-and-india-could-be-slammed-by-us-sanctions/3631916,"NATO chief warns Brazil, China and India could be slammed by US sanctions",20250716T060000Z,aa.com.tr,English,BR,diplomacy,2025-07-16,2025-07-16 06:00:00+00:00,page_title,-0.196850393700788
https://news4sanantonio.com/news/nation-world/20-killed-in-gaza-food-site-stampede-amid-israeli-strikes-gaza-humanitarian-fund-confirms-hamas-militant-group-khan-younis-palestinians-stun-grenades-pepper-spray-chaos-ceasefire-netanyahu,"20 killed in Gaza food site stampede amid Israeli strikes, GHF confirms",20250716T120000Z,news4sanantonio.com,English,IS,diplomacy,2025-07-16,2025-07-16 12:00:00+00:00,page_title,-6.77146311970979
https://www.salon.com/2025/07/17/haunted-by-epstein-trump-spirals-further-out-of-control/,"Haunted by Epstein, Trump spirals further out of control",20250717T180000Z,salon.com,English,US,political_risk,2025-07-17,2025-07-17 18:00:00+00:00,page_title,-3.52177942539388
https://www.cnet.com/home/solar/key-home-energy-tax-credits-end-this-year-act-quickly-if-youre-considering-solar-panels-experts-say/,"Key Home Energy Tax Credits End This Year. Act Quickly if You're Considering Solar Panels, Experts Say",20250718T000000Z,cnet.com,English,US,monetary_policy,2025-07-18,2025-07-18 00:00:00+00:00,page_title,1.69491525423729
https://www.ksal.com/heavy-rains-lead-to-flooding/,Heavy Rains Lead to Flooding,20250719T000000Z,ksal.com,English,US,conflict,2025-07-19,2025-07-19 00:00:00+00:00,page_title,-4.76190476190476
https://www.windaction.org/posts/56362,WindAction | BP to sell US onshore wind business to LS Power for undisclosed sum,20250719T000000Z,windaction.org,English,AJ,diplomacy,2025-07-19,2025-07-19 00:00:00+00:00,page_title,-1.76678445229682
https://dunyanews.tv/en/Pakistan/895618-flood-alerts-countrywide-amid-new-monsoon-spell-forecast,Flood alerts countrywide amid new monsoon spell forecast,20250720T000000Z,dunyanews.tv,English,PK,conflict,2025-07-20,2025-07-20 00:00:00+00:00,page_title,-5.91397849462366
https://ianslive.in/fairpoint-it-cannot-be-about-patak-patak-dubo-dubo-ke-maarenge--20250720163241,FairPoint: It cannot be about 'patak patak-dubo dubo ke maarenge',20250720T120000Z,ianslive.in,English,IN,diplomacy,2025-07-20,2025-07-20 12:00:00+00:00,page_title,-3.38345864661654
https://www.thehindu.com/news/international/iran-confirms-fresh-nuclear-talks-with-european-powers-state-media/article69836977.ece,Iran confirms fresh nuclear talks with European powers: State media,20250721T060000Z,thehindu.com,English,IR,political_risk,2025-07-21,2025-07-21 06:00:00+00:00,page_title,-1.88172043010753
https://thefrontierpost.com/musks-x-says-it-wont-cooperate-with-politically-motivated-french-probe/,Musk's X says it won't cooperate with 'politically motivated' French probe – The Frontier Post,20250721T180000Z,thefrontierpost.com,English,FR,conflict,2025-07-21,2025-07-21 18:00:00+00:00,page_title,-7.5875486381323
https://www.naharnet.com/stories/en/314337-trump-says-china-trip-not-too-distant-as-trade-tensions-ease,Trump says China trip 'not too distant' as trade tensions ease,20250723T120000Z,naharnet.com,English,CH,diplomacy,2025-07-23,2025-07-23 12:00:00+00:00,page_title,-0.134228187919463
http://www.saltlakecitysun.com/news/278458516/japan%E2%80%99s-sanseito-party-rides-economic-discontent-to-election-success,Japan's Sanseito party rides economic discontent to election success,20250723T180000Z,saltlakecitysun.com,English,JA,political_risk,2025-07-23,2025-07-23 18:00:00+00:00,page_title,-2.4653312788906
https://www.boston.com/news/local-news/2025/07/24/boston-to-fine-trash-giant-republic-services-as-strike-continues-wu-says/,"Boston to fine trash giant Republic Services as strike continues, Wu says",20250724T180000Z,boston.com,English,US,political_risk,2025-07-24,2025-07-24 18:00:00+00:00,page_title,-8.94607843137255
https://www.southwalesargus.co.uk/news/national/25340012.councillors-vote-urge-government-close-epping-asylum-hotel/,Councillors vote to urge Government to close Epping asylum hotel,20250725T000000Z,southwalesargus.co.uk,English,UK,political_risk,2025-07-25,2025-07-25 00:00:00+00:00,page_title,-7.39827373612824
https://www.kiplinger.com/taxes/dont-miss-apple-and-walmarts-back-to-school-tax-free-holiday-this-summer,Shop Back-to-School Tax-Free at Apple and Walmart Now if You Live in These States,20250725T180000Z,kiplinger.com,English,US,monetary_policy,2025-07-25,2025-07-25 18:00:00+00:00,page_title,0.898203592814371
https://www.newcastleherald.com.au/story/9025657/2025-omoda-9-price-and-specs/,2025 Omoda 9 price and specs,20250726T000000Z,newcastleherald.com.au,English,AS,conflict,2025-07-26,2025-07-26 00:00:00+00:00,page_title,0.730816077953715
https://www.mankatofreepress.com/news/local_news/stecker-named-veteran-of-month/article_55674b9a-3a21-46b9-ae72-11e80f85d3bb.html,Stecker named Veteran of Month,20250727T180000Z,mankatofreepress.com,English,US,conflict,2025-07-27,2025-07-27 18:00:00+00:00,page_title,2.01342281879195
https://www.newwestrecord.ca/world-news/israel-begins-daily-pause-in-fighting-in-3-gaza-areas-to-allow-minimal-aid-as-hunger-grows-10996992,Israel begins daily pause in fighting in 3 Gaza areas to allow 'minimal' aid as hunger grows,20250727T180000Z,newwestrecord.ca,English,IS,diplomacy,2025-07-27,2025-07-27 18:00:00+00:00,page_title,-4.0719696969697
https://www.thehindubusinessline.com/markets/stock-market-highlights-28-july-2025/article69861521.ece,"Share Market Highlights 28 July 2025: Markets end lower amid banking, IT drag; Kotak Bank falls 7%",20250728T120000Z,thehindubusinessline.com,English,IN,energy,2025-07-28,2025-07-28 12:00:00+00:00,page_title,1.04388581167448
https://slguardian.org/the-geopolitics-of-drugs/,The Geopolitics of Drugs,20250730T000000Z,slguardian.org,English,US,political_risk,2025-07-30,2025-07-30 00:00:00+00:00,page_title,-5.17799352750809
https://www.timminstimes.com:443/news/algoma-steel-reports-net-loss-of-110-6m-in-q2-amid-tariff-pressures,Algoma Steel reports $110.6M net loss in Q2 amid tariff pressures,20250730T000000Z,timminstimes.com,English,CA,monetary_policy,2025-07-30,2025-07-30 00:00:00+00:00,page_title,-0.495867768595041
https://www.fxstreet.com/news/dow-jones-industrial-average-treads-water-ahead-of-fed-rate-call-202507301606,Dow Jones treads water ahead of Fed interest rate decision,20250730T180000Z,fxstreet.com,English,CH,monetary_policy,2025-07-30,2025-07-30 18:00:00+00:00,page_title,-1.60965794768612
https://www.gulfcoastnewsnow.com/article/lee-county-school-bus-tech-child/65559869,Lee County Schools' new bus technology working to make children safer,20250731T120000Z,gulfcoastnewsnow.com,English,US,conflict,2025-07-31,2025-07-31 12:00:00+00:00,page_title,0.218102508178844
https://www.benzinga.com/markets/macro-economic-events/25/07/46750358/odds-of-zero-fed-rate-cuts-in-2025-surge-to-25-after-jerome-powells-press-conferenc,Odds of 'Zero' Fed Rate Cuts In 2025 Surge To 25% After Jerome Powell's Press Conference: 'Rate Cuts Are Being Priced-Out Of Markets',20250731T120000Z,benzinga.com,English,,monetary_policy,2025-07-31,2025-07-31 12:00:00+00:00,page_title,-4.6594982078853
https://finance.yahoo.com/research/reports/ARGUS_44263_MarketSummary_1753958984000,Weyerhaeuser Company (WY) Stock Forecasts,20250731T120000Z,yahoo.com,English,,energy,2025-07-31,2025-07-31 12:00:00+00:00,page_title,1.05633802816901
https://www.unionleader.com/news/business/economy/trump-hits-dozens-of-countries-with-steep-tariffs-including-35-for-canadian-goods/article_202aa5ac-ecfa-5e2c-ac2f-3ee15414d1a1.html,"Trump hits dozens of countries with steep tariffs, including 35% for Canadian goods",20250801T060000Z,unionleader.com,English,CH,energy,2025-08-01,2025-08-01 06:00:00+00:00,page_title,-0.938477580813347
https://www.fox13seattle.com/news/university-place-failed-towing-attempt,University Place business smashed after failed tow attempt,20250802T000000Z,fox13seattle.com,English,,conflict,2025-08-02,2025-08-02 00:00:00+00:00,page_title,-6.34249471458774
https://www.mondaq.com:443/unitedstates/income-tax/1659960/new-parents-how-to-get-paid-under-the-big-beautiful-bills-baby-bonus-program,New Parents: How To Get Paid Under The Big Beautiful Bill's Baby Bonus Program,20250804T060000Z,mondaq.com,English,US,monetary_policy,2025-08-04,2025-08-04 06:00:00+00:00,page_title,-1.22699386503067
https://americanbazaaronline.com/2025/08/04/india-navigating-delicate-russian-oil-trade-amid-us-threat-465796/,India navigating delicate Russian oil trade amid US threat,20250804T180000Z,americanbazaaronline.com,English,IN,energy,2025-08-04,2025-08-04 18:00:00+00:00,page_title,-3.67278797996661
http://www.nashvilleherald.com/news/278488380/general-atomics-electromagnetic-systems-highlights-its-missile-defense-portfolio-at-the-2025-space-and-missile-defense-symposium,General Atomics Electromagnetic Systems Highlights Its Missile Defense Portfolio at the 2025 Space and Missile Defense Symposium,20250805T000000Z,nashvilleherald.com,English,US,energy,2025-08-05,2025-08-05 00:00:00+00:00,page_title,2.84237726098191
https://www.waer.org/2025-08-06/white-house-envoy-witkoff-meets-with-putin-as-deadline-looms-for-russia-to-end-war,White House envoy Witkoff meets with Putin as deadline looms for Russia to end war,20250806T180000Z,waer.org,English,RS,energy,2025-08-06,2025-08-06 18:00:00+00:00,page_title,-2.6530612244898
https://rivergrandrapids.com/ixp/692/p/grocery-prices-michigan-tariffs/,New Tariffs to Raise Michigan Grocery Prices,20250807T000000Z,rivergrandrapids.com,English,US,monetary_policy,2025-08-07,2025-08-07 00:00:00+00:00,page_title,0.789473684210526
https://www.independent.co.uk/news/world/americas/us-politics/alan-dershowitz-marthas-vineyard-pierogi-b2803763.html,Alan Dershowitz once again denied pierogi as Martha's Vineyard residents chant 'time to go',20250807T180000Z,independent.co.uk,English,IS,political_risk,2025-08-07,2025-08-07 18:00:00+00:00,page_title,-2.63908701854494
https://salinapost.com/posts/460afdb5-1817-4d77-8b87-1c9acfa8d826,Police: Shooting victim found outside Kansas home,20250807T180000Z,salinapost.com,English,,conflict,2025-08-07,2025-08-07 18:00:00+00:00,page_title,-7.52688172043011
https://www.penarthtimes.co.uk/news/national/25378034.police-arrest-365-people-palestine-action-support-protest/,Police arrest 365 people over Palestine Action support at protest,20250809T180000Z,penarthtimes.co.uk,English,UK,conflict,2025-08-09,2025-08-09 18:00:00+00:00,page_title,-6.73854447439353
https://newsradio910wltp.iheart.com/content/2025-08-10-trump-rips-pelosi-makes-serious-claim-about-husband/,"Trump Rips Pelosi, Makes Serious Claim About Husband",20250810T180000Z,iheart.com,English,US,political_risk,2025-08-10,2025-08-10 18:00:00+00:00,page_title,-2.99003322259136
https://metro.co.uk/2025/08/11/massive-clean-up-effort-aims-pull-180-tons-wet-wipes-river-thames-23876565/,Massive clean-up effort aims to pull 180 tons of wet wipes from River Thames,20250811T000000Z,metro.co.uk,English,UK,energy,2025-08-11,2025-08-11 00:00:00+00:00,page_title,0.203252032520326
https://kdon.iheart.com/content/2025-08-12-finesse2tymes-mom-fires-back-after-rapper-freestyles-about-family-problems/,Finesse2tymes' Mom Fires Back After Rapper Freestyles About Family Problems,20250812T180000Z,iheart.com,English,NI,political_risk,2025-08-12,2025-08-12 18:00:00+00:00,page_title,-5.36585365853659
https://hayspost.com/posts/a0cdca3b-efce-48f8-bd97-177a7b773e62,US stocks rally to records on hopes for cuts to interest rates,20250813T000000Z,hayspost.com,English,AS,sanctions_trade,2025-08-13,2025-08-13 00:00:00+00:00,page_title,-0.873362445414847
https://www.surreycomet.co.uk/news/national/25389879.greenpeace-installs-anish-kapoor-artwork-shell-platform-north-sea/,Greenpeace installs Anish Kapoor artwork on Shell platform in North Sea,20250814T120000Z,surreycomet.co.uk,English,UK,political_risk,2025-08-14,2025-08-14 12:00:00+00:00,page_title,-4.92845786963434
https://www.chesterstandard.co.uk/news/national/25389879.greenpeace-installs-anish-kapoor-artwork-shell-platform-north-sea/,Greenpeace installs Anish Kapoor artwork on Shell platform in North Sea,20250814T120000Z,chesterstandard.co.uk,English,UK,energy,2025-08-14,2025-08-14 12:00:00+00:00,page_title,-4.92845786963434
https://www.kentuckyteacher.org/news/2025/08/kde-to-host-2025-continuous-improvement-summit-in-lexington-this-september/,KDE to host 2025 Continuous Improvement Summit in Lexington this September – Kentucky Teacher,20250815T000000Z,kentuckyteacher.org,English,US,monetary_policy,2025-08-15,2025-08-15 00:00:00+00:00,page_title,7.06638115631692
https://news.wfsu.org/all-npr-news/2025-08-15/trump-and-putin-meet-today-in-anchorage-heres-what-to-know,Trump and Putin meet today in Anchorage. Here's what to know,20250815T120000Z,wfsu.org,English,US,diplomacy,2025-08-15,2025-08-15 12:00:00+00:00,page_title,-1.57894736842105
https://www.squamishchief.com/national-news/air-canada-flight-attendants-in-final-day-before-strike-deadline-11081442,"Air Canada, flight attendants in final day before strike deadline",20250815T180000Z,squamishchief.com,English,CA,diplomacy,2025-08-15,2025-08-15 18:00:00+00:00,page_title,-0.997150997150997
https://community.scoop.co.nz/2025/08/communities-call-for-shut-down-of-methanex/,Community Scoop » Communities Call For Shut Down Of Methanex,20250818T000000Z,scoop.co.nz,English,NZ,political_risk,2025-08-18,2025-08-18 00:00:00+00:00,page_title,-2.99003322259136
https://www.salisburyjournal.co.uk/news/national/25398011.palestinian-ambassador-backs-sally-rooney-palestine-action-comments/,Palestinian ambassador backs Sally Rooney over Palestine Action comments,20250818T120000Z,salisburyjournal.co.uk,English,UK,political_risk,2025-08-18,2025-08-18 12:00:00+00:00,page_title,-1.88172043010753
https://timesofindia.indiatimes.com/business/india-business/psb-earnings-review-finmin-holds-q1-meeting-with-bank-chiefs-sbi-leads-sector-with-rs-44218-crore-profit/articleshow/123415868.cms,"PSB earnings review: FinMin holds Q1 meeting with bank chiefs; SBI leads sector with Rs 44,218 crore profit",20250820T180000Z,indiatimes.com,English,IN,monetary_policy,2025-08-20,2025-08-20 18:00:00+00:00,page_title,2.88461538461538
https://indianexpress.com/article/entertainment/hollywood/hulk-hogans-death-mystery-deepens-new-report-suggests-medical-malpractice-could-be-behind-his-passing-daughter-brooke-raises-questions-10203898/,"Hulk Hogan's death mystery deepens: New report suggests medical malpractice could be behind his passing, daughter Brooke raises questions | Hollywood News",20250822T000000Z,indianexpress.com,English,,conflict,2025-08-22,2025-08-22 00:00:00+00:00,page_title,-5.15463917525773
https://timesofindia.indiatimes.com/city/ahmedabad/ahmedabad-school-murder-my-sons-killer-deserves-nothing-less-than-hanging-says-nayans-father-slams-schools-role/articleshow/123479297.cms,"Ahmedabad school murder: 'My son's killer deserves nothing less than hanging,' says Nayan's father; slams school's role | Ahmedabad News",20250824T060000Z,indiatimes.com,English,IN,political_risk,2025-08-24,2025-08-24 06:00:00+00:00,page_title,-5.64102564102564
https://www.yahoo.com/news/articles/stratus-covid-variant-rise-most-110017313.html,The 'Stratus' COVID Variant Is On The Rise — Here Are The Most Common Signs And Symptoms,20250824T120000Z,yahoo.com,English,US,conflict,2025-08-24,2025-08-24 12:00:00+00:00,page_title,-5.16949152542373
https://www.stratford-herald.com/national/completely-false-claims-of-further-asylum-hotels-ahead-of-protest-says-leader-153253/,"'Completely false' claims of further asylum hotels ahead of protest, says leader",20250824T120000Z,stratford-herald.com,English,AS,political_risk,2025-08-24,2025-08-24 12:00:00+00:00,page_title,-4.34782608695652
https://www.postcourier.com.pg/yu-tok-250825/,Yu Tok - Post Courier,20250825T000000Z,postcourier.com.pg,English,PP,monetary_policy,2025-08-25,2025-08-25 00:00:00+00:00,page_title,1.45131086142322
https://www.canoncitydailyrecord.com/2025/08/27/pro-dei-organizers-fired-up-to-maintain-target-boycott-as-promises-go-unfulfilled/,Pro-DEI organizers fired up to maintain Target boycott,20250828T000000Z,canoncitydailyrecord.com,English,US,diplomacy,2025-08-28,2025-08-28 00:00:00+00:00,page_title,-2.28102189781022
https://www.castanetkamloops.net/news/World/569221/UK-France-and-Germany-initiate-snapback-sanctions-on-Iran-over-status-of-nuclear-program,"UK, France and Germany initiate 'snapback' sanctions on Iran over status of nuclear program",20250829T000000Z,castanetkamloops.net,English,IR,energy,2025-08-29,2025-08-29 00:00:00+00:00,page_title,-4.46351931330472
https://www.springfieldnewssun.com/news/nation-world/what-happens-to-trumps-tariffs-now-that-a-federal-appeals-court-has-knocked-them-down/O3YG4CZEA5IG7JJU2IXL626XMU/,What happens to Trump's tariffs now that a federal appeals court has knocked them down?,20250830T180000Z,springfieldnewssun.com,English,US,diplomacy,2025-08-30,2025-08-30 18:00:00+00:00,page_title,-3.90243902439024
https://www.christiancentury.org/books/inside-new-american-fascism,"Inside the new American fascism: A review of Money, Lies, and God",20250902T120000Z,christiancentury.org,English,US,diplomacy,2025-09-02,2025-09-02 12:00:00+00:00,page_title,-1.48861646234676
https://nypost.com/2025/09/03/us-news/georgia-dentist-james-choi-kills-wife-myoung-and-violinist-daughter-grace-choi-in-st-ives-james-creek-mansion/,Georgia dentist James Choi kills wife Myoung and violinist daughter Grace Choi in St Ives James Creek mansion,20250903T060000Z,nypost.com,English,US,conflict,2025-09-03,2025-09-03 06:00:00+00:00,page_title,0.841750841750843
http://www.bignewsnetwork.com/news/278554711/147-tibet-rights-groups-condemn-china-crackdown-demand-activist-release,"147 Tibet rights groups condemn China's crackdown, demand activist's release",20250905T120000Z,bignewsnetwork.com,English,CH,diplomacy,2025-09-05,2025-09-05 12:00:00+00:00,page_title,-5.14905149051491
https://www.businesstimes.com.sg/international/asean/thailand-elects-anutin-charnvirakul-new-pm-tycoon-top-leader,Thailand elects Anutin Charnvirakul as new PM: From tycoon to top leader,20250905T120000Z,businesstimes.com.sg,English,TH,diplomacy,2025-09-05,2025-09-05 12:00:00+00:00,page_title,0.353356890459364
https://www.wisn.com/article/anthropic-author-lawsuit-pirated-books/65998657,Anthropic settles author lawsuit over pirated books AI training,20250906T180000Z,wisn.com,English,DA,diplomacy,2025-09-06,2025-09-06 18:00:00+00:00,page_title,-0.998185117967332
https://www.newsx.com/india/mahayuti-govt-committed-to-justice-for-maratha-obc-communities-eknath-shinde20250907003730-60251/,"""Mahayuti govt committed to justice for Maratha, OBC communities"": Eknath Shinde",20250907T000000Z,newsx.com,English,IN,political_risk,2025-09-07,2025-09-07 00:00:00+00:00,page_title,0.547945205479452
https://www.mangalorean.com/national-workshop-empowers-amrat-sisters-with-social-media-and-communication-skills/,National Workshop Empowers AMRAT Sisters with Social Media and Communication Skills,20250907T120000Z,mangalorean.com,English,IN,political_risk,2025-09-07,2025-09-07 12:00:00+00:00,page_title,8.64553314121038
https://www.westmeathexaminer.ie/2025/09/10/councillors-to-hear-from-prospective-presidental-candidates-next-week/,Councillors to hear from prospective presidental candidates next week,20250910T120000Z,westmeathexaminer.ie,English,EI,political_risk,2025-09-10,2025-09-10 12:00:00+00:00,page_title,1.47058823529412
https://tribune.com.pk/story/2566165/floods-in-bali-kill-at-least-nine,Floods in Bali kill at least nine,20250911T060000Z,tribune.com.pk,English,ID,conflict,2025-09-11,2025-09-11 06:00:00+00:00,page_title,-9.67741935483871
https://newstalk870.am/ixp/1135/p/90s-music-festival-moses-lake/,Remembering The 90s: Live Music At Moses Lake Flannel Fest,20250912T000000Z,newstalk870.am,English,US,conflict,2025-09-12,2025-09-12 00:00:00+00:00,page_title,2.72952853598015
https://www.eenews.net/articles/republicans-oil-ties-a-focus-in-north-carolina-senate-race/,Republican's oil ties a focus in North Carolina Senate race,20250912T120000Z,eenews.net,English,US,energy,2025-09-12,2025-09-12 12:00:00+00:00,page_title,1.00430416068867
https://leftlanenews.com/buying-new-car-tips-2025/179/,Car Buying Guide: 10 Essential Tips for Smart Shoppers,20250914T000000Z,leftlanenews.com,English,,diplomacy,2025-09-14,2025-09-14 00:00:00+00:00,page_title,4.26356589147287
https://www.timesofearth.com/2025/09/14/ukraine-attacks-major-russian-refinery-with-big-drone-assault/,Ukraine attacks major Russian refinery with big drone assault,20250914T120000Z,timesofearth.com,English,RS,energy,2025-09-14,2025-09-14 12:00:00+00:00,page_title,-7.81990521327014
http://www.chinanationalnews.com/news/278576136/those-who-talk-about-patriotism-have-to-reply-congress-mp-kc-venugopal-on-india-pakistan-asia-cup-match,"""Those who talk about patriotism have to reply"": Congress MP KC Venugopal on India-Pakistan Asia Cup match",20250914T180000Z,chinanationalnews.com,English,CH,conflict,2025-09-14,2025-09-14 18:00:00+00:00,page_title,-3.85674931129477
https://www.channelnewsasia.com/business/thai-baht-could-further-strengthen-capital-inflows-says-incoming-deputy-finance-minister-5355631,"Thai baht could further strengthen on capital inflows, says incoming deputy finance minister",20250918T060000Z,channelnewsasia.com,English,TH,monetary_policy,2025-09-18,2025-09-18 06:00:00+00:00,page_title,-0.746268656716418
https://www.leconomiste.com/right-to-strike-guarantees-prohibitions-and-penalties-under-the-new-system/,"Right to strike: Guarantees, prohibitions, and penalties under the new system",20250918T180000Z,leconomiste.com,English,,political_risk,2025-09-18,2025-09-18 18:00:00+00:00,page_title,-4.3010752688172
https://wysu.org/npr-national-news/2025-09-20/how-gen-z-led-protests-put-nepals-1st-female-prime-minister-in-power,How Gen Z-led protests put Nepal's 1st female prime minister in power,20250920T120000Z,wysu.org,English,NP,political_risk,2025-09-20,2025-09-20 12:00:00+00:00,page_title,-5.45886075949367
https://www.standardmedia.co.ke/opinion/article/2001529996/energy-is-the-currency-of-dignity-and-prosperity-for-communities,Energy is the currency of dignity and prosperity for communities,20250921T120000Z,standardmedia.co.ke,English,KE,monetary_policy,2025-09-21,2025-09-21 12:00:00+00:00,page_title,4.2995839112344
https://investinglive.com/centralbank/feds-musalem-says-he-sees-limited-room-for-further-easing-20250922/,Fed's Musalem says he sees limited room for further easing,20250922T180000Z,investinglive.com,English,,monetary_policy,2025-09-22,2025-09-22 18:00:00+00:00,page_title,-4.21052631578947
https://www.local10.com/news/2025/09/22/the-latest-trump-talks-about-the-future-of-tiktok-white-house-to-announce-autism-findings/,The Latest: Trump talks about the future of TikTok; White House to announce autism findings,20250922T180000Z,local10.com,English,US,diplomacy,2025-09-22,2025-09-22 18:00:00+00:00,page_title,-1.88087774294671
https://www.edmontonexaminer.com:443/news/no-changes-to-ballot-counting-here,"No change to ballot counting in Millet, Wetaskiwin, Wetaskiwin County",20250923T000000Z,edmontonexaminer.com,English,CA,political_risk,2025-09-23,2025-09-23 00:00:00+00:00,page_title,0.498338870431894
https://www.executivegov.com/articles/frank-whitworth-nga-ai-standards-sensor-data,NGA Developing AI Standards to Manage Growing Space Data,20250923T000000Z,executivegov.com,English,US,conflict,2025-09-23,2025-09-23 00:00:00+00:00,page_title,2.13270142180095
https://conservativehq.com/post/ukraine-is-a-domino-nato-must-not-let-fall,Ukraine Is A Domino NATO Must Not Let Fall,20250923T120000Z,conservativehq.com,English,VM,diplomacy,2025-09-23,2025-09-23 12:00:00+00:00,page_title,-2.26781857451404
https://krcgtv.com/news/local/missouri-woman-to-be-sentenced-for-trying-to-sell-off-elvis-presleys-graceland,Missouri woman sentenced for trying to sell off Elvis Presley's Graceland,20250923T180000Z,krcgtv.com,English,NI,political_risk,2025-09-23,2025-09-23 18:00:00+00:00,page_title,-7.12121212121212
https://wadk.com/politics-news/f197b4978bff41d26aee7fbab16b7dcd,Politics News - 1540 WADK Newport,20250923T180000Z,wadk.com,English,FR,conflict,2025-09-23,2025-09-23 18:00:00+00:00,page_title,-3.09405940594059
https://www.kjzz.org/the-show/2025-09-23/new-focus-group-shows-latino-trump-voters-turning-against-the-president,New focus group shows Latino Trump voters turning against the president,20250924T000000Z,kjzz.org,English,US,political_risk,2025-09-24,2025-09-24 00:00:00+00:00,page_title,-0.82256169212691
https://www.lancashiretelegraph.co.uk/news/25487641.mcdonalds-restaurants-owner-joins-nelson-town-deal-board/,McDonald's restaurants owner joins Nelson Town Deal Board,20250924T060000Z,lancashiretelegraph.co.uk,English,EI,diplomacy,2025-09-24,2025-09-24 06:00:00+00:00,page_title,1.52963671128107
https://www.publicradiotulsa.org/npr-national-news/2025-09-24/typhoon-ragasa-batters-hong-kong-and-southern-china,Typhoon Ragasa batters Hong Kong and southern China,20250924T120000Z,publicradiotulsa.org,English,CH,conflict,2025-09-24,2025-09-24 12:00:00+00:00,page_title,-3.5264483627204
https://www.mining.com/g7-mulls-rare-earth-price-floors-other-measures-to-counter-china-reuters/,"G7 mulls rare earth price floors, other measures to counter China",20250924T180000Z,mining.com,English,AS,sanctions_trade,2025-09-24,2025-09-24 18:00:00+00:00,page_title,-3.38028169014085
https://www.citizensvoice.com/2025/09/24/education-school-bathrooms/,"NYC, Chicago, Fairfax schools could lose grants over bathroom policies",20250925T000000Z,citizensvoice.com,English,US,political_risk,2025-09-25,2025-09-25 00:00:00+00:00,page_title,-2.79394644935972
https://investinglive.com/forex/usdjpy-breakout-or-yet-another-fakeout-20250925/,USD/JPY breakout or yet another fakeout?,20250925T060000Z,investinglive.com,English,JA,political_risk,2025-09-25,2025-09-25 06:00:00+00:00,page_title,-1.66666666666667
https://www.hindustantimes.com/lifestyle/fashion/amazon-great-indian-festival-is-live-up-to-80-off-on-silk-sarees-top-8-picks-101758604309953.html,Amazon Great Indian Festival is LIVE: Up to 80% off on silk sarees; Top 8 picks,20250925T060000Z,hindustantimes.com,English,,political_risk,2025-09-25,2025-09-25 06:00:00+00:00,page_title,10.6891701828411
https://www.thisismoney.co.uk/money/markets/article-15132391/DFS-returns-profit-despite-subdued-consumer-demand-minimum-wage-increase.html,DFS returns to profit despite 'subdued' consumer demand,20250925T120000Z,thisismoney.co.uk,English,UK,monetary_policy,2025-09-25,2025-09-25 12:00:00+00:00,page_title,0.902255639097745
https://www.financialexpress.com/business/industry-our-vision-is-to-become-rs-8000-crore-company-in-5-6-years-kinetic-green-ceo-3989612/,"Our vision is to become Rs 8,000 crore company in 5-6 years: Kinetic Green CEO",20250925T180000Z,financialexpress.com,English,CE,sanctions_trade,2025-09-25,2025-09-25 18:00:00+00:00,page_title,-0.444938820912124
https://www.wlrn.org/npr-breaking-news/2025-09-26/assata-shakur-a-fugitive-black-militant-sought-by-the-u-s-since-1979-dies-in-cuba,"Assata Shakur, a fugitive Black militant sought by the U.S. since 1979, dies in Cuba",20250927T000000Z,wlrn.org,English,US,conflict,2025-09-27,2025-09-27 00:00:00+00:00,page_title,-4.97685185185185
https://www.penarthtimes.co.uk/news/25497471.senedd-unveils-100m-budget-including-21-increase/,"Senedd unveils £100m budget, including 21% increase",20250927T060000Z,penarthtimes.co.uk,English,,political_risk,2025-09-27,2025-09-27 06:00:00+00:00,page_title,0.0
https://www.herald-dispatch.com/opinion/letter-to-the-editor-ending-pbs-funding-fits-repressive-maga-agenda-opinion/article_cc2ccb7a-b5f6-429e-b7ac-ff8595843826.html,Letter: Ending PBS funding fits repressive agenda (Opinion) | Opinion,20250927T120000Z,herald-dispatch.com,English,US,political_risk,2025-09-27,2025-09-27 12:00:00+00:00,page_title,-2.85714285714286
https://www.wiltshiretimes.co.uk/news/national/25503857.mahmood-says-racists-among-attended-unite-kingdom-rally/,Mahmood says racists were among those who attended Unite the Kingdom rally,20250929T180000Z,wiltshiretimes.co.uk,English,UK,political_risk,2025-09-29,2025-09-29 18:00:00+00:00,page_title,-4.0948275862069
https://www.wiltsglosstandard.co.uk/news/national/25506750.farage-says-pms-branding-reform-immigration-policy-racist-disgrace/,Farage says PM's branding of Reform immigration policy as racist is a 'disgrace' | Wilts and Gloucestershire Standard,20250930T180000Z,wiltsglosstandard.co.uk,English,UK,political_risk,2025-09-30,2025-09-30 18:00:00+00:00,page_title,-3.15052508751459
https://www.currencynews.co.uk/forecast/20250930-44153_pound-to-euro-rate-today-gbp-eur-steady-at-%E2%82%AC1-144-ahead-of-inflation-data.html,Pound to Euro Rate Today: GBP/EUR Steady at €1.144 Ahead of Inflation Data,20251001T000000Z,currencynews.co.uk,English,GM,monetary_policy,2025-10-01,2025-10-01 00:00:00+00:00,page_title,0.498338870431894
https://www.whec.com/ap-top-news/hungary-clings-to-russian-oil-and-gas-as-eu-and-nato-push-to-cut-supplies/,Hungary clings to Russian oil and gas as EU and NATO push to cut supplies,20251004T060000Z,whec.com,English,RS,energy,2025-10-04,2025-10-04 06:00:00+00:00,page_title,-2.22398729150119
https://www.boerse-social.com/2025/10/05/21st_austria_weekly_-_ubm_warimpex_austrian_post_strabag_29092025,"21st Austria weekly - UBM, Warimpex, Austrian Post:, Strabag (29/09/2025)",20251005T120000Z,boerse-social.com,English,AU,monetary_policy,2025-10-05,2025-10-05 12:00:00+00:00,page_title,0.452488687782805
https://www.kugn.com/2025/10/05/busy-supreme-court-term-to-weigh-trump-agenda-woke-policies/,"Busy Supreme Court Term to Weigh Trump Agenda, Woke Policies",20251006T060000Z,kugn.com,English,US,political_risk,2025-10-06,2025-10-06 06:00:00+00:00,page_title,-6.44444444444445
https://www.marketscreener.com/news/indian-trade-deal-a-launchpad-for-growth-uk-pm-keir-starmer-ce7d5bd2dd88f022,"Indian trade deal a ""launchpad for growth"" — UK PM Keir Starmer",20251008T060000Z,marketscreener.com,English,IN,energy,2025-10-08,2025-10-08 06:00:00+00:00,page_title,1.0752688172043
https://katv.com/news/nation-world/qatar-to-build-air-force-facility-in-idaho-hegseth-praises-country-gaza-deal-support-israel-hamas-president-trump-steve-witkoff-jared-kushner,Qatar to build Air Force facility in Idaho; Hegseth praises country for Gaza deal support,20251011T060000Z,katv.com,English,US,diplomacy,2025-10-11,2025-10-11 06:00:00+00:00,page_title,3.66492146596859
https://www.independent.co.uk/news/world/europe/estonia-russia-saatse-boot-border-b2843932.html,Estonia shuts border crossing due to Russian military presence,20251012T120000Z,independent.co.uk,English,EN,conflict,2025-10-12,2025-10-12 12:00:00+00:00,page_title,-1.7156862745098
https://www.northweststar.com.au/story/9087170/victory-for-common-sense-labor-backdown-on-super-tax/,'Victory for common sense': Labor backdown on super tax,20251013T060000Z,northweststar.com.au,English,AS,monetary_policy,2025-10-13,2025-10-13 06:00:00+00:00,page_title,-1.33333333333333
https://theconversation.com/the-uk-military-says-russia-targets-its-satellites-on-a-weekly-basis-what-can-be-done-about-it-267232,The UK military says Russia targets its satellites on a weekly basis. What can be done about it?,20251013T180000Z,theconversation.com,English,UP,political_risk,2025-10-13,2025-10-13 18:00:00+00:00,page_title,-4.18454935622318
https://www.sloughobserver.co.uk/news/national/25543235.bereaved-will-judge-legislation-northern-ireland-troubles-legacy-mps-told/,"Bereaved will judge legislation on Northern Ireland Troubles legacy, MPs told",20251014T180000Z,sloughobserver.co.uk,English,EI,conflict,2025-10-14,2025-10-14 18:00:00+00:00,page_title,-2.39808153477218
https://wjla.com/news/local/skimmers-atms-gas-stations-credit-cards-maryland-virginia-alias-pioter-fedorenko-marko-puskas-fairfax-county-prince-georges-county-credit-card-police-investigation-charges,Man accused of putting skimmers on ATMs in Virginia also charged in Maryland,20251015T180000Z,wjla.com,English,US,conflict,2025-10-15,2025-10-15 18:00:00+00:00,page_title,-5.5363321799308
https://www.wdrb.com/news/national/democrats-say-they-wont-be-intimidated-by-trumps-threats-as-the-shutdown-enters-a-third/article_148f1f76-5fc4-559d-a9a9-55b330a0fef9.html,Democrats say they won't be intimidated by Trump's threats as the shutdown enters a third week,20251016T000000Z,wdrb.com,English,US,diplomacy,2025-10-16,2025-10-16 00:00:00+00:00,page_title,-2.48917748917749
https://www.financialexpress.com/money/take-a-loan-against-your-fd-to-clear-your-credit-card-dues-4014314/,Your loan queries answered: Should you take a loan against your FD to clear your credit card dues?,20251017T180000Z,financialexpress.com,English,,monetary_policy,2025-10-17,2025-10-17 18:00:00+00:00,page_title,0.602409638554217
https://redstateobserver.com/article.asp?id=237884,New York's Radical Shift: Socialism Rising in Cities,20251019T180000Z,redstateobserver.com,English,US,political_risk,2025-10-19,2025-10-19 18:00:00+00:00,page_title,-5.53745928338762
https://www.dailypolitical.com/2025/10/22/denali-advisors-llc-has-7-52-million-holdings-in-greif-inc-gef.html,"Denali Advisors LLC Has $7.52 Million Holdings in Greif, Inc. $GEF",20251022T120000Z,dailypolitical.com,English,US,political_risk,2025-10-22,2025-10-22 12:00:00+00:00,page_title,1.40474100087796
https://wnnj.iheart.com/content/2025-10-22-charity-boss-allegedly-spent-10-million-in-taxpayer-money-to-buy-mansions/,Charity Boss Allegedly Spent $10 Million In Taxpayer Money To Buy Mansions,20251022T180000Z,iheart.com,English,US,political_risk,2025-10-22,2025-10-22 18:00:00+00:00,page_title,-8.94308943089431
https://ianslive.in/sit-records-arrest-in-sabarimala-gold-scam-case-of-ex-official-murari-babu--20251023094140,Sabarimala gold scam case: SIT arrests ex-official Murari Babu (Ld),20251023T060000Z,ianslive.in,English,IN,conflict,2025-10-23,2025-10-23 06:00:00+00:00,page_title,-4.59770114942529
http://www.saltlakecitysun.com/news/278648823/trump-threatens-aid-cut-forces-recall-of-colombian-ambassador,"Trump threatens aid cut, forces recall of Colombian ambassador",20251024T060000Z,saltlakecitysun.com,English,CO,political_risk,2025-10-24,2025-10-24 06:00:00+00:00,page_title,-3.29218106995885
https://www.rhyljournal.co.uk/news/national/25569247.drill-rapper-jailed-murdering-man-whose-brother-killed-years-later/,Drill rapper jailed for murdering man whose brother was killed years later,20251024T120000Z,rhyljournal.co.uk,English,UK,conflict,2025-10-24,2025-10-24 12:00:00+00:00,page_title,-9.58164642375169
https://www.bordermail.com.au/story/9096869/seven-things-we-like-about-the-mg-hs-hybrid/,Seven things we like about the MG HS Hybrid+,20251025T000000Z,bordermail.com.au,English,,conflict,2025-10-25,2025-10-25 00:00:00+00:00,page_title,2.28706624605678
https://www.sanfordherald.com/news/national/kurdish-pkk-says-withdrawing-all-forces-from-turkey-to-north-iraq/article_0d67addd-9a56-5549-b550-ec5115c884bd.html,Kurdish PKK says withdrawing all forces from Turkey to north Iraq,20251026T120000Z,sanfordherald.com,English,TU,conflict,2025-10-26,2025-10-26 12:00:00+00:00,page_title,-0.95389507154213
https://www.amren.com/news/2025/10/western-union-reports-fewer-u-s-dollars-being-sent-home-by-migrants/,Western Union Reports Fewer U.S. Dollars Being Sent Home by Migrants - American Renaissance,20251028T000000Z,amren.com,English,EC,conflict,2025-10-28,2025-10-28 00:00:00+00:00,page_title,-5.82010582010582
https://myfox28columbus.com/news/nation-world/us-military-kills-14-alleged-drug-traffickers-multiple-strikes-eastern-pacific-nicolas-madura-caribbean-venezuelan-cia-operations-miltary,US military kills 14 alleged drug traffickers; multiple strikes in Eastern Pacific,20251029T060000Z,myfox28columbus.com,English,US,conflict,2025-10-29,2025-10-29 06:00:00+00:00,page_title,-6.25
http://www.calcuttanews.net/news/278662580/amit-shah-jibes-at-mahagathbandhan-parivarvaad-during-darbhanga-rally-highlights-bjp-fielding-young-face-maithili-thakur,Amit Shah jibes at Mahagathbandhan's 'parivarvaad' during Darbhanga rally; highlights BJP fielding young face Maithili Thakur,20251029T120000Z,calcuttanews.net,English,IN,diplomacy,2025-10-29,2025-10-29 12:00:00+00:00,page_title,1.5748031496063
https://www.ypradio.org/npr-news/2025-10-29/trump-says-hes-confident-of-a-deal-ahead-of-xi-meeting,Trump says he's confident of a deal ahead of Xi meeting,20251029T120000Z,ypradio.org,English,CH,political_risk,2025-10-29,2025-10-29 12:00:00+00:00,page_title,-1.70015455950541
https://wjdx.iheart.com/content/2025-10-29-trumps-approval-rating-sets-record-for-second-term/,Trump's Approval Rating Sets Record For Second Term,20251029T180000Z,iheart.com,English,US,monetary_policy,2025-10-29,2025-10-29 18:00:00+00:00,page_title,0.952380952380953
https://www.graphic.com.gh/lifestyle/life/10-cheapest-countries-to-visit-in-2025-number-4-will-surprise-you.html,10 Cheapest countries to visit in 2025 — Number 4 will surprise you,20251030T180000Z,graphic.com.gh,English,GH,conflict,2025-10-30,2025-10-30 18:00:00+00:00,page_title,4.32395332875772
https://www.livelaw.in/high-court/kerala-high-court/kerala-high-court-haal-movie-cbfc-certification-shane-nigam-cuts-308479,"Creative Freedom Must Be Balanced, CBFC Failed Logic: 'Haal' Filmmakers Tell Kerala High Court Over 'A' Certification, Cuts",20251031T180000Z,livelaw.in,English,IN,political_risk,2025-10-31,2025-10-31 18:00:00+00:00,page_title,-3.19548872180451
https://www.staradvertiser.com/2025/11/03/hawaii-news/thebus-gives-final-contract-offer-to-local-996/,TheBus gives final contract offer to Local 996 | Honolulu Star-Advertiser,20251103T120000Z,staradvertiser.com,English,US,political_risk,2025-11-03,2025-11-03 12:00:00+00:00,page_title,-0.31813361611877
https://www.kcra.com/article/2025-kcra-turkey-drive-cal-expo/69062189,2025 KCRA Turkey Drive: How to help on Nov. 14,20251104T000000Z,kcra.com,English,US,conflict,2025-11-04,2025-11-04 00:00:00+00:00,page_title,0.0
https://www.marketscreener.com/news/singapore-bank-dbs-s-third-quarter-net-profit-declines-2-on-year-ce7d5cdddd8af121,Singapore's DBS sees weaker 2026 net profit after Q3 earnings dip,20251106T000000Z,marketscreener.com,English,IN,political_risk,2025-11-06,2025-11-06 00:00:00+00:00,page_title,2.36220472440945
https://qcostarica.com/drug-traffickers-infiltrated-in-santa-ana-eight-ringleaders-operate-in-the-canton-says-the-mayor/,"Drug traffickers infiltrated in Santa Ana: eight ringleaders operate in the canton, says the mayor",20251107T000000Z,qcostarica.com,English,CS,political_risk,2025-11-07,2025-11-07 00:00:00+00:00,page_title,-5.47045951859956
https://www.moneycontrol.com/news/business/markets/taking-stock-market-ends-flat-amid-sharp-recovery-auto-metal-financials-gain-13660095.html,"Taking Stock: Market ends flat amid sharp recovery; auto, metal, financials gain",20251107T120000Z,moneycontrol.com,English,IN,energy,2025-11-07,2025-11-07 12:00:00+00:00,page_title,-0.611888111888112
https://www.wellingtontimes.com.au/story/9107151/doctor-reveals-unsafe-jail-conditions-at-death-inquest/,Doctor reveals unsafe jail conditions at death inquest,20251107T120000Z,wellingtontimes.com.au,English,,conflict,2025-11-07,2025-11-07 12:00:00+00:00,page_title,-10.4539202200825
https://freerepublic.com/focus/f-religion/4351401/posts,"AMERICAN PRAYER VIGIL - November 8, 2025",20251108T060000Z,freerepublic.com,English,US,conflict,2025-11-08,2025-11-08 06:00:00+00:00,page_title,5.83333333333333
https://www.yahoo.com/lifestyle/articles/us-state-highest-home-ownership-173000850.html,The US State With The Highest Home Ownership Rate Is Considered One Of The Worst To Live In,20251108T180000Z,yahoo.com,English,US,conflict,2025-11-08,2025-11-08 18:00:00+00:00,page_title,0.761904761904762
https://www.informamolise.com/?i=334434114,Clearance navy wrap midi dress Top Sellers,20251109T180000Z,informamolise.com,English,,conflict,2025-11-09,2025-11-09 18:00:00+00:00,page_title,1.81818181818182
https://k945.com/ixp/180/p/shreveport-guilty-shooting-robbery/,Man Pleads Guilty to Attempted Armed Robbery in Caddo Court,20251110T180000Z,k945.com,English,,political_risk,2025-11-10,2025-11-10 18:00:00+00:00,page_title,-5.18292682926829
https://www.longislandpress.com/2025/11/11/a-new-kind-of-old-fashioned-democrat-redefining-the-democratic-party/,A new kind of old-fashioned Democrat: redefining the Democratic Party,20251111T180000Z,longislandpress.com,English,US,monetary_policy,2025-11-11,2025-11-11 18:00:00+00:00,page_title,0.973574408901252
https://www.politico.eu/sponsored-content/cities-stand-ready-to-lead-the-decade-of-delivery-at-cop30/,Cities stand ready to lead the decade of delivery at COP30,20251111T180000Z,politico.eu,English,BR,diplomacy,2025-11-11,2025-11-11 18:00:00+00:00,page_title,2.24929709465792
https://www.canberratimes.com.au/story/9109681/passionate-debate-during-hours-long-climate-talks/,'Passionate' debate during hours-long climate talks,20251112T120000Z,canberratimes.com.au,English,AS,diplomacy,2025-11-12,2025-11-12 12:00:00+00:00,page_title,0.132978723404255
https://www.macombdaily.com/2025/11/14/one-to-one-john-yoko-on-hbo-5-things-to-know/,"'One To One: John & Yoko' on HBO, 5 Things to Know – Macomb Daily",20251114T180000Z,macombdaily.com,English,UK,diplomacy,2025-11-14,2025-11-14 18:00:00+00:00,page_title,-0.269299820466786
https://www.moreechampion.com.au/story/9112337/mitsubishi-triton-hybrid-wont-employ-nissan-or-renault-tech/,Mitsubishi Triton Hybrid won't employ Nissan or Renault tech,20251115T000000Z,moreechampion.com.au,English,AS,diplomacy,2025-11-15,2025-11-15 00:00:00+00:00,page_title,2.00400801603206
https://indianexpress.com/article/cities/delhi/two-suspected-operatives-of-tajpuria-gang-arrested-murder-plot-foiled-10366671/,"Two suspected operatives of Tajpuria gang arrested, murder plot foiled",20251115T000000Z,indianexpress.com,English,IN,conflict,2025-11-15,2025-11-15 00:00:00+00:00,page_title,-3.86363636363636
https://names.newkerala.com/meaning/beomia.html,"Beomia Name Meaning, Origin & Numerology Analysis | NewKerala Baby Name Details",20251116T060000Z,newkerala.com,English,UK,conflict,2025-11-16,2025-11-16 06:00:00+00:00,page_title,7.64774044032445
https://abcnews.go.com/International/wireStory/polands-tusk-blames-act-sabotage-railway-line-explosion-127585025,Poland's Tusk blames 'act of sabotage' for railway line explosion near Warsaw,20251117T180000Z,go.com,English,PL,diplomacy,2025-11-17,2025-11-17 18:00:00+00:00,page_title,-5.53846153846154
https://www.tickerreport.com/banking-finance/13255197/geode-capital-management-llc-purchases-208249-shares-of-celestica-inc-cls.html,"Geode Capital Management LLC Purchases 208,249 Shares of Celestica, Inc. $CLS",20251119T120000Z,tickerreport.com,English,CA,political_risk,2025-11-19,2025-11-19 12:00:00+00:00,page_title,2.34604105571848
https://www.ktvh.com/politics/the-president/trump-and-saudi-arabia-tout-new-business-deals-brush-off-questions-over-jamal-khashoggis-2018-death,"At business forum, Trump and Saudi Arabia brush off legacy of journalist's death",20251120T060000Z,ktvh.com,English,IS,energy,2025-11-20,2025-11-20 06:00:00+00:00,page_title,2.61584454409567
https://k103.iheart.com/content/2025-11-21-bruce-willis-daughter-shares-emotional-update-amid-his-dementia-battle/,Bruce Willis' Daughter Shares Emotional Update Amid His Dementia Battle,20251122T000000Z,iheart.com,English,,conflict,2025-11-22,2025-11-22 00:00:00+00:00,page_title,4.36363636363636
https://kw3.com/ixp/1134/p/kittitas-man-arrested-assault-trespassing/,Kittitas Man Arrested After Alleged Deputy Assault,20251122T000000Z,kw3.com,English,,conflict,2025-11-22,2025-11-22 00:00:00+00:00,page_title,-6.426735218509
http://www.israelherald.com/news/278708263/piyush-goyal-advances-strategic-cooperation-with-israel-across-agriculture-technology-trade,"Piyush Goyal advances strategic cooperation with Israel across agriculture, technology, trade",20251122T120000Z,israelherald.com,English,IN,diplomacy,2025-11-22,2025-11-22 12:00:00+00:00,page_title,5.50660792951542
https://www.christianpost.com/voices/woke-atonement-is-broke-atonement.html,Woke atonement is broke atonement,20251124T060000Z,christianpost.com,English,,diplomacy,2025-11-24,2025-11-24 06:00:00+00:00,page_title,-2.6355421686747
https://www.nerdwallet.com/insurance/homeowners/learn/average-homeowners-insurance-cost,How Much Is Homeowners Insurance? Average 2025 Rates,20251125T180000Z,nerdwallet.com,English,US,monetary_policy,2025-11-25,2025-11-25 18:00:00+00:00,page_title,-0.429389312977099
https://www.nynganobserver.com.au/story/9120598/prepare-with-davey-firefighter-pumps-before-bushfire-season/,Prepare with Davey Firefighter pumps before bushfire season,20251126T060000Z,nynganobserver.com.au,English,AS,energy,2025-11-26,2025-11-26 06:00:00+00:00,page_title,1.38355111452729
https://www.lancashiretelegraph.co.uk/news/national/25653103.sucker-punch-savers-annual-cash-isa-limit-cut-12-000/,"'Sucker punch' for savers as annual cash Isa limit to be cut to £12,000",20251126T180000Z,lancashiretelegraph.co.uk,English,UK,monetary_policy,2025-11-26,2025-11-26 18:00:00+00:00,page_title,2.31532524807056
https://dailyhive.com/canada/beauty-gifts-2025,More than 20 of the best gifts for beauty lovers this holiday season,20251127T180000Z,dailyhive.com,English,FR,conflict,2025-11-27,2025-11-27 18:00:00+00:00,page_title,6.97004608294931
https://www.wimbledonguardian.co.uk/news/25645673.freedom-independent-living-support-minterne-apartments/,The freedom of independent living with support at Minterne Apartments,20251129T120000Z,wimbledonguardian.co.uk,English,UK,diplomacy,2025-11-29,2025-11-29 12:00:00+00:00,page_title,6.98324022346369
https://globalvoices.org/2025/11/30/nigerian-muslim-and-christian-peace-advocates-call-for-calm-unity-amid-us-designation-as-a-country-of-particular-concern/,"Nigerian Muslim and Christian peace advocates call for calm, unity amid US designation as a 'Country of Particular Concern' · Global Voices",20251130T060000Z,globalvoices.org,English,NI,political_risk,2025-11-30,2025-11-30 06:00:00+00:00,page_title,-2.82286520818631
https://www.koat.com/article/truck-driving-schools-face-federal-crackdown/69597269,Review finds 44% of trucking schools don't comply with government rules,20251202T060000Z,koat.com,English,US,conflict,2025-12-02,2025-12-02 06:00:00+00:00,page_title,-3.37591240875912
https://www.boredpanda.com/blaming-fiance-thanksgiving-disaster/?cexp_id=141306&cexp_var=1&_f=homepage_featured,Woman Rethinks Her Engagement After Fiancé's Lie About Her Family Blows Up During Holiday Dinner,20251202T120000Z,boredpanda.com,English,,conflict,2025-12-02,2025-12-02 12:00:00+00:00,page_title,-3.75634517766497
https://aninews.in/news/national/general-news/nia-raids-over-20-places-in-haryana-bihar-up-in-alleged-ammunition-trafficking-case20251204103052/,"NIA raids over 20 places in Haryana, Bihar, UP in alleged ammunition trafficking case",20251204T060000Z,aninews.in,English,IN,conflict,2025-12-04,2025-12-04 06:00:00+00:00,page_title,-8.77862595419847
https://thestandard.nz/the-governments-59-policy-changes-that-are-destroying-the-countrys-climate-response/,The Government's 59 policy changes that are destroying the country's climate response «  The Standard,20251205T120000Z,thestandard.nz,English,NZ,energy,2025-12-05,2025-12-05 12:00:00+00:00,page_title,-2.96846011131725
https://www.yahoo.com/news/articles/economy-finally-tanking-trump-approval-170339299.html,Economy Is Finally Tanking Trump's Approval Rating,20251206T000000Z,yahoo.com,English,US,monetary_policy,2025-12-06,2025-12-06 00:00:00+00:00,page_title,-0.865800865800866
https://www.yumasun.com/news/national_news/ap-news-summary-at-6-10-p-m-est/article_7d4c17cf-e9f8-5ca8-b47e-760a9a4fdc7b.html,AP News Summary at 6:10 p.m. EST,20251207T000000Z,yumasun.com,English,US,diplomacy,2025-12-07,2025-12-07 00:00:00+00:00,page_title,-3.42465753424658
https://www.malaymail.com/news/world/2025/12/07/fresh-landslide-alerts-in-sri-lanka-as-cyclone-ditwah-devastation-pushes-regional-death-toll-to-1812/201102,"Fresh landslide alerts in Sri Lanka as Cyclone Ditwah devastation pushes regional death toll to 1,812",20251207T120000Z,malaymail.com,English,ID,political_risk,2025-12-07,2025-12-07 12:00:00+00:00,page_title,-3.15638450502152
https://auto.economictimes.indiatimes.com/news/auto-technology/genesys-digital-twin-map-for-varanasi-wins-prestigious-govconnect-award/125833485,"Genesys' Digital Twin Map for Varanasi Wins Prestigious GovConnect Award, ETAuto",20251208T120000Z,indiatimes.com,English,IN,conflict,2025-12-08,2025-12-08 12:00:00+00:00,page_title,3.3457249070632
https://www.ksmu.org/2025-12-09/a-101-year-old-runs-the-largest-nutcracker-museum-in-the-u-s-heres-a-look-inside,A 101-year-old runs the largest nutcracker museum in the U.S. Here's a look inside,20251209T120000Z,ksmu.org,English,US,political_risk,2025-12-09,2025-12-09 12:00:00+00:00,page_title,2.03045685279188
https://www.capitalfm.co.ke/news/2025/12/sonko-unveils-new-party-signals-bold-return-to-politics/,"Sonko Unveils New Party, Signals Bold Return to Politics",20251209T120000Z,capitalfm.co.ke,English,KE,political_risk,2025-12-09,2025-12-09 12:00:00+00:00,page_title,5.43478260869565
https://finance.yahoo.com/news/3-finance-stocks-leaving-coal-152800640.html,3 Finance Stocks Leaving Coal in Investors Stockings,20251210T000000Z,yahoo.com,English,,monetary_policy,2025-12-10,2025-12-10 00:00:00+00:00,page_title,-2.09545983701979
https://www.ynetnews.com/article/b1jzsc8z11g,AI disinformation and foreign meddling put Israel's 2026 election integrity to the te,20251210T120000Z,ynetnews.com,English,IS,political_risk,2025-12-10,2025-12-10 12:00:00+00:00,page_title,-1.44927536231884
https://www.yoursourceone.com/business/divided-fed-set-to-announce-decision-on-interest-rates/article_bba53f66-a6da-5b3d-ac6b-865083f29c79.html,Divided Fed set to announce decision on interest rates,20251210T180000Z,yoursourceone.com,English,US,monetary_policy,2025-12-10,2025-12-10 18:00:00+00:00,page_title,-2.8957528957529
https://www.bollywoodhungama.com/news/features/smriti-irani-drops-fiery-instagram-post-goes-viral-calls-dhurandhar-symbol-power-hard-hitting-message/,Smriti Irani drops fiery Instagram post that goes viral; calls Dhurandhar a symbol of power with a hard-hitting message : Bollywood News,20251211T000000Z,bollywoodhungama.com,English,IN,political_risk,2025-12-11,2025-12-11 00:00:00+00:00,page_title,0.896860986547085
https://en.interfax.com.ua/news/general/1127633.html,EU leaders to decide on financial support for Ukraine for 2026-27,20251211T120000Z,interfax.com.ua,English,GM,diplomacy,2025-12-11,2025-12-11 12:00:00+00:00,page_title,1.69971671388102
https://www.thetimes.com/business/entrepreneurs/article/i-quit-being-a-banker-to-build-my-dream-bakery-in-yorkshire-rxm7cbdqv,I quit being a banker to build my dream bakery in Yorkshire,20251211T120000Z,thetimes.com,English,UK,monetary_policy,2025-12-11,2025-12-11 12:00:00+00:00,page_title,1.94862710363153
https://www.rigzone.com/news/usa_crude_oil_stocks_drop_nealy_2mm_barrels_wow-12-dec-2025-182521-article/,USA Crude Oil Stocks Drop Nealy 2MM Barrels WoW,20251212T120000Z,rigzone.com,English,US,energy,2025-12-12,2025-12-12 12:00:00+00:00,page_title,-1.28040973111396
https://www.orissapost.com/release-of-anupama-parameswarans-film-lockdown-postponed-yet-again/,Release of Anupama Parameswaran's film 'Lockdown' postponed yet again,20251214T060000Z,orissapost.com,English,IN,conflict,2025-12-14,2025-12-14 06:00:00+00:00,page_title,-4.60624071322437
https://www.fdiintelligence.com/content/0e048578-17ee-4eed-a4b3-1128ca762ff8,fDi Intelligence – Your source for foreign direct investment information,20251216T120000Z,fdiintelligence.com,English,CH,diplomacy,2025-12-16,2025-12-16 12:00:00+00:00,page_title,-3.72208436724566
https://www.michigandaily.com/news/news-briefs/saline-township-resident-takes-legal-action-to-stop-data-center/,Saline Township resident takes legal action to stop data center,20251217T060000Z,michigandaily.com,English,US,diplomacy,2025-12-17,2025-12-17 06:00:00+00:00,page_title,-2.09677419354839
http://www.myanmarnews.net/news/278761044/indian-share-market-opens-lower-amid-global-sell-off-but-nifty-it-surge-1-despite-us-tech-selling,"Indian share market opens lower amid global sell-off, but Nifty IT surge 1 % despite US tech selling",20251218T060000Z,myanmarnews.net,English,IN,monetary_policy,2025-12-18,2025-12-18 06:00:00+00:00,page_title,-3.45489443378119
https://us.cnn.com/2025/12/18/politics/trump-address-economy-affordability-inflation-analysis,Trump's White House address doubles down on a political error,20251218T120000Z,cnn.com,English,US,political_risk,2025-12-18,2025-12-18 12:00:00+00:00,page_title,-1.82149362477231
https://www.westword.com/arts-culture/dairy-arts-center-buys-back-its-building-from-the-city-of-boulder-40819311/,Dairy Arts Center Buys Back Its Building from the City of Boulder,20251219T000000Z,westword.com,English,,political_risk,2025-12-19,2025-12-19 00:00:00+00:00,page_title,6.27130197682345
https://www.airforcetimes.com/news/your-military/2025/12/19/us-launches-operation-to-eliminate-isis-fighters-in-syria-hegseth/,US launches operation to 'eliminate' ISIS fighters in Syria: Hegseth,20251220T000000Z,airforcetimes.com,English,US,diplomacy,2025-12-20,2025-12-20 00:00:00+00:00,page_title,-5.33088235294118
https://www.1049nashicon.com/2025/12/21/taylor-swifts-the-life-of-a-showgirl-claims-tenth-week-at-no-1-on-billboard-200/,Taylor Swift's 'The Life Of A Showgirl' Claims Tenth Week At No. 1 On Billboard 200,20251222T120000Z,1049nashicon.com,English,,conflict,2025-12-22,2025-12-22 12:00:00+00:00,page_title,0.964630225080386
http://www.dallassun.com/news/278769545/u-s-surge-in-pre-christmas-rally-dow-adds-228-points,"U.S. surge in pre-Christmas rally, Dow adds 228 points",20251223T000000Z,dallassun.com,English,US,monetary_policy,2025-12-23,2025-12-23 00:00:00+00:00,page_title,-0.843881856540085
https://www.fxstreet.com/analysis/economic-outlook-2026-2027-in-advanced-countries-solidity-test-202512181739,Economic outlook 2026-2027 in advanced countries: Solidity test,20251223T180000Z,fxstreet.com,English,GM,energy,2025-12-23,2025-12-23 18:00:00+00:00,page_title,1.59744408945687
https://www.elciudadano.com/en/progressive-parties-reject-u-s-national-security-strategy-claim-it-threatens-sovereignty-over-strategic-resources/12/25/,"Progressive Parties Reject U.S. National Security Strategy, Claim It Threatens Sovereignty Over Strategic Resources",20251225T120000Z,elciudadano.com,English,US,diplomacy,2025-12-25,2025-12-25 12:00:00+00:00,page_title,-3.17892824704814
https://www.china-briefing.com/news/standard-use-trademarks-in-china-compliance-risks/,Standard Use of Trademarks in China: Legal Requirements and Risks,20251226T120000Z,china-briefing.com,English,CH,political_risk,2025-12-26,2025-12-26 12:00:00+00:00,page_title,-2.85510349750179
https://www.sthelensstar.co.uk/news/national/25724555.really-positive-start-boxing-day-shopping-footfall-retail-parks/,'Really positive start' for Boxing Day shopping as footfall up at retail parks,20251226T180000Z,sthelensstar.co.uk,English,UK,monetary_policy,2025-12-26,2025-12-26 18:00:00+00:00,page_title,2.58215962441315
https://www.businesstoday.in/latest/trends/story/system-penalises-growth-bengaluru-entrepreneur-vows-to-leave-india-after-paying-rs4-cr-in-taxes-508386-2025-12-28,'System penalises growth': Bengaluru entrepreneur vows to leave India after paying ₹4 cr in taxes,20251228T120000Z,businesstoday.in,English,IN,conflict,2025-12-28,2025-12-28 12:00:00+00:00,page_title,-3.65296803652968
https://www.orissapost.com/thackeray-brothers-formalise-alliance-before-bmc-polls/,Thackeray brothers formalise alliance before BMC polls,20251229T180000Z,orissapost.com,English,IN,political_risk,2025-12-29,2025-12-29 18:00:00+00:00,page_title,0.66334991708126
https://www.manilatimes.net/2025/12/30/tmt-newswire/globenewswire/gary-gordon-launches-prestigious-scholarship-to-support-the-next-generation-of-undergraduate-entrepreneurs/2250621,Gary Gordon Launches Prestigious Scholarship to Support the Next Generation of Undergraduate Entrepreneurs,20251229T180000Z,manilatimes.net,English,US,political_risk,2025-12-29,2025-12-29 18:00:00+00:00,page_title,9.33572710951526
https://www.cjhk.ca/2025/12/29/grocery-code-of-conduct-set-to-kick-in-what-will-it-mean-for-you/,Grocery code of conduct set to kick in: what will it mean for you?,20251230T000000Z,cjhk.ca,English,,diplomacy,2025-12-30,2025-12-30 00:00:00+00:00,page_title,0.282485875706215
https://www.wkms.org/npr-news/2025-12-31/cia-behind-strike-at-venezuelan-dock-that-trump-claims-was-used-by-drug-smugglers-ap-sources-say,"CIA behind strike at Venezuelan dock that Trump claims was used by drug smugglers, AP sources say",20251231T120000Z,wkms.org,English,US,energy,2025-12-31,2025-12-31 12:00:00+00:00,page_title,-1.76056338028169
https://www.firstpost.com/world/ukraine-launches-drone-strikes-on-energy-facilities-across-russias-krasnodar-tatarstan-and-kaluga-regions-ws-e-13964644.html,"Ukraine launches drone strikes on energy facilities across Russia's Krasnodar, Tatarstan and Kaluga regions – Firstpost",20260101T180000Z,firstpost.com,English,RS,energy,2026-01-01,2026-01-01 18:00:00+00:00,page_title,-3.78378378378378
https://www.thehindubusinessline.com/markets/gold/precious-metals-kick-off-the-new-year-higher-after-a-robust-2025-rally/article70462761.ece,Precious metals kick off the New Year higher after a robust 2025 rally,20260102T060000Z,thehindubusinessline.com,English,US,monetary_policy,2026-01-02,2026-01-02 06:00:00+00:00,page_title,-0.43859649122807
https://www.southwalesguardian.co.uk/news/national/25734478.lidl-sales-surge-10-record-breaking-christmas/,Lidl sales surge 10% in 'record-breaking' Christmas,20260102T120000Z,southwalesguardian.co.uk,English,UK,diplomacy,2026-01-02,2026-01-02 12:00:00+00:00,page_title,1.14678899082569
https://kfanplus.iheart.com/content/2026-01-03-maduro-wife-set-to-face-american-justice-on-american-soil-bondi/,"Maduro, Wife Set To Face 'American Justice On American Soil': Bondi",20260103T180000Z,iheart.com,English,VE,political_risk,2026-01-03,2026-01-03 18:00:00+00:00,page_title,-5.40540540540541
https://www.thehindubusinessline.com/portfolio/big-story/equities-in-2026-one-up-on-the-great-humiliator/article70464483.ece,Equities in 2026: What Investors Should Know About The Great Humiliator,20260103T180000Z,thehindubusinessline.com,English,IN,monetary_policy,2026-01-03,2026-01-03 18:00:00+00:00,page_title,0.0933271115258982
https://www.kob.com/ap-top-news/ap-top-news-general/after-ousting-maduro-in-venezuela-trump-commits-himself-to-another-foreign-policy-project/,"After ousting Maduro in Venezuela, Trump commits himself to another foreign policy project",20260104T000000Z,kob.com,English,US,diplomacy,2026-01-04,2026-01-04 00:00:00+00:00,page_title,-2.85714285714286
https://www.seattletimes.com/business/seattle-downtown-retail-struggles-but-upsides-abound-jon-talton/,"Seattle downtown retail struggles, but upsides abound | Jon Talton",20260104T000000Z,seattletimes.com,English,US,monetary_policy,2026-01-04,2026-01-04 00:00:00+00:00,page_title,-0.845070422535211
https://www.kvpr.org/npr-news/2026-01-05/7-takeaways-from-trumps-incursion-into-venezuela,7 takeaways from Trump's incursion into Venezuela,20260105T120000Z,kvpr.org,English,US,energy,2026-01-05,2026-01-05 12:00:00+00:00,page_title,-3.55695632597929
https://indianexpress.com/article/cities/pune/pcmc-polls-second-training-session-officers-staffers-vote-counting-10457166/,"PCMC polls: Second training session begins for officers, staffers appointed for vote counting",20260105T180000Z,indianexpress.com,English,IN,diplomacy,2026-01-05,2026-01-05 18:00:00+00:00,page_title,-1.86170212765957
https://www.cbsnews.com/news/iran-protests-us-trump-2026/,Activists report dozens killed amid Iran protests after Trump's warning of a possible U.S. intervention,20260106T180000Z,cbsnews.com,English,IR,political_risk,2026-01-06,2026-01-06 18:00:00+00:00,page_title,-9.39597315436242
https://www.foxnews.com/politics/trump-ousting-maduro-draws-parallels-us-raid-panama-some-major-contrasts,Trump case against Maduro bears hallmarks to US actions in Panama,20260107T000000Z,foxnews.com,English,US,energy,2026-01-07,2026-01-07 00:00:00+00:00,page_title,-5.96273291925466
https://www.independent.co.uk/news/uk/politics/uk-troops-ukraine-coalition-of-willing-trump-b2895772.html,UK and France sign historic deal to send troops to Ukraine with Trump's blessing,20260107T060000Z,independent.co.uk,English,FR,diplomacy,2026-01-07,2026-01-07 06:00:00+00:00,page_title,3.05343511450382
https://www.independent.co.uk/news/world/americas/trump-greenland-white-house-venezuela-oil-live-updates-b2895852.html,Trump-Greenland latest: White House warns it's 'always an option' to use US military to take territory,20260107T120000Z,independent.co.uk,English,US,diplomacy,2026-01-07,2026-01-07 12:00:00+00:00,page_title,-2.31848688224527
https://www.southwalesargus.co.uk/news/25750010.britons-criticise-trumps-actions-agree-reasoning/,Britons criticise Trump's actions but agree with reasoning?,20260109T000000Z,southwalesargus.co.uk,English,UK,energy,2026-01-09,2026-01-09 00:00:00+00:00,page_title,-2.76243093922652
https://mix931.iheart.com/content/2026-01-09-lawyer-avoiding-becoming-pariah-by-quitting-reiner-murder-case-insiders/,Lawyer Avoided Becoming 'Pariah' By Quitting Reiner Murder Case: Insiders,20260109T180000Z,iheart.com,English,US,conflict,2026-01-09,2026-01-09 18:00:00+00:00,page_title,-3.71747211895911
https://www.wyomingpublicmedia.org/2026-01-10/who-is-reza-pahlavi-the-exiled-crown-prince-encouraging-demonstrations-across-iran,"Who is Reza Pahlavi, the exiled Crown Prince encouraging demonstrations across Iran?",20260111T000000Z,wyomingpublicmedia.org,English,IR,energy,2026-01-11,2026-01-11 00:00:00+00:00,page_title,-5.16304347826087
https://www.kmxt.org/2026-01-10/nationwide-anti-ice-protests-call-for-accountability-after-renee-goods-death,Nationwide anti-ICE protests call for accountability after Renee Good's death,20260111T060000Z,kmxt.org,English,US,conflict,2026-01-11,2026-01-11 06:00:00+00:00,page_title,-5.2112676056338
https://www.dunfermlinepress.com/news/national/25756314.iran-warns-us-strikes-activists-say-protest-death-toll-reaches-203/,Iran warns against US strikes as activists say protest death toll reaches 203,20260111T180000Z,dunfermlinepress.com,English,IR,conflict,2026-01-11,2026-01-11 18:00:00+00:00,page_title,-4.62686567164179
https://www.kentonline.co.uk/medway/news/man-threatened-to-petrol-bomb-mosque-and-mcdonald-s-334999/,Chatham man sentenced after threatening to 'petrol bomb' Masjid-UI-Abraar Mosque and McDonald's,20260113T060000Z,kentonline.co.uk,English,UK,conflict,2026-01-13,2026-01-13 06:00:00+00:00,page_title,-5.51558752997602
https://www.e-flux.com/announcements/6785042/exhibitions-2026,Exhibitions 2026 - Announcements,20260113T060000Z,e-flux.com,English,SP,energy,2026-01-13,2026-01-13 06:00:00+00:00,page_title,3.36763330215154
https://www.executivebiz.com/articles/brian-kesecker-kpler-interview-maritime-intel,Brian Kesecker Kpler Interview—Unclassified Maritime Intel,20260115T180000Z,executivebiz.com,English,,diplomacy,2026-01-15,2026-01-15 18:00:00+00:00,page_title,1.82315405651778
https://www.thechronicle-online.com:443/livestock/premier-ford-attends-dfo-annual-to-reinforce-his-support-of-the-system,Premier Ford attends DFO annual to reinforce his support of the system,20260116T180000Z,thechronicle-online.com,English,CA,diplomacy,2026-01-16,2026-01-16 18:00:00+00:00,page_title,3.84615384615385
https://www.adgully.com/post/11344/kay-beauty-partners-with-falguni-shane-peacock-for-limited-edition-couture-inspired-collection,Kay Beauty partners with Falguni Shane Peacock for limited-edition couture-inspired collection,20260120T060000Z,adgully.com,English,BR,energy,2026-01-20,2026-01-20 06:00:00+00:00,page_title,10.2844638949672
https://1025kiss.com/ixp/156/p/extra-linemen-headed-to-east-texas/,Extra Linemen Reportedly Headed to East Texas Before Winter Storm,20260123T000000Z,1025kiss.com,English,US,conflict,2026-01-23,2026-01-23 00:00:00+00:00,page_title,2.41691842900302
https://www.clydebankpost.co.uk/news/national/25793809.trump-threatens-canada-100-tariffs-trade-deal-china/,Trump threatens Canada with 100% tariffs over trade deal with China,20260124T180000Z,clydebankpost.co.uk,English,CH,diplomacy,2026-01-24,2026-01-24 18:00:00+00:00,page_title,-1.58311345646438
https://www.thetimes-tribune.com/2026/01/26/los-angeles-homeless-fraud/,Los Angeles homeless services CEO charged with defrauding taxpayers to pay for luxury lifestyle,20260127T000000Z,thetimes-tribune.com,English,US,political_risk,2026-01-27,2026-01-27 00:00:00+00:00,page_title,-6.70391061452514
https://www.openpr.com/news/4363723/veteran-owned-caliente-brands-challenges-beef-jerky-industry,Veteran-Owned Caliente Brands Challenges Beef Jerky Industry,20260127T060000Z,openpr.com,English,,energy,2026-01-27,2026-01-27 06:00:00+00:00,page_title,11.3636363636364
https://www.bssnews.net/interview/355233,Bogura-2 independent candidate Talu focuses on job creation,20260127T120000Z,bssnews.net,English,BG,political_risk,2026-01-27,2026-01-27 12:00:00+00:00,page_title,1.99556541019956
https://www.amnesty.org.au/what-happened-at-the-protests-in-iran/,What happened at the protests in Iran?,20260128T000000Z,amnesty.org.au,English,IR,monetary_policy,2026-01-28,2026-01-28 00:00:00+00:00,page_title,-10.7466551575313
http://www.singaporestar.com/news/278834303/new-record-on-wall-street-despite-dow-jones-dive,New record on Wall Street despite Dow Jones dive,20260128T000000Z,singaporestar.com,English,AS,monetary_policy,2026-01-28,2026-01-28 00:00:00+00:00,page_title,-0.227272727272728
https://www.clickorlando.com/news/2026/01/28/florida-bill-to-limit-how-cities-counties-fight-climate-changes-passes-senate-committee/,"Florida bill to limit how cities, counties fight climate changes passes Senate committee",20260129T000000Z,clickorlando.com,English,US,conflict,2026-01-29,2026-01-29 00:00:00+00:00,page_title,-0.350877192982455
https://www.kens5.com/article/news/nation-world/doj-says-it-has-opened-a-civil-rights-investigation-alex-pretti-death/507-71ae8604-9647-499a-8bd0-2aa2d6793a4f,DOJ says it has opened a civil rights investigation into the killing of Alex Pretti in Minneapolis,20260130T180000Z,kens5.com,English,US,conflict,2026-01-30,2026-01-30 18:00:00+00:00,page_title,-3.94922425952045
https://www.illawarramercury.com.au/story/9164908/landmark-state-federal-housing-agreement-announced/,Landmark state-federal housing agreement announced,20260131T000000Z,illawarramercury.com.au,English,AS,political_risk,2026-01-31,2026-01-31 00:00:00+00:00,page_title,2.42587601078167
https://vietnamnews.vn/economy/1764972/resolution-79-to-support-double-digit-growth-from-2026-pm-says.html,"Resolution 79 to support double-digit growth from 2026, PM says",20260201T120000Z,vietnamnews.vn,English,,conflict,2026-02-01,2026-02-01 12:00:00+00:00,page_title,0.992555831265509
http://www.floridastatesman.com/news/278843128/economic-conditions-the-main-concern-of-iranian-protesters,Economic conditions the main concern of Iranian protesters,20260202T000000Z,floridastatesman.com,English,IR,energy,2026-02-02,2026-02-02 00:00:00+00:00,page_title,-6.63469224620304
https://londonlovesbusiness.com/best-way-to-send-money-to-india-from-uk/,Best way to send money to India from UK - London Business News,20260203T120000Z,londonlovesbusiness.com,English,NL,monetary_policy,2026-02-03,2026-02-03 12:00:00+00:00,page_title,5.0
https://allafrica.com/stories/202602040337.html,Liberia: Govt Denies Role in Sayetown Demolition,20260204T120000Z,allafrica.com,English,LI,political_risk,2026-02-04,2026-02-04 12:00:00+00:00,page_title,-8.02919708029197
https://wtak.iheart.com/content/2026-02-05-man-rescued-after-hiding-in-tree-from-angry-cow-for-over-an-hour/,Man Rescued After Hiding In Tree From Angry Cow For Over An Hour,20260206T000000Z,iheart.com,English,UK,political_risk,2026-02-06,2026-02-06 00:00:00+00:00,page_title,-0.628930817610063
https://www.equitybulls.com/category.php?id=366961,"Medi Assist Q3 & 9M FY26: Revenue +24% YoY, EBITDA Margins +154 bps QoQ; Turns Debt-Free with ₹200 Cr Cash",20260208T120000Z,equitybulls.com,English,IN,political_risk,2026-02-08,2026-02-08 12:00:00+00:00,page_title,2.51798561151079
https://www.fool.co.uk/2026/02/08/uk-value-stocks-trading-at-10-year-lows-to-consider-buying-in-an-isa/,2 UK value stocks trading at 10-year lows to consider buying in an ISA,20260208T120000Z,fool.co.uk,English,,monetary_policy,2026-02-08,2026-02-08 12:00:00+00:00,page_title,1.73310225303293
https://999xtc.iheart.com/content/2026-02-09-savannah-guthrie-makes-desperation-plea-as-moms-ransom-deadline-nears/,Savannah Guthrie Makes 'Desperation' Plea As Mom's Ransom Deadline Nears,20260210T000000Z,iheart.com,English,US,conflict,2026-02-10,2026-02-10 00:00:00+00:00,page_title,-3.65984930032293
https://www.themarketsdaily.com/2026/02/10/north-american-construction-group-ltd-nysenoa-receives-24-50-consensus-pt-from-brokerages.html,North American Construction Group Ltd. (NYSE:NOA) Receives $24.50 Consensus PT from Brokerages,20260210T120000Z,themarketsdaily.com,English,CA,energy,2026-02-10,2026-02-10 12:00:00+00:00,page_title,1.25284738041002
https://www.independentsentinel.com/a-leftist-anti-ice-fantasy/,A Leftist Anti-ICE Fantasy,20260210T180000Z,independentsentinel.com,English,US,political_risk,2026-02-10,2026-02-10 18:00:00+00:00,page_title,-5.18891687657431
https://www.jpost.com/middle-east/iran-news/article-886261,Report: US considers seizing oil tankers to pressure Iran,20260211T000000Z,jpost.com,English,IR,conflict,2026-02-11,2026-02-11 00:00:00+00:00,page_title,-2.30769230769231
https://106wcod.iheart.com/content/2026-02-10-person-detained-in-nancy-guthries-abduction/,Person Detained In Nancy Guthrie's Abduction,20260211T060000Z,iheart.com,English,US,conflict,2026-02-11,2026-02-11 06:00:00+00:00,page_title,-4.34131736526946
https://www.wfsb.com/2026/02/11/norwich-takes-over-fire-coverage-after-volunteer-department-refuses-sign-unified-command-agreement/,Norwich takes over fire coverage after volunteer department refuses to sign unified command agreement,20260212T000000Z,wfsb.com,English,LE,conflict,2026-02-12,2026-02-12 00:00:00+00:00,page_title,0.689655172413793
https://www.capitalfm.co.ke/news/2026/02/government-to-establish-digital-hubs-in-every-ward-says-ict-cs-kabogo/,"Government to Establish Digital Hubs in Every Ward, Says ICT CS Kabogo",20260213T060000Z,capitalfm.co.ke,English,KE,monetary_policy,2026-02-13,2026-02-13 06:00:00+00:00,page_title,3.03030303030303
https://www.redlandcitybulletin.com.au/story/9176338/annoying-new-car-feature-canned/,Annoying new car feature canned,20260216T120000Z,redlandcitybulletin.com.au,English,US,diplomacy,2026-02-16,2026-02-16 12:00:00+00:00,page_title,2.22222222222222
https://www.itweb.co.za/article/ai-wont-fix-bad-decisions/mQwkoq6YmYgM3r9A,AI won't fix bad decisions,20260216T120000Z,itweb.co.za,English,SF,political_risk,2026-02-16,2026-02-16 12:00:00+00:00,page_title,-1.85979971387697
https://www.bunburymail.com.au/story/9177318/veteran-host-to-exit-60-minutes-in-latest-cbs-shake-up/,Veteran host to exit 60 Minutes in latest CBS shake-up,20260217T060000Z,bunburymail.com.au,English,IZ,energy,2026-02-17,2026-02-17 06:00:00+00:00,page_title,-0.704225352112676
https://www.meathchronicle.ie/2026/02/17/navan-man-supplying-drugs-had-all-the-trappings-of-an-industry/,Navan man supplying drugs had 'all the trappings of an industry',20260217T180000Z,meathchronicle.ie,English,EI,political_risk,2026-02-17,2026-02-17 18:00:00+00:00,page_title,-3.64963503649635
https://www.wsgw.com/attorney-claims-tony-gonzales-coerced-former-aide-into-relationship/,Attorney claims Tony Gonzales coerced former aide into relationship,20260221T000000Z,wsgw.com,English,US,political_risk,2026-02-21,2026-02-21 00:00:00+00:00,page_title,-3.09568480300188
https://euobserver.com/204080/orbans-sanctions-veto-revives-talk-of-eu-legal-retaliation-against-hungary/,Orbán's sanctions veto revives talk of EU legal retaliation against Hungary – EUobserver,20260223T180000Z,euobserver.com,English,FR,conflict,2026-02-23,2026-02-23 18:00:00+00:00,page_title,-3.72208436724566
https://www.christianitytoday.com/2026/02/many-factors-americas-math-problem-texas-teaching-classroom-discipline/,The Many Factors of America's Math Problem - Christianity Today,20260224T120000Z,christianitytoday.com,English,US,monetary_policy,2026-02-24,2026-02-24 12:00:00+00:00,page_title,-1.9782393669634
https://allafrica.com/stories/202602260063.html,"South Africa: Gauteng Continues to Strengthen Road Safety, Traffic Law Enforcement",20260226T060000Z,allafrica.com,English,SF,political_risk,2026-02-26,2026-02-26 06:00:00+00:00,page_title,-5.11811023622047
https://www.bournemouthecho.co.uk/news/25870785.much-veneers-turkey-guide-uk-patients/,How much are veneers in Turkey? A guide for UK patients,20260226T120000Z,bournemouthecho.co.uk,English,TU,monetary_policy,2026-02-26,2026-02-26 12:00:00+00:00,page_title,1.11587982832618
http://www.calcuttanews.net/news/278890878/iran-us-geneva-talks-show-diplomacy-keeps-door-ajar-but-key-differences-still-unresolved,"Iran-U.S. Geneva talks show diplomacy keeps door ajar, but key differences still unresolved",20260227T000000Z,calcuttanews.net,English,IR,diplomacy,2026-02-27,2026-02-27 00:00:00+00:00,page_title,-2.57163850110213
https://www.lbcgroup.tv/news/lebanon-news/907566/pm-salam-marks-one-year-in-office-lebanese-government-laid-foundation/en,PM Salam marks one year in office: Lebanese government laid foundation for rebuilding the state,20260227T060000Z,lbcgroup.tv,English,IS,monetary_policy,2026-02-27,2026-02-27 06:00:00+00:00,page_title,1.75131348511384
http://www.kenyastar.com/news/278893349/live-blog-israel-and-us-launch-strikes-on-iran,Live Blog: Israel And US Launch Strikes On Iran,20260228T120000Z,kenyastar.com,English,IR,diplomacy,2026-02-28,2026-02-28 12:00:00+00:00,page_title,-6.09874152952565
https://www.nzherald.co.nz/the-listener/life/the-good-life-the-eye-of-the-tiger/premium/HNM7A4STWNDM5KT3XLR7TCATZE/,The Good Life: The eye of the tiger,20260301T060000Z,nzherald.co.nz,English,,conflict,2026-03-01,2026-03-01 06:00:00+00:00,page_title,-2.7355623100304
https://www.bramptonguardian.com/things-to-do/books/when-gabriel-wortmans-dark-side-was-revealed-an-excerpt-from-his-former-spouses-new-book/article_0bdde2a4-9141-59e3-8d81-29b4e9571780.html,When Gabriel Wortman's dark side was revealed: An excerpt from his former spouse's new book,20260302T000000Z,bramptonguardian.com,English,CA,political_risk,2026-03-02,2026-03-02 00:00:00+00:00,page_title,-3.10532941670164
https://www.el-balad.com/6865752,Exploring Winter Statistics: How Much Rain Has Fallen?,20260303T060000Z,el-balad.com,English,UK,conflict,2026-03-03,2026-03-03 06:00:00+00:00,page_title,-2.4390243902439
https://www.pasadenastarnews.com/2026/03/03/manhattan-congestion-tolls-upheld/,New York's congestion toll into Manhattan upheld by a federal judge over Trump's objections,20260304T000000Z,pasadenastarnews.com,English,US,political_risk,2026-03-04,2026-03-04 00:00:00+00:00,page_title,-6.37720488466757
https://www.news4jax.com/news/politics/2026/03/05/families-turn-to-states-for-civil-rights-support-as-trump-dismantles-the-education-department/,Families turn to states for civil rights support as Trump dismantles the Education Department,20260305T060000Z,news4jax.com,English,US,diplomacy,2026-03-05,2026-03-05 06:00:00+00:00,page_title,-3.3800494641385
https://www.niagarafallsreview.ca/politics/provincial/niagara-region-chair-backs-down-on-amalgamation-bid-supported-by-doug-ford/article_2778c749-08bb-5e8e-a868-82d9fd41afaf.html,Niagara Region chair backs down on amalgamation bid,20260306T000000Z,niagarafallsreview.ca,English,CA,political_risk,2026-03-06,2026-03-06 00:00:00+00:00,page_title,-0.401606425702811
https://www.edp24.co.uk/news/national/25912785.donald-trump-replaces-kristi-noem-homeland-security-secretary/,Donald Trump replaces Kristi Noem as homeland security secretary,20260306T000000Z,edp24.co.uk,English,US,political_risk,2026-03-06,2026-03-06 00:00:00+00:00,page_title,-2.97619047619048
https://www.mudgeeguardian.com.au/story/9192770/government-doing-more-to-help-bring-australians-home/,Government 'doing more' to help bring Australians home,20260307T060000Z,mudgeeguardian.com.au,English,AS,conflict,2026-03-07,2026-03-07 06:00:00+00:00,page_title,0.0
https://www.winnipegfreepress.com/world/2026/03/06/the-latest-israel-hammers-beirut-and-tehran-as-iran-attacks-more-israeli-targets,The Latest: Israel hammers Beirut and Tehran as Iran attacks more Israeli targets – Winnipeg Free Press,20260307T060000Z,winnipegfreepress.com,English,IR,energy,2026-03-07,2026-03-07 06:00:00+00:00,page_title,-7.00636942675159
https://www.clydebankpost.co.uk/news/national/25916577.explosions-rock-irans-capital-attacks-target-israel/,Explosions rock Iran's capital and more attacks target Israel,20260307T060000Z,clydebankpost.co.uk,English,IR,conflict,2026-03-07,2026-03-07 06:00:00+00:00,page_title,-3.64583333333333
https://www.coldlakesun.com:443/life/tiny-fish-offer-great-nutrition-but-supplements-can-also-help,"Tiny fish offer great nutrition, but supplements can also help",20260308T120000Z,coldlakesun.com,English,JA,energy,2026-03-08,2026-03-08 12:00:00+00:00,page_title,0.37878787878788
https://naija247news.com/u-s-embassy-warns-of-possible-protests-in-abuja-over-iran-conflict-advises-americans-to-stay-indoors/,"U.S. Embassy Warns of Possible Protests in Abuja Over Iran Conflict, Advises Americans to Stay Indoors - Diaspora News & Features",20260308T120000Z,naija247news.com,English,NI,political_risk,2026-03-08,2026-03-08 12:00:00+00:00,page_title,-2.13143872113677
https://www.southcoastregister.com.au/story/9193276/aussie-forces-could-help-secure-critical-oil-route/,Aussie forces could help secure critical oil route,20260308T180000Z,southcoastregister.com.au,English,AE,energy,2026-03-08,2026-03-08 18:00:00+00:00,page_title,-0.602409638554218
https://www.bnnbloomberg.ca/business/economics/2026/03/09/oil-market-watchers-weighing-potential-impacts-of-prolonged-mideast-war/,Oil market: Potential impacts of prolonged Mideast war,20260309T180000Z,bnnbloomberg.ca,English,IR,conflict,2026-03-09,2026-03-09 18:00:00+00:00,page_title,-3.5
https://www.csmonitor.com/World/Middle-East/2026/0309/iran-war-ayatollah-khamenei-supreme-leader-succession,"Defiantly, Iranian regime rallies around a younger Khamenei",20260310T000000Z,csmonitor.com,English,IR,political_risk,2026-03-10,2026-03-10 00:00:00+00:00,page_title,-2.21543162719633
https://observer.ug/technology/tech-without-values-is-dangerous-alupo/,Tech without values is dangerous - Alupo,20260310T000000Z,observer.ug,English,UG,political_risk,2026-03-10,2026-03-10 00:00:00+00:00,page_title,3.30578512396694
https://article.wn.com/view/2026/03/10/Iran_says_oil_blockade_will_continue_until_attacks_end_Trump_l/,Iran says oil blockade will continue until attacks end; Trump threatens heavier strikes,20260310T120000Z,wn.com,English,IR,energy,2026-03-10,2026-03-10 12:00:00+00:00,page_title,-6.34920634920635
http://www.bignewsnetwork.com/news/278915989/this-is-going-to-hit-all-of-us-how-far-does-the-echo-of-the-middle-east-war-reach,'This is going to hit all of us': How far does the echo of the Middle East war reach?,20260311T180000Z,bignewsnetwork.com,English,IN,monetary_policy,2026-03-11,2026-03-11 18:00:00+00:00,page_title,-4.69314079422383
https://www.boredpanda.com/bad-boss-revenge-stories/?cexp_id=148529&cexp_var=12&_f=homepage_featured,"""Took Her 6 Months To Figure It Out"": 49 Employees Who Reached Their Breaking Point And Delivered Satisfying Payback To Their Jerk Bosses",20260312T060000Z,boredpanda.com,English,,monetary_policy,2026-03-12,2026-03-12 06:00:00+00:00,page_title,-3.54609929078014
https://www.mercurynews.com/2026/03/12/friedman-bombing-iran-to-rubble-wont-give-it-life/,Friedman: Bombing Iran to rubble won't give it life,20260312T120000Z,mercurynews.com,English,IR,diplomacy,2026-03-12,2026-03-12 12:00:00+00:00,page_title,-3.39105339105339
https://www.ncspin.com:443/berger-may-not-be-dead-but-he-is-seriously-wounded,"Berger may not be dead, but he is seriously wounded",20260313T060000Z,ncspin.com,English,,political_risk,2026-03-13,2026-03-13 06:00:00+00:00,page_title,-1.53256704980843
http://www.china.org.cn/2026-03/16/content_118384211.shtml,White House plans to announce coalition to escort ships through Strait of Hormuz: WSJ,20260316T060000Z,china.org.cn,English,US,energy,2026-03-16,2026-03-16 06:00:00+00:00,page_title,-4.48717948717949
https://www.insurancejournal.com/jobs/861582-property-adjuster-field-estimating-delaware,Property Adjuster - Field Estimating - Delaware at Allstate / Insurance Journal Jobs,20260318T060000Z,insurancejournal.com,English,US,conflict,2026-03-18,2026-03-18 06:00:00+00:00,page_title,3.14097881665449
https://www.kcra.com/article/drone-contraband-marcy-correctional-facility/70785421,Drone drops contraband at Marcy Correctional Facility,20260319T000000Z,kcra.com,English,US,conflict,2026-03-19,2026-03-19 00:00:00+00:00,page_title,-2.7027027027027
https://www.newscentralasia.net/2026/03/19/from-seed-production-to-it-more-than-20-chinese-companies-participate-in-ift-2026-forum-in-ashgabat/,From Seed Production to IT: More Than 20 Chinese Companies Participate in IFT 2026 Forum in Ashgabat,20260319T060000Z,newscentralasia.net,English,CH,diplomacy,2026-03-19,2026-03-19 06:00:00+00:00,page_title,4.28954423592493
http://baystreet.ca/cryptonews/1269/Cryptocurrencies-Surge-As-Trump-Deescalates-Iran-War,Baystreet.ca - Cryptocurrencies Surge As Trump Deescalates Iran War,20260323T180000Z,baystreet.ca,English,IR,conflict,2026-03-23,2026-03-23 18:00:00+00:00,page_title,-3.53356890459364
https://www.irvinetimes.com/news/national/25961791.chancellor-set-action-surging-prices-spark-profiteering-fears/,Chancellor to set out action as surging prices spark profiteering fears,20260324T000000Z,irvinetimes.com,English,IR,energy,2026-03-24,2026-03-24 00:00:00+00:00,page_title,-2.18228498074454
http://www.bjreview.com/Latest_Headlines/202603/t20260325_800433727.html,Chinese FM urges peace talks in phone call with Iranian FM-- Beijing Review,20260325T060000Z,bjreview.com,English,CH,diplomacy,2026-03-25,2026-03-25 06:00:00+00:00,page_title,-1.6260162601626
http://www.zimbabwestar.com/news/278942948/somalia-declares-regional-government-no-longer-valid,Somalia declares regional government 'no longer valid',20260325T120000Z,zimbabwestar.com,English,SO,political_risk,2026-03-25,2026-03-25 12:00:00+00:00,page_title,-6.47058823529412
https://www.npr.org/transcripts/nx-s1-5742764,Wisconsin's governor wants to ban partisan gerrymandering : NPR,20260325T120000Z,npr.org,English,US,political_risk,2026-03-25,2026-03-25 12:00:00+00:00,page_title,-3.08747855917667
https://www.wsiu.org/state-of-illinois/2026-03-26/foundations-role-a-mystery-as-lincoln-artifacts-are-poised-to-be-auctioned-off,Foundation's role a mystery as Lincoln artifacts are poised to be auctioned off,20260326T120000Z,wsiu.org,English,US,political_risk,2026-03-26,2026-03-26 12:00:00+00:00,page_title,-1.40664961636829
https://www.middleeasteye.net/news/us-plans-final-blow-against-iran-trump-demands-tehran-make-deal,US plans 'final blow' against Iran as Trump demands Tehran make a deal,20260326T180000Z,middleeasteye.net,English,IR,energy,2026-03-26,2026-03-26 18:00:00+00:00,page_title,-4.78260869565217
https://www.wfaa.com/article/news/crime/pickup-crashes-into-dallas-business-during-burglary-suspects-flee-scene/287-7216f4a9-b3a6-4e23-bd7a-e6912510e8f1,"Pickup crashes into Dallas business during burglary, suspects flee scene",20260327T180000Z,wfaa.com,English,US,conflict,2026-03-27,2026-03-27 18:00:00+00:00,page_title,-10.7142857142857
https://www.jpost.com/jerusalem-report/article-890910,Israel's next war will be driven by AI and tech,20260328T000000Z,jpost.com,English,IS,diplomacy,2026-03-28,2026-03-28 00:00:00+00:00,page_title,-2.07641196013289
https://1190talkradio.iheart.com/content/2026-03-29-expert-warns-of-higher-gas-prices-and-oil-costs-rise/,Expert Warns of Higher Gas Prices as Oil Costs Rise,20260330T000000Z,iheart.com,English,RS,energy,2026-03-30,2026-03-30 00:00:00+00:00,page_title,-0.480769230769231
https://ktxs.com/news/armstrong-army-strong/distance-perspective-and-the-weight-of-america,"Distance, perspective and the weight of America",20260330T060000Z,ktxs.com,English,SF,monetary_policy,2026-03-30,2026-03-30 06:00:00+00:00,page_title,-3.91006842619746
https://www.finanznachrichten.de/nachrichten-2026-03/68087787-seabridge-gold-inc-seabridge-gold-provides-updated-mineral-resource-estimates-for-ksm-project-296.htm,Seabridge Gold Inc.: Seabridge Gold Provides Updated Mineral Resource Estimates for KSM Project,20260331T120000Z,finanznachrichten.de,English,CA,political_risk,2026-03-31,2026-03-31 12:00:00+00:00,page_title,0.208768267223382
http://www.hongkongherald.com/news/278959115/no-cheer-for-markets-as-asian-indices-fall-after-trump-fails-to-give-timeline-for-end-of-war,No cheer for markets as Asian Indices fall after Trump fails to give timeline for end of war,20260402T060000Z,hongkongherald.com,English,IR,energy,2026-04-02,2026-04-02 06:00:00+00:00,page_title,-3.18352059925094
https://www.republicanherald.com/2026/04/02/bipartisan-bill-insulin-costs/,Bipartisan bill revives efforts to lower insulin costs for diabetics,20260402T180000Z,republicanherald.com,English,US,monetary_policy,2026-04-02,2026-04-02 18:00:00+00:00,page_title,1.06280193236715
http://www.asiabulletin.com/news/278963722/petroleum-ministry-refutes-crude-cargo-diversion-to-china-due-to-payment-issues,Petroleum Ministry refutes crude cargo diversion to China due to 'payment issues',20260404T120000Z,asiabulletin.com,English,IN,conflict,2026-04-04,2026-04-04 12:00:00+00:00,page_title,-4.65686274509804
https://www.dorsetecho.co.uk/leisure/25996044.dorset-woman-danced-david-bowie-labyrinth/,The Dorset woman who danced with David Bowie in Labyrinth,20260405T060000Z,dorsetecho.co.uk,English,UK,conflict,2026-04-05,2026-04-05 06:00:00+00:00,page_title,4.4298605414274
http://www.sanantoniopost.com/news/278969854/oil-cargo-prices-surge-past-futures-amid-supply-crunch,Oil cargo prices surge past futures amid supply crunch,20260408T000000Z,sanantoniopost.com,English,IR,energy,2026-04-08,2026-04-08 00:00:00+00:00,page_title,-4.22163588390501
https://www.pasadenastarnews.com/2026/04/08/us-israel-iran-ceasefire/,"US, Israel and Iran agree to a 2-week ceasefire but attacks resume",20260408T120000Z,pasadenastarnews.com,English,IR,diplomacy,2026-04-08,2026-04-08 12:00:00+00:00,page_title,-4.05797101449275
https://www.runcornandwidnesworld.co.uk/news/national/26005807.rising-mortgage-costs-dent-buyer-demand-amid-housing-market-mood-shift/,Rising mortgage costs dent buyer demand amid 'housing market mood shift',20260409T000000Z,runcornandwidnesworld.co.uk,English,UK,monetary_policy,2026-04-09,2026-04-09 00:00:00+00:00,page_title,-2.83333333333333
https://www.truckinginfo.com/news/api-formally-approves-next-gen-engine-oil-category-for-2027-engines,API Formally Approves Next-Gen Engine Oil Category for 2027 Engines,20260409T180000Z,truckinginfo.com,English,US,energy,2026-04-09,2026-04-09 18:00:00+00:00,page_title,3.90455531453362
https://www.shippingtribune.com/news/shipping/Iran%E2%80%99s+deputy+foreign+minister+says+ships+need+consent+to+pass+Strait+of+Hormuz+++,Shipping Tribune,20260410T060000Z,shippingtribune.com,English,IR,conflict,2026-04-10,2026-04-10 06:00:00+00:00,page_title,-2.83018867924528
https://www.k101fm.net/syndicated-article/?id=1664131,Melania Trump adviser speaks on what led to her surprise Epstein statement,20260411T000000Z,k101fm.net,English,US,conflict,2026-04-11,2026-04-11 00:00:00+00:00,page_title,-1.81518151815182
http://www.zimbabwestar.com/news/278978370/hatchet-wielding-intruder-damages-us-military-plane-in-ireland,Hatchet-wielding intruder damages US military plane in Ireland,20260412T060000Z,zimbabwestar.com,English,EI,political_risk,2026-04-12,2026-04-12 06:00:00+00:00,page_title,-9.56284153005465
https://jerseyeveningpost.com/news/2026/04/12/government-support-for-agriculture-expanded-amid-middle-east-crisis/,Government support for agriculture expanded amid Middle East crisis,20260412T120000Z,jerseyeveningpost.com,English,JE,conflict,2026-04-12,2026-04-12 12:00:00+00:00,page_title,0.808625336927224
https://www.insurancebusinessmag.com/au/news/breaking-news/trump-announces-us-naval-blockade-deepening-insurance-crisis-571449.aspx,Trump announces US naval blockade deepening insurance crisis,20260413T060000Z,insurancebusinessmag.com,English,QA,monetary_policy,2026-04-13,2026-04-13 06:00:00+00:00,page_title,-6.55561526061257
https://www.carlow-nationalist.ie/news/national-news/there-is-a-heirarchy-of-rights-in-the-state-and-those-who-shout-loudest-succeed-ictu-claims_arid-94414.html,"There is a 'heirarchy of rights' in the State and those who shout loudest succeed, ICTU claims - National News",20260414T120000Z,carlow-nationalist.ie,English,EI,energy,2026-04-14,2026-04-14 12:00:00+00:00,page_title,-0.410677618069815
https://www.finanznachrichten.de/nachrichten-2026-04/68204697-quimbaya-gold-inc-quimbaya-gold-expands-strategic-land-position-in-segovia-gold-district-by-6-420-hectares-296.htm,"Quimbaya Gold Inc.: Quimbaya Gold Expands Strategic Land Position in Segovia Gold District by 6,420 Hectares",20260415T120000Z,finanznachrichten.de,English,CO,monetary_policy,2026-04-15,2026-04-15 12:00:00+00:00,page_title,1.73204279164544
https://amsterdamnews.com/news/2026/04/16/32bj-seiu-building-workers-prep-their-strike-captain/,32BJ SEIU building workers prep their strike captain,20260416T060000Z,amsterdamnews.com,English,,diplomacy,2026-04-16,2026-04-16 06:00:00+00:00,page_title,0.888324873096447
https://allafrica.com/stories/202604170007.html,"Sudan: Germany - €1.5bn Aid Pledged in Berlin, but No Sudan Ceasefire Deal",20260417T060000Z,allafrica.com,English,SU,political_risk,2026-04-17,2026-04-17 06:00:00+00:00,page_title,-1.36698212407992
https://www.marketscreener.com/news/trump-says-he-has-good-news-on-iran-no-clarity-on-peace-deal-ce7e50d3db80fe23,"Trump says he has 'good news' on Iran, offers no clarity on peace deal",20260418T060000Z,marketscreener.com,English,US,diplomacy,2026-04-18,2026-04-18 06:00:00+00:00,page_title,-0.958772770853308
https://www.wvgazettemail.com/opinion/op_ed_commentaries/statehouse-beat-ethics-in-west-virginia-politics-are-dead-and-gone/article_254b5884-bf00-4139-ad1d-0f1c3222960f.html,Statehouse beat: Ethics in West Virginia politics are dead and gone,20260418T120000Z,wvgazettemail.com,English,US,political_risk,2026-04-18,2026-04-18 12:00:00+00:00,page_title,-1.33600534402138
https://www.defenseworld.net/2026/04/18/chicago-capital-llc-has-10-22-million-holdings-in-adobe-inc-adbe.html,Chicago Capital LLC Has $10.22 Million Holdings in Adobe Inc. $ADBE,20260418T120000Z,defenseworld.net,English,US,political_risk,2026-04-18,2026-04-18 12:00:00+00:00,page_title,1.37614678899083
https://greentechlead.com/renewable-energy/clean-electricity-meets-100-of-global-demand-growth-in-2025-as-solar-surges-and-fossil-power-declines-53172,Clean Electricity Meets 100% of Global Demand Growth in 2025 as Solar Surges and Fossil Power Declines,20260421T060000Z,greentechlead.com,English,AS,political_risk,2026-04-21,2026-04-21 06:00:00+00:00,page_title,1.53452685421995
https://www.thehindubusinessline.com/economy/logistics/fedex-completes-indias-first-intra-city-drone-delivery-flight-trials-in-bengaluru/article70887877.ece,FedEx completes India's first intra-city drone delivery flight trials in Bengaluru,20260421T120000Z,thehindubusinessline.com,English,IN,political_risk,2026-04-21,2026-04-21 12:00:00+00:00,page_title,0.966183574879227
https://theconservativetreehouse.com/blog/2026/04/22/the-declassified-impeachment-material-was-stunning-but-what-came-before-that-is-worse/comment-page-2/,"The Declassified Impeachment Material Was Stunning, but What Came Before It Is Worse",20260424T000000Z,theconservativetreehouse.com,English,RS,political_risk,2026-04-24,2026-04-24 00:00:00+00:00,page_title,-1.8123238018526
https://www.journal-advocate.com/2026/04/24/finding-uncommon-ground/,Finding uncommon ground,20260425T000000Z,journal-advocate.com,English,,diplomacy,2026-04-25,2026-04-25 00:00:00+00:00,page_title,-0.961538461538462
https://indianexpress.com/article/education/ap-eapcet-admit-cards-2026-hall-tickets-out-cets-apsche-ap-gov-in-10623994/,AP EAPCET Admit Cards 2026: Hall tickets releasing on April 28 at cets.apsche.ap.gov.in,20260427T060000Z,indianexpress.com,English,IN,conflict,2026-04-27,2026-04-27 06:00:00+00:00,page_title,0.0
https://www.manilatimes.net/2026/04/27/tmt-newswire/globenewswire/nervgen-pharma-strengthens-leadership-team-with-appointment-of-keith-vendola-as-chief-financial-officer/2329213,NervGen Pharma Strengthens Leadership Team with Appointment of Keith Vendola as Chief Financial Officer,20260427T120000Z,manilatimes.net,English,CA,diplomacy,2026-04-27,2026-04-27 12:00:00+00:00,page_title,0.321543408360128
https://www.ky3.com/2026/04/27/iran-offers-end-chokehold-strait-hormuz-asks-us-end-blockade-officials-say/,"Iran offers to reopen Strait of Hormuz if US lifts its blockade and the war ends, officials say",20260427T120000Z,ky3.com,English,RS,energy,2026-04-27,2026-04-27 12:00:00+00:00,page_title,-3.47448425624321
https://wsslfm.iheart.com/content/2026-04-27-post-malone-halts-show-helps-fan-apparently-in-need-medical-attention/,"Post Malone Halts Show, Helps Fan Apparently In Need Medical Attention",20260428T000000Z,iheart.com,English,,conflict,2026-04-28,2026-04-28 00:00:00+00:00,page_title,0.416666666666667
https://www.geo.tv/latest/661897-brent-crude-surges-past-108-as-gulf-disruption-fears-outweigh-diplomatic-signals,Crude oil surges past $108 per barrel as Gulf disruption fears outweigh diplomatic signals,20260428T060000Z,geo.tv,English,US,energy,2026-04-28,2026-04-28 06:00:00+00:00,page_title,-0.961538461538462
https://qns.com/2026/04/no-criminal-charges-nypd-fatal-shooting-corona/,AG James' office will not pursue criminal charges in an NYPD-involved fatal shooting in Corona just over two years ago – QNS,20260429T000000Z,qns.com,English,US,political_risk,2026-04-29,2026-04-29 00:00:00+00:00,page_title,-3.29985652797704
https://www.marinij.com/2026/04/29/kevin-warsh-fed-approved-senate-banking-committee/,Fed Chair nominee Kevin Warsh heads to full Senate vote,20260429T180000Z,marinij.com,English,US,monetary_policy,2026-04-29,2026-04-29 18:00:00+00:00,page_title,-1.48462354188759
https://thestarphoenix.com:443/commodities/energy/oil-gas/trump-signs-presidential-permit-bridger-pipeline-keystone-xl-assets/wcm/23c402fe-6f7d-4356-9be4-8fce4072f3dd,Trump signs Presidential Permit for Bridger pipeline using Keystone XL assets,20260501T000000Z,thestarphoenix.com,English,US,conflict,2026-05-01,2026-05-01 00:00:00+00:00,page_title,3.13075506445672
https://1059thex.iheart.com/content/2026-05-01-spirit-airlines-on-the-verge-of-imminent-shutdown-report/,Spirit Airlines On The Verge Of Imminent Shutdown: Report,20260502T000000Z,iheart.com,English,US,conflict,2026-05-02,2026-05-02 00:00:00+00:00,page_title,-1.87110187110187
https://www.examiner.com.au/story/9193324/regional-youth-face-300km-trips-for-mental-health-treatment/,Regional youth face 300km trips for mental health treatment | The Examiner,20260502T000000Z,examiner.com.au,English,AS,conflict,2026-05-02,2026-05-02 00:00:00+00:00,page_title,0.0
https://allafrica.com/stories/202605040001.html,Congo-Kinshasa: Washington Sanctions Former DR Congo President Kabila Over 'Support' for Rebels,20260504T060000Z,allafrica.com,English,CF,conflict,2026-05-04,2026-05-04 06:00:00+00:00,page_title,-5.3864168618267
https://www.channelafrica.co.za/channelafrica/news/sa-rand-flat-ahead-of-manufacturing-data-car-sales-data/,"SA Rand flat ahead of manufacturing data, car sales data – Channel Africa",20260504T120000Z,channelafrica.co.za,English,IR,conflict,2026-05-04,2026-05-04 12:00:00+00:00,page_title,-0.873362445414847
https://www.penarthtimes.co.uk/news/national/26078633.us-attempt-open-strait-hormuz-tests-fragile-iran-war-ceasefire/,US attempt to open Strait of Hormuz tests fragile Iran war ceasefire,20260505T120000Z,penarthtimes.co.uk,English,IR,energy,2026-05-05,2026-05-05 12:00:00+00:00,page_title,-5.93406593406593
https://www.salon.com/2026/05/05/trump-angers-right-wing-fans-with-censorship-campaign/,Trump angers right-wing fans with censorship campaign,20260505T180000Z,salon.com,English,US,political_risk,2026-05-05,2026-05-05 18:00:00+00:00,page_title,-5.75719649561953
https://www.wyomingnewsnow.tv/news/national/why-2026-is-the-year-to-rethink-your-college-savings-strategy/article_1b176323-7cdb-5ded-a0c2-38fddc5b1881.html,Why 2026 Is the Year to Rethink Your College Savings Strategy,20260506T180000Z,wyomingnewsnow.tv,English,US,conflict,2026-05-06,2026-05-06 18:00:00+00:00,page_title,1.98376916140667
https://www.presstelegram.com/2026/05/06/trump-administration-iran-war-strait-hormuz-messaging/,Trump administration sows confusion as it tries to reopen Strait of Hormuz,20260507T000000Z,presstelegram.com,English,US,diplomacy,2026-05-07,2026-05-07 00:00:00+00:00,page_title,-2.48062015503876
https://www.yorkpress.co.uk/news/26084322.a64-closure-yorkshire-water-water-main-repairs/,A64 closure for Yorkshire Water water main repairs,20260507T060000Z,yorkpress.co.uk,English,UK,conflict,2026-05-07,2026-05-07 06:00:00+00:00,page_title,0.0
https://www.wbez.org/immigration/2026/05/07/rapid-responders-immigration-enforcement-ice-puno-mimi-guiracoch-pilsen-unidos-nuestro-orgullo-casa-dupage-workers-center,Rapid-responders in Chicago shift tactics as ICE enforcement continues at a lower profile,20260507T120000Z,wbez.org,English,US,conflict,2026-05-07,2026-05-07 12:00:00+00:00,page_title,-4.18445772843723
https://www.kgou.org/business-and-economy/2026-05-08/prices-are-up-but-mothers-day-still-means-brunch,"Prices are up, but Mother's Day still means brunch",20260508T120000Z,kgou.org,English,US,conflict,2026-05-08,2026-05-08 12:00:00+00:00,page_title,1.2779552715655
https://www.wcvb.com/article/hantavirus-cruise-ship-tenerife-canary-islands/71249744,Hantavirus cruise ship heads to Tenerife,20260508T120000Z,wcvb.com,English,SP,conflict,2026-05-08,2026-05-08 12:00:00+00:00,page_title,-2.58899676375405
https://www.insidermonkey.com/blog/10-best-performing-healthcare-stocks-so-far-in-2026-1754386/,10 Best Performing Healthcare Stocks So Far in 2026,20260508T180000Z,insidermonkey.com,English,,monetary_policy,2026-05-08,2026-05-08 18:00:00+00:00,page_title,1.48063781321185
https://www.mynspr.org/npr-news/2026-05-09/they-graduate-to-six-figure-salaries-and-grueling-work,"They graduate to six figure salaries, and grueling work",20260509T120000Z,mynspr.org,English,IR,energy,2026-05-09,2026-05-09 12:00:00+00:00,page_title,-0.0992063492063493
http://www.science20.com/hank_campbell/trust_in_science_is_now_on_par_with_the_military_and_above_the_media_and_government-240179,Trust In Science Is Now On Par With The Military - And Above The Media And Government,20260510T000000Z,science20.com,English,US,political_risk,2026-05-10,2026-05-10 00:00:00+00:00,page_title,0.495049504950495
https://aninews.in/news/national/general-news/tamil-nadu-enters-new-era-of-politics-as-vijay-takes-oath-as-cm20260510102334/,Tamil Nadu enters new era of politics as Vijay takes oath as CM,20260510T060000Z,aninews.in,English,IN,diplomacy,2026-05-10,2026-05-10 06:00:00+00:00,page_title,1.91780821917808
https://www.gilmermirror.com/2026/05/11/gop-hardliners-arent-buying-into-u-s-rep-veronica-escobars-bipartisan-immigration-bill/,GOP hardliners aren't buying into U.S. Rep. Veronica Escobar's bipartisan immigration bill – The Gilmer Mirror,20260511T120000Z,gilmermirror.com,English,US,conflict,2026-05-11,2026-05-11 12:00:00+00:00,page_title,0.0506329113924053
https://aninews.in/news/world/asia/anti-pakistan-anger-rises-in-pojk-joint-awami-action-committee-announces-massive-shutdown20260512230655/,"Anti-Pakistan anger rises in PoJK, Joint Awami Action Committee announces massive shutdown",20260512T180000Z,aninews.in,English,PK,diplomacy,2026-05-12,2026-05-12 18:00:00+00:00,page_title,-7.98403193612774
https://movieweb.com/sydney-sweeney-the-voyeurs-streaming-free-tubi-may-2026/,Sydney Sweeney's 'The Voyeurs' Now Streaming Free on Tubi,20260512T180000Z,movieweb.com,English,CA,political_risk,2026-05-12,2026-05-12 18:00:00+00:00,page_title,2.39234449760766
https://northernbroadcasting.com/2026/05/12/gop-senate-hopeful-kurt-alme-now-on-the-campaign-trail/,GOP Senate Hopeful Kurt Alme Now on the Campaign Trail - Northern Broadcasting System,20260513T000000Z,northernbroadcasting.com,English,US,monetary_policy,2026-05-13,2026-05-13 00:00:00+00:00,page_title,0.245248313917842
https://www.nbcphiladelphia.com/news/local/man-struck-arrow-possible-targeted-attack-woodbury-new-jersey/4401387/,"Man shot with an arrow in New Jersey, investigation underway – NBC10 Philadelphia",20260513T180000Z,nbcphiladelphia.com,English,US,conflict,2026-05-13,2026-05-13 18:00:00+00:00,page_title,-1.73410404624277
https://www.naharnet.com:443/stories/en/320130-israel-army-says-striking-hezbollah-in-south-lebanon,Israel army says striking Hezbollah in south Lebanon,20260514T120000Z,naharnet.com,English,LE,conflict,2026-05-14,2026-05-14 12:00:00+00:00,page_title,-4.20560747663551
https://article.wn.com/view/2026/05/14/Day_after_Philippine_Senate_shootout_Where_is_Sen_Bato_dela_/,Day after Philippine Senate shootout: Where is Sen. Bato dela Rosa?,20260514T120000Z,wn.com,English,RP,conflict,2026-05-14,2026-05-14 12:00:00+00:00,page_title,-5.45454545454545
https://listenupyall.com/2026/05/15/local-roundup-natchez-court-debate-louisiana-senate-primary-redistricting-moves/,"Local Roundup: Natchez Court Debate, Louisiana Senate Primary, Redistricting Moves",20260515T180000Z,listenupyall.com,English,US,political_risk,2026-05-15,2026-05-15 18:00:00+00:00,page_title,0.0
https://finance.yahoo.com/markets/stocks/articles/texas-roadhouse-raises-prices-plans-172630518.html,"Texas Roadhouse Raises Prices, Plans to Open New Restaurants in 2026",20260515T180000Z,yahoo.com,English,KS,monetary_policy,2026-05-15,2026-05-15 18:00:00+00:00,page_title,0.446428571428572
https://www.wkms.org/npr-news/2026-05-17/bus-riders-to-montgomery-retrace-old-steps-while-fighting-a-new-fight,Bus riders to Montgomery retrace old steps while fighting a new fight,20260517T180000Z,wkms.org,English,US,diplomacy,2026-05-17,2026-05-17 18:00:00+00:00,page_title,-1.07758620689655
https://mynorthwest.com/world/stocks-fall-and-oil-prices-gain-after-trump-warns-the-iran-clock-is-ticking/4239325,Stocks fall and oil prices gain after Trump warns the Iran 'clock is ticking',20260518T060000Z,mynorthwest.com,English,CH,diplomacy,2026-05-18,2026-05-18 06:00:00+00:00,page_title,-3.90738060781476
https://www.tmz.com/2026/05/21/mackenzie-shirilla-jail-phone-call-to-mother/,Mackenzie Shirilla Says She Can't Have Kids in Phone Call from Behind Bars,20260521T180000Z,tmz.com,English,,conflict,2026-05-21,2026-05-21 18:00:00+00:00,page_title,-3.64238410596026
https://www.chinatechnews.com/2026/05/21/122220-u-s-markets-head-lower-as-oil-prices-resume-their-climb,U.S. markets head lower as oil prices resume their climb,20260521T180000Z,chinatechnews.com,English,IR,energy,2026-05-21,2026-05-21 18:00:00+00:00,page_title,-1.75438596491228
https://www.620ckrm.com/2026/05/22/reginas-urgent-care-centre-reducing-hours-this-weekend/,Regina's Urgent Care Centre reducing hours this weekend | 620 CKRM - The Voice of Saskatchewan,20260523T000000Z,620ckrm.com,English,CA,conflict,2026-05-23,2026-05-23 00:00:00+00:00,page_title,0.568181818181818
https://wsau.com/2026/05/23/u-s-and-iran-report-progress-on-talks-ending-war-looking-to-next-few-days/,US and Iran report progress on talks ending war,20260523T180000Z,wsau.com,English,IN,diplomacy,2026-05-23,2026-05-23 18:00:00+00:00,page_title,-3.13837375178317
https://www.stourbridgenews.co.uk/news/national/26134530.trump-says-deal-iran-opening-strait-hormuz-largely-negotiated/,Trump says deal with Iran and opening of Strait of Hormuz 'largely negotiated',20260524T000000Z,stourbridgenews.co.uk,English,US,energy,2026-05-24,2026-05-24 00:00:00+00:00,page_title,-3.39539978094195
https://www.dailykos.com/stories/2026/5/25/800044170/community/russian-stuff-blowing-up/,Russian stuff blowing up: Russia destroys Chernobyl museum,20260525T180000Z,dailykos.com,English,RS,political_risk,2026-05-25,2026-05-25 18:00:00+00:00,page_title,-6.28115653040877
https://nebraska.tv/news/nation-world/president-donald-trump-irans-nuclear-dust-enriched-uranium-will-be-destroyed-or-surrendered-potential-peace-deal-war-ceasefire-atomic-energy-commission-abraham-accords-negotiations-strait-of-hormuz,Trump: Iran's 'Nuclear Dust' uranium will be destroyed or surrendered,20260526T000000Z,nebraska.tv,English,IR,energy,2026-05-26,2026-05-26 00:00:00+00:00,page_title,-1.32890365448505
https://www.dumbartonreporter.co.uk/news/national/26137279.oil-gas-long-term-future-uk-government-backs-industry-report-says/,"Oil and gas has long-term future if UK Government backs industry, report says",20260526T000000Z,dumbartonreporter.co.uk,English,OS,energy,2026-05-26,2026-05-26 00:00:00+00:00,page_title,0.0
https://www.nbr.co.nz/morning-brew/sticking-points-persist-in-iran-deal-uber-eyes-german-rival/,Sticking points persist in Iran deal; Uber eyes German rival,20260526T000000Z,nbr.co.nz,English,EN,conflict,2026-05-26,2026-05-26 00:00:00+00:00,page_title,-1.19402985074627
https://www.datacenterknowledge.com/uptime/how-power-electronics-cut-generator-run-hours-in-ai-scale-data-centers,How Power Electronics Cut Generator Run Hours in Data Centers,20260526T120000Z,datacenterknowledge.com,English,US,political_risk,2026-05-26,2026-05-26 12:00:00+00:00,page_title,-0.219298245614035
https://www.wjol.com/congressional-black-caucus-presses-companies-in-the-us-to-oppose-republican-redistricting-push/,Congressional Black Caucus presses companies in the US to oppose Republican redistricting push,20260526T120000Z,wjol.com,English,US,diplomacy,2026-05-26,2026-05-26 12:00:00+00:00,page_title,-0.260078023407022
https://www.presstv.ir/Detail/2026/05/26/769304/Iran-Leader-message-region-nations-United-States-dominance-over,"Hajj message: Leader invites Muslim nations to shape new regional order, says US era is over",20260526T120000Z,presstv.ir,English,IZ,conflict,2026-05-26,2026-05-26 12:00:00+00:00,page_title,-4.23216444981862
https://organiser.org/2026/05/27/355333/bharat/us-congress-stands-up-for-indian-americans-calls-out-racist-rhetoric-from-president-trumps-own-social-media/,US Congress stands up for Indian Americans — calls out Racist Rhetoric from President Trump's own social media,20260527T120000Z,organiser.org,English,US,energy,2026-05-27,2026-05-27 12:00:00+00:00,page_title,-3.03555941023417
https://www.cnbc.com/2026/05/27/salesforces-beat-fails-to-convince-market-that-software-can-survive-ai.html,Salesforce's beat fails to convince market that software can survive AI,20260528T000000Z,cnbc.com,English,,conflict,2026-05-28,2026-05-28 00:00:00+00:00,page_title,0.168918918918919
https://www.opinionnigeria.com/us-panel-accuses-nigerian-security-officers-of-collusion-with-militias-in-attacks/,US Panel Accuses Nigerian Security Officers of Colluding With Fulani Militias,20260528T120000Z,opinionnigeria.com,English,NI,diplomacy,2026-05-28,2026-05-28 12:00:00+00:00,page_title,-8.54503464203233
https://www.klcc.org/podcast/oregon-on-the-record/2026-05-28/the-fine-print-corporations-forcing-consumers-away-from-lawsuits,The fine print: Corporation's forcing consumers away from lawsuits,20260529T000000Z,klcc.org,English,US,diplomacy,2026-05-29,2026-05-29 00:00:00+00:00,page_title,-2.63347763347763
https://aldergrovestar.com/2026/05/29/canada-post-records-205m-loss-in-first-quarter-of-2026/,Canada Post records $205M loss in first quarter of 2026,20260530T000000Z,aldergrovestar.com,English,CA,diplomacy,2026-05-30,2026-05-30 00:00:00+00:00,page_title,-2.76923076923077
https://www.abc10.com/article/news/local/sacramento-man-pleads-guilty-in-national-fentanyl-pill-trafficking-case/103-a973cbc6-036d-4b42-8564-010494a3c51b,Sacramento man pleads guilty in national fentanyl pill trafficking case,20260530T000000Z,abc10.com,English,US,conflict,2026-05-30,2026-05-30 00:00:00+00:00,page_title,-13.3333333333333
https://www.tenterfieldstar.com.au/story/9269236/crispin-hull-donald-trumps-iran-action-is-criminal-just-look-at-the-obama-2026-deal/,Crispin Hull | Donald Trump's Iran action is criminal. Just look at the Obama 2026 deal | Tenterfield Star,20260602T000000Z,tenterfieldstar.com.au,English,AS,political_risk,2026-06-02,2026-06-02 00:00:00+00:00,page_title,-5.23605150214592
https://foxreno.com/news/local/lyon-county-deputies-searching-for-suspects-after-fernley-shooting-death-on-burger-road,Lyon County deputies arrest both suspects in deadly Fernley shooting,20260602T060000Z,foxreno.com,English,,conflict,2026-06-02,2026-06-02 06:00:00+00:00,page_title,-8.93617021276596
https://www.baltimoresun.com/2026/06/04/unemployment-benefits-rise/,Jobless aid filings hit highest level since Iran war began,20260604T180000Z,baltimoresun.com,English,US,energy,2026-06-04,2026-06-04 18:00:00+00:00,page_title,-3.02547770700637
https://www.pr-inside.com/pomerantz-llp-issues-important-reminder-to-investors-in-poet-technologies-r5189765.htm,Pomerantz LLP Issues Important Reminder to Investors in POET Technologies ...,20260606T000000Z,pr-inside.com,English,US,political_risk,2026-06-06,2026-06-06 00:00:00+00:00,page_title,-3.34928229665072
https://www.centralwesterndaily.com.au/story/9287307/ukraine-hits-st-petersburg-again-as-putin-spurns-talks/,Ukraine hits St Petersburg again as Putin spurns talks,20260606T120000Z,centralwesterndaily.com.au,English,RS,energy,2026-06-06,2026-06-06 12:00:00+00:00,page_title,-6.91927512355848
https://kval.com/news/local/seattle-mayor-is-violating-city-law-over-cctv-cameras-ahead-of-fifa-world-cup-cm-says-katie-wilson-bob-kettle-flock-public-safety-crime-surveillance-federal-ice-data-security-tourism-assault-theft-gun-violence-legal-action,Council member says Seattle mayor is violating law over CCTV cameras ahead of World Cup,20260608T000000Z,kval.com,English,US,conflict,2026-06-08,2026-06-08 00:00:00+00:00,page_title,-3.11890838206628
https://www.clactonandfrintongazette.co.uk/news/national/26176904.ex-cameron-aide-california-governor-hopeful-hits-election-shambles/,Ex-Cameron aide and California governor hopeful hits out at election 'shambles',20260608T180000Z,clactonandfrintongazette.co.uk,English,US,political_risk,2026-06-08,2026-06-08 18:00:00+00:00,page_title,-2.72727272727273
https://www.bluemountainsgazette.com.au/story/9287996/crispin-hull-how-one-nations-numbers-could-reshape-parliament/,Crispin Hull | How One Nation's numbers could reshape Parliament | Blue Mountains Gazette,20260609T000000Z,bluemountainsgazette.com.au,English,AS,diplomacy,2026-06-09,2026-06-09 00:00:00+00:00,page_title,-0.252525252525253
https://financialpost.com/news/economy/canada-economy-posts-biggest-trade-surplus-year,Canada's economy posts biggest trade surplus in more than a year,20260609T180000Z,financialpost.com,English,CA,energy,2026-06-09,2026-06-09 18:00:00+00:00,page_title,0.10214504596527
https://english.aawsat.com/gulf/5282119-swedish-fm-asharq-al-awsat-we-stand-full-solidarity-saudi-amid-these-difficult-times,Swedish FM to Asharq Al-Awsat: We Stand in Full Solidarity with Saudi amid these Difficult Times,20260609T180000Z,aawsat.com,English,SW,diplomacy,2026-06-09,2026-06-09 18:00:00+00:00,page_title,3.41394025604552
https://www.heraldextra.com/news/local/2026/jun/09/dod-tweaks-organized-religion-list-after-complaints-of-latter-day-saints-snub/,"DoD tweaks organized religion list after complaints of Latter-day Saints snub | News, Sports, Jobs",20260610T000000Z,heraldextra.com,English,US,diplomacy,2026-06-10,2026-06-10 00:00:00+00:00,page_title,-0.369458128078818
https://www.sloughobserver.co.uk/news/national/26180757.snp-greens-final-chance-back-murrell-probe-says-labour/,"SNP and Greens have final chance to back Murrell probe, says Labour",20260610T000000Z,sloughobserver.co.uk,English,UK,political_risk,2026-06-10,2026-06-10 00:00:00+00:00,page_title,-1.81818181818182
https://www.juneesoutherncross.com.au/story/9288788/adam-triggs-this-is-what-economic-reform-looks-liike/,Adam Triggs | This is what economic reform looks liike | Southern Cross,20260611T000000Z,juneesoutherncross.com.au,English,AS,monetary_policy,2026-06-11,2026-06-11 00:00:00+00:00,page_title,-2.65848670756646
https://londonlovesbusiness.com/us-inflation-numbers-come-in-as-expected/,US inflation numbers come in as expected - London Business News,20260611T120000Z,londonlovesbusiness.com,English,,energy,2026-06-11,2026-06-11 12:00:00+00:00,page_title,-0.465116279069767
https://home.nzcity.co.nz/news/article.aspx?id=447909,Families of seafarers killed in Strait of Hormuz demand to know who is accountable - 14-Jun-2026,20260614T000000Z,nzcity.co.nz,English,IN,energy,2026-06-14,2026-06-14 00:00:00+00:00,page_title,-5.11152416356877
http://www.sanantoniopost.com/news/279123959/us-iran-peace-accord-can-ease-inflation-energy-costs-and-improve-supply-chains-sunil-kant-munjal,"US-Iran peace accord can ease inflation, energy costs and improve supply chains: Sunil Kant Munjal",20260615T120000Z,sanantoniopost.com,English,IN,conflict,2026-06-15,2026-06-15 12:00:00+00:00,page_title,-0.186915887850467
https://www.gleninnesexaminer.com.au/story/9292024/pm-banks-on-test-of-time-to-quell-hanson-poll-push/,PM banks on 'test of time' to quell Hanson poll push,20260615T120000Z,gleninnesexaminer.com.au,English,AS,conflict,2026-06-15,2026-06-15 12:00:00+00:00,page_title,0.701754385964912
https://bworldonline.com/world/2026/06/18/757555/us-and-iran-presidents-sign-ceasefire-agreement-but-trump-says-he-could-still-resume-attacks/,"US and Iran presidents sign ceasefire agreement, but Trump says he could still resume attacks",20260618T060000Z,bworldonline.com,English,FR,monetary_policy,2026-06-18,2026-06-18 06:00:00+00:00,page_title,-2.87648054145516
http://www.bignewsnetwork.com/news/279133530/chinas-global-initiatives-through-a-latin-american-lens,Chinas Global Initiatives through a Latin American Lens,20260619T120000Z,bignewsnetwork.com,English,US,diplomacy,2026-06-19,2026-06-19 12:00:00+00:00,page_title,-0.906225374310481
https://www.bostonglobe.com/2026/06/24/magazine/new-england-ticks-powassan-lyme/,Tracing New England's dangerous tick population boom,20260624T120000Z,bostonglobe.com,English,US,conflict,2026-06-24,2026-06-24 12:00:00+00:00,page_title,-5.18731988472623
https://crooksandliars.com/2026/06/republican-congressman-has-interesting,Republican Congressman Has Interesting Theory About Why Your Groceries Cost More,20260626T000000Z,crooksandliars.com,English,US,energy,2026-06-26,2026-06-26 00:00:00+00:00,page_title,-0.558659217877095
https://www.dorsetecho.co.uk/news/national/26234890.france-records-1-000-additional-deaths-extreme-heat-sets-european-records/,"France records 1,000 additional deaths as extreme heat sets European records",20260628T180000Z,dorsetecho.co.uk,English,GM,conflict,2026-06-28,2026-06-28 18:00:00+00:00,page_title,-2.79569892473118
https://www.webwire.com/ViewPressRel.asp?aId=356888,Accor and H World Group Expand Long-Term Partnership Across Direct Booking and Loyalty Platforms,20260629T180000Z,webwire.com,English,CH,diplomacy,2026-06-29,2026-06-29 18:00:00+00:00,page_title,5.73870573870574
https://www.rawstory.com/supreme-court-congress/,Congress' power was just 'nuked from orbit' as the system risks 'crashing down': expert,20260630T000000Z,rawstory.com,English,US,energy,2026-06-30,2026-06-30 00:00:00+00:00,page_title,-6.73854447439353
https://www.wboi.org/npr-news/2026-06-29/chinese-billionaire-guo-wengui-gets-30-years-in-u-s-prison-for-fraud-conviction,Chinese billionaire Guo Wengui gets 30 years in U.S. prison for fraud conviction,20260630T060000Z,wboi.org,English,CH,political_risk,2026-06-30,2026-06-30 06:00:00+00:00,page_title,-8.80893300248139
https://gulfnews.com/world/mena/iran-says-it-is-ready-for-diplomacy-or-war-as-qatar-confirms-us-talks-continue-1.500592791,Iran says it is ready for diplomacy or war as Qatar confirms US talks continue,20260701T060000Z,gulfnews.com,English,IR,energy,2026-07-01,2026-07-01 06:00:00+00:00,page_title,-2.11267605633803
https://dailypost.ng/2026/07/01/nigerian-newspapers-10-things-you-need-to-know-wednesday-morning-135/,Nigerian Newspapers: 10 things you need to know Wednesday morning,20260701T060000Z,dailypost.ng,English,NI,monetary_policy,2026-07-01,2026-07-01 06:00:00+00:00,page_title,-0.655737704918033
https://www.halsteadgazette.co.uk/news/national/26249489.ni-finances-need-move-long-term-sustainable-footing---benn/,NI finances need to move on to 'long-term sustainable footing' – Benn,20260702T180000Z,halsteadgazette.co.uk,English,UK,conflict,2026-07-02,2026-07-02 18:00:00+00:00,page_title,0.541376643464811
https://timesofindia.indiatimes.com/city/vijayawada/record-1-26-crore-srivari-laddus-sold-in-june/articleshow/132167541.cms,Record 1.26 crore Srivari laddus sold in June,20260703T180000Z,indiatimes.com,English,,conflict,2026-07-03,2026-07-03 18:00:00+00:00,page_title,6.20915032679739
https://www.dailymail.com/news/article-15951879/Erika-Kirk-condemns-New-York-Times-journalist-misrepresenting-views-marriage.html,Erika Kirk condemns New York Times journalist for 'misrepresenting' her views on marriage,20260704T000000Z,dailymail.com,English,US,conflict,2026-07-04,2026-07-04 00:00:00+00:00,page_title,-1.00071479628306
https://kdhnews.com/news/world/slovak-referendum-on-lifelong-payments-for-populist-prime-minister-fico-fails-due-to-low-turnout/article_c9c789c6-4c7a-5afe-895b-d811e0610f3d.html,Slovak referendum on lifelong payments for populist Prime Minister Fico fails due to low turnout,20260705T000000Z,kdhnews.com,English,LO,political_risk,2026-07-05,2026-07-05 00:00:00+00:00,page_title,-5.94900849858357
https://www.greenleft.org.au/2026/1457/world/greenland-stands-bullying-australian-mining-company,Greenland stands up to bullying by Australian mining company,20260705T060000Z,greenleft.org.au,English,DA,political_risk,2026-07-05,2026-07-05 06:00:00+00:00,page_title,-0.442477876106195
https://www.benzinga.com/news/politics/26/07/60349292/chuck-schumer-slams-trumps-rambling-unhinged-confused-performance,"Chuck Schumer Says Trump Embarrassed US With 'Unhinged, Confused' Performance as President Talks About Mi",20260709T060000Z,benzinga.com,English,TU,diplomacy,2026-07-09,2026-07-09 06:00:00+00:00,page_title,-6.54911838790932
https://www.dailymail.com/news/article-15966051/Iran-strikes-US-targets-Gulf-states-warns-Trump-faces-crushing-response-attacks-continue-ceasefire-crumbles.html,Iran strikes back at US targets in Gulf states and warns Trump faces a 'crushing response' if attacks continue as ceasefire crumbles,20260709T180000Z,dailymail.com,English,IR,diplomacy,2026-07-09,2026-07-09 18:00:00+00:00,page_title,-5.91259640102828
https://www.newindianexpress.com/india/2026/Jul/09/modi-bats-for-dialogue-amid-west-asia-tensions-says-india-australia-partnership-key-in-uncertain-world,"Modi bats for dialogue amid West Asia tensions, says India-Australia partnership key in uncertain world",20260709T180000Z,newindianexpress.com,English,AS,conflict,2026-07-09,2026-07-09 18:00:00+00:00,page_title,4.04858299595142
https://wwmt.com/news/nation-world/4-teens-charged-in-navy-yard-chipotle-fight-due-in-court-friday-washington-dc-juvenile-crime,4 teens charged in DC Navy Yard Chipotle fight due in court Friday,20260710T120000Z,wwmt.com,English,US,conflict,2026-07-10,2026-07-10 12:00:00+00:00,page_title,-11.038961038961
"http://www.t-g.com/premium/napsnet/stories/a-lovely-lemon-cake-for-the-holidays,224519",A Lovely Lemon Cake For the Holidays - Shelbyville Times-Gazette,20260711T180000Z,t-g.com,English,,energy,2026-07-11,2026-07-11 18:00:00+00:00,page_title,3.67816091954023
https://timesofindia.indiatimes.com/india/be-your-own-hero-sonam-wangchuk-rejects-modern-gandhi-tag-amid-hunger-strike/articleshow/132335144.cms,'Be your own hero': Sonam Wangchuk rejects 'modern Gandhi' tag amid hunger strike,20260711T180000Z,indiatimes.com,English,IN,political_risk,2026-07-11,2026-07-11 18:00:00+00:00,page_title,-3.59477124183007
http://www.reflector.com/news/national/us-and-iran-vie-for-strait-of-hormuz-waterway-key-to-global-energy-supplies-in/article_4e8da0f8-61d8-5b68-aa3e-e7546204a71c.html,"US and Iran vie for Strait of Hormuz, waterway key to global energy supplies, in latest attacks",20260713T060000Z,reflector.com,English,IR,diplomacy,2026-07-13,2026-07-13 06:00:00+00:00,page_title,-5.54951033732318
https://www.morningstar.com/podcasts/the-morning-filter/5-high-conviction-stocks-buy,5 High-Conviction Stocks to Buy,20260713T180000Z,morningstar.com,English,TW,monetary_policy,2026-07-13,2026-07-13 18:00:00+00:00,page_title,0.497512437810945
https://www.kidderminstershuttle.co.uk/news/national/26277132.starmer-calls-restriction-free-strait-hormuz-trump-threatens-tolls/,Starmer calls for restriction-free Strait of Hormuz as Trump threatens tolls,20260714T000000Z,kidderminstershuttle.co.uk,English,US,political_risk,2026-07-14,2026-07-14 00:00:00+00:00,page_title,-4.56905503634476
https://www.padovanews.it/2026/07/14/iran-trump-guardiano-di-hormuz-tycoon-tra-rimborsi-blocco-navale-e-terza-ondata-di-raid/,"Iran, Trump 'guardiano' di Hormuz: tycoon tra rimborsi, blocco navale e terza ondata di raid – Padovanews",20260714T120000Z,padovanews.it,English,IR,energy,2026-07-14,2026-07-14 12:00:00+00:00,page_title,-2.28401191658391
https://newschannel9.com/news/nation-world/cooling-inflation-eases-pressure-on-fed-as-oil-prices-jump-amid-iran-conflict-gas-oil-iran-war-strait-of-hormuz-strikes-clothing-used-cars-kevin-hassett-warsh-congress-cpi-target-monetary-policy-report,Cooling inflation eases pressure on Fed as oil prices jump as US and Iran trade strikes,20260714T180000Z,newschannel9.com,English,US,monetary_policy,2026-07-14,2026-07-14 18:00:00+00:00,page_title,-0.636942675159236
https://www.wect.com/2026/07/15/early-voting-sites-hours-approved-2026-general-election-new-hanover-county/,Where and when to vote early in New Hanover County this fall,20260715T180000Z,wect.com,English,US,political_risk,2026-07-15,2026-07-15 18:00:00+00:00,page_title,1.64835164835165
https://www.courierherald.com/2026/07/15/tips-and-tricks-for-draught-resistant-gardens-the-compleat-home-gardener/,droughtTips and tricks for draught-resistant gardens | The Compleat Home Gardener,20260716T000000Z,courierherald.com,English,JA,political_risk,2026-07-16,2026-07-16 00:00:00+00:00,page_title,-0.343642611683849
https://www.kgou.org/world/2026-07-17/the-u-s-iran-battle-over-the-strait-of-hormuz-raises-risks-for-global-waterways,The U.S.-Iran battle over the Strait of Hormuz raises risks for global waterways,20260717T180000Z,kgou.org,English,ID,energy,2026-07-17,2026-07-17 18:00:00+00:00,page_title,-2.2703818369453
https://ktvz.com/news/sisters/2026/07/18/community-shred-and-donation-event-scheduled-for-today-in-sisters/,Community shred and donation event scheduled for today in Sisters,20260718T180000Z,ktvz.com,English,US,conflict,2026-07-18,2026-07-18 18:00:00+00:00,page_title,-2.22222222222222
http://www.goskagit.com/news/world/russian-missile-attack-on-kyiv-kills-1-and-exposes-holes-in-air-defenses/article_a870a15e-a154-5880-a5ba-0ef262fe38d4.html,Russian missile attack on Kyiv kills 1 and exposes holes in air defenses,20260719T120000Z,goskagit.com,English,RS,energy,2026-07-19,2026-07-19 12:00:00+00:00,page_title,-4.81283422459893
https://thesun.ng/protests-rock-osun-motor-parks-as-nurtw-faction-rejects-chairman-alleges-killings-terror/,"Protests rock Osun motor parks as NURTW faction rejects chairman, alleges killings, terror",20260720T120000Z,thesun.ng,English,,political_risk,2026-07-20,2026-07-20 12:00:00+00:00,page_title,-6.34920634920635
https://98q.com/local-news-stories/86086dcc75401f66eb5119085ffb9719,Local News - WDAQ-FM,20260721T120000Z,98q.com,English,US,energy,2026-07-21,2026-07-21 12:00:00+00:00,page_title,6.81818181818182
https://www.ketr.org/2026-07-21/iran-backed-houthis-announce-blockade-and-cyclospora-source-remains-unknown,"Iran-backed Houthis announce blockade. And, Cyclospora source remains unknown",20260721T120000Z,ketr.org,English,US,conflict,2026-07-21,2026-07-21 12:00:00+00:00,page_title,-2.60723296888141
https://collider.com/alan-ritchson-netflix-sci-fi-war-machine-sequel-script-update-title-reveal/,Alan Ritchson's Netflix Sci-Fi Sequel Officially Pulls a James Cameron Move,20260722T120000Z,collider.com,English,US,conflict,2026-07-22,2026-07-22 12:00:00+00:00,page_title,-0.457815565729235
https://www.asiaone.com/entertainment/zhang-linghe-wang-churan-drama-overdo-zhe-yi-miao-guo-huo,"Zhang Linghe's new C-drama cracks viewers up over weak plot, awkward acting: 'This is legit a parody'",20260723T120000Z,asiaone.com,English,CH,political_risk,2026-07-23,2026-07-23 12:00:00+00:00,page_title,-3.23089046493302
https://www.queanbeyanage.com.au/story/9317511/work-can-truly-begin-pm-charts-course-to-election/,'Work can truly begin': PM charts course to election,20260725T180000Z,queanbeyanage.com.au,English,AS,political_risk,2026-07-25,2026-07-25 18:00:00+00:00,page_title,1.06007067137809
https://www.rttnews.com/3670619/indian-shares-surge-as-us-iran-pause-strikes.aspx,"Indian Shares Surge As US, Iran Pause Strikes",20260727T060000Z,rttnews.com,English,IR,diplomacy,2026-07-27,2026-07-27 06:00:00+00:00,page_title,-0.699300699300699
https://www.fox32chicago.com/news/oil-prices-ease-us-iran-strikes,Oil prices ease after US and Iran pause military strikes,20260727T180000Z,fox32chicago.com,English,US,energy,2026-07-27,2026-07-27 18:00:00+00:00,page_title,-2.80373831775701
https://abcnews.com/Business/wireStory/mediators-progress-efforts-halt-iran-war-drone-attacks-135111476,Mediators see progress in efforts to halt Iran war as drone attacks rattle region,20260728T060000Z,abcnews.com,English,DJ,energy,2026-07-28,2026-07-28 06:00:00+00:00,page_title,-4.17021276595745
https://www.thenation.com/article/world/israel-left-elections-jewish-arab-partnership-netanyahu-opposition/,Signs of Cautious Hope on the Israeli Left,20260728T120000Z,thenation.com,English,IS,political_risk,2026-07-28,2026-07-28 12:00:00+00:00,page_title,1.33971291866029
https://939theduck.com/historic-world-war-ii-aircraft-to-visit-chattanooga-in-august/,Historic World War II Aircraft to Visit Chattanooga in August,20260729T180000Z,939theduck.com,English,US,conflict,2026-07-29,2026-07-29 18:00:00+00:00,page_title,0.398803589232303
https://www.latimes.com/politics/newsletter/2026-07-30/trump-tariffs-canada-punishing-californias-struggling-wine-industry,Tariff war with Canada is hurting California's wine industry,20260730T120000Z,latimes.com,English,CA,sanctions_trade,2026-07-30,2026-07-30 12:00:00+00:00,page_title,-1.06280193236715
https://aninews.in/news/national/general-news/pm-modi-calls-on-president-droupadi-murmu-at-rashtrapati-bhavan20260730215105/,PM Modi calls on President Droupadi Murmu at Rashtrapati Bhavan,20260730T180000Z,aninews.in,English,IN,energy,2026-07-30,2026-07-30 18:00:00+00:00,page_title,0.616016427104723
https://www.wantedinrome.com/news/rome-food-couriers-strike-31-july-rights-extreme-heat.html,Rome food couriers to strike for rights in heatwave,20260730T180000Z,wantedinrome.com,English,IT,conflict,2026-07-30,2026-07-30 18:00:00+00:00,page_title,-1.54798761609907
https://en.shafaqna.com/467415/bank-of-japan-kept-interest-rates-unchanged/,Bank of Japan kept interest rates unchanged – Shafaqna English | International Shia News & Fatwas,20260731T060000Z,shafaqna.com,English,JA,monetary_policy,2026-07-31,2026-07-31 06:00:00+00:00,page_title,-5.16129032258065
https://finance.yahoo.com/technology/ai/articles/nvidia-makes-revealing-bet-secretive-180300624.html,Nvidia makes revealing bet on secretive lab,20260731T060000Z,yahoo.com,English,IS,diplomacy,2026-07-31,2026-07-31 06:00:00+00:00,page_title,4.63414634146341
http://www.jpost.com/middle-east/article-904274,Hamas disarmament tests Trump's Gaza peace initiative effort,20260802T000000Z,jpost.com,English,GZ,diplomacy,2026-08-02,2026-08-02 00:00:00+00:00,page_title,-4.02761795166859
https://www.carlow-nationalist.ie/news/national-news/could-an-unlikely-fine-gael-sinn-f%C3%A9in-coalition-be-on-the-cards_arid-107034.html,Could an unlikely Fine Gael/Sinn Féin coalition be on the cards? - National News,20260802T120000Z,carlow-nationalist.ie,English,EI,conflict,2026-08-02,2026-08-02 12:00:00+00:00,page_title,1.3531799729364
https://www.rigzone.com/news/wire/crude_sinks_as_tensions_ease-03-aug-2026-184284-article/,Crude Sinks as Tensions Ease,20260804T000000Z,rigzone.com,English,DJ,energy,2026-08-04,2026-08-04 00:00:00+00:00,page_title,-3.80952380952381
https://www.wlwt.com/article/trump-strait-of-hormuz-deal-iran-oman-shipping/73352195,Trump says deal to reopen Strait of Hormuz could come soon,20260805T120000Z,wlwt.com,English,IR,energy,2026-08-05,2026-08-05 12:00:00+00:00,page_title,-3.36879432624113
http://www.chinanationalnews.com/news/279223055/rbi-raises-fy27-gdp-growth-forecast-to-67-pc-projects-inflation-at-5-pc-governor-malhotra,"RBI raises FY27 GDP growth forecast to 6.7 pc, projects inflation at 5 pc: Governor Malhotra",20260805T120000Z,chinanationalnews.com,English,IN,monetary_policy,2026-08-05,2026-08-05 12:00:00+00:00,page_title,-0.261096605744125
https://www.hindustantimes.com/india-news/pm-narendra-modi-foreign-trips-cost-nearly-75-crore-so-far-this-year-mea-rajya-sabha-101786016025466.html,PM Modi's foreign trips cost nearly  ₹75 crore so far this year: MEA,20260806T120000Z,hindustantimes.com,English,AS,monetary_policy,2026-08-06,2026-08-06 12:00:00+00:00,page_title,1.13122171945701
https://punchng.com/china-extends-trade-boom-as-global-ai-tech-demand-surges/,China's Trade Boom Extends on Global AI Tech Demand Surge,20260807T060000Z,punchng.com,English,CH,sanctions_trade,2026-08-07,2026-08-07 06:00:00+00:00,page_title,-2.58780036968577
http://www.chinanationalnews.com/news/279227015/us-senate-passes-russia-sanctions-bill-could-impose-upto-100-tariff-on-china-india-for-purchase-of-russian-crude,"US Senate passes Russia Sanctions Bill; could impose upto 100% tariff on China, India for purchase of Russian crude",20260808T060000Z,chinanationalnews.com,English,AJ,energy,2026-08-08,2026-08-08 06:00:00+00:00,page_title,-2.20048899755501
https://www.whtimes.co.uk/news/national/26452985.trump-media-sinks-gbp176-million-loss-refocuses-efforts-truth-social/,Trump Media sinks to £176 million loss and refocuses efforts on Truth Social,20260811T120000Z,whtimes.co.uk,English,,energy,2026-08-11,2026-08-11 12:00:00+00:00,page_title,-1.03626943005181
http://www.europesun.com/news/279234736/examining-implications-india-reacts-to-pakistan-saudi-turkey-defence-pact,'Examining implications': India reacts to Pakistan-Saudi-Turkey defence pact,20260812T000000Z,europesun.com,English,SA,conflict,2026-08-12,2026-08-12 00:00:00+00:00,page_title,-0.424628450106157
https://www.fox13memphis.com/news/civil-rights-lawsuit-filed-against-arkansas-state-trooper-following-violent-traffic-stop/article_af450ae0-1da4-478c-8eb7-324280c7a685.html,Civil rights lawsuit filed against Arkansas State Trooper following violent traffic stop,20260812T120000Z,fox13memphis.com,English,US,conflict,2026-08-12,2026-08-12 12:00:00+00:00,page_title,-5.58510638297872
https://t102.iheart.com/content/2026-08-13-new-social-security-cost-of-living-adjustment-estimates-released/,New Social Security Cost Of Living Adjustment Estimates Released,20260813T180000Z,iheart.com,English,US,monetary_policy,2026-08-13,2026-08-13 18:00:00+00:00,page_title,0.647948164146869
https://www.investors.com/market-trend/the-big-picture/sp500-new-high-inflation-data-bullish-stock-market-upgrade/,"S&P 500 Hits New High On Cool Inflation Data, Triggers A Bullish Market Upgrade",20260814T000000Z,investors.com,English,,monetary_policy,2026-08-14,2026-08-14 00:00:00+00:00,page_title,5.71428571428571
https://www.jpost.com/middle-east/article-905599,Libya's Zawiya power station explosion cuts electricity,20260816T000000Z,jpost.com,English,LY,energy,2026-08-16,2026-08-16 00:00:00+00:00,page_title,-3.89105058365759
https://finance.yahoo.com/energy/articles/exxon-chevron-just-posted-combined-172000752.html,Exxon and Chevron Just Posted a Combined $26.5 Billion Profit -- Here's the One I'd Buy Right Now,20260817T180000Z,yahoo.com,English,US,energy,2026-08-17,2026-08-17 18:00:00+00:00,page_title,2.23577235772358
https://pridesource.com/article/queer-things-to-do-aug-20-2026,"Attend Transgender Pride in the Park, Go to Lesbian Camp, Experience Hot Fix Sideshow, Debut your Drag Act, Visit the New Pride Source…",20260818T000000Z,pridesource.com,English,US,political_risk,2026-08-18,2026-08-18 00:00:00+00:00,page_title,0.291120815138283
http://www.china.org.cn/2026-08/18/content_118652349.shtml,Trump's approval rating falls to low point of 33 pct: poll,20260818T060000Z,china.org.cn,English,US,monetary_policy,2026-08-18,2026-08-18 06:00:00+00:00,page_title,-1.32890365448505
https://www.kmbc.com/article/trump-joint-military-exercises-south-korea/73456767,Trump wants to reduce joint military exercises with South Korea. What are they for?,20260818T120000Z,kmbc.com,English,IR,diplomacy,2026-08-18,2026-08-18 12:00:00+00:00,page_title,-0.644122383252818
http://www.dailyadvance.com/news/world/global-shares-slip-as-worries-about-rising-oil-prices-offset-boost-from-strong-earnings/article_6f76c220-01ef-5739-baad-924626db5732.html,Global shares slip as worries about rising oil prices offset boost from strong earnings,20260818T120000Z,dailyadvance.com,English,IR,energy,2026-08-18,2026-08-18 12:00:00+00:00,page_title,-1.84049079754601
https://www.geelongadvertiser.com.au/motoring/motoring-news/green-police-crackdown-drivers-cop-new-bill/news-story/0a15f38049ea03d235cf0679f4415378?nk=46ce8c6625f04f4d8c1493858058322c-1787183209,Environmental regulators crack down on tyres | Geelong Advertiser,20260820T000000Z,geelongadvertiser.com.au,English,US,energy,2026-08-20,2026-08-20 00:00:00+00:00,page_title,-2.05811138014528
https://www.wnmufm.org/2026-08-22/u-s-imposes-50-tariffs-on-20-billion-worth-of-canadian-products,U.S. imposes 50% tariffs on $20 billion worth of Canadian products,20260822T060000Z,wnmufm.org,English,US,conflict,2026-08-22,2026-08-22 06:00:00+00:00,page_title,-1.48401826484018
http://www.greenevillesun.com/news/us-stocks-rise-as-the-bond-markets-big-swings-ease-a-bit/article_0641f8f7-6efb-5658-a997-53a42892dcc8.html,US stocks rise as the bond market's big swings ease a bit,20260822T060000Z,greenevillesun.com,English,IR,conflict,2026-08-22,2026-08-22 06:00:00+00:00,page_title,0.315457413249212
http://www.russiaherald.com/news/279268969/tibetan-representatives-raise-human-rights-concerns-ahead-of-unhrc-session,Tibetan representatives raise human rights concerns ahead of UNHRC session,20260827T180000Z,russiaherald.com,English,CH,political_risk,2026-08-27,2026-08-27 18:00:00+00:00,page_title,-0.578034682080925
https://www.bromsgroveadvertiser.co.uk/news/national/26506328.sarah-ferguson-set-move-back-britain-reports-say/,"Sarah Ferguson set for move back to Britain, reports say",20260829T120000Z,bromsgroveadvertiser.co.uk,English,SZ,conflict,2026-08-29,2026-08-29 12:00:00+00:00,page_title,-1.4367816091954
https://www.southwalesargus.co.uk/news/national/26506328.sarah-ferguson-set-move-back-britain-reports-say/,"Sarah Ferguson set for move back to Britain, reports say",20260829T120000Z,southwalesargus.co.uk,English,SZ,conflict,2026-08-29,2026-08-29 12:00:00+00:00,page_title,-1.4367816091954
https://news3lv.com/news/nation-world/death-toll-nears-700-in-catastrophic-nepal-china-floods-amid-search-efforts-extreme-weather-mudslides-mud-destruction-damage-americans-missing-recovery,Death toll nears 700 in catastrophic Nepal-China floods amid search efforts,20260829T180000Z,news3lv.com,English,NP,conflict,2026-08-29,2026-08-29 18:00:00+00:00,page_title,-10.4208416833667
https://www.intelligencer.ca/press-releases/business-wire/slb-to-acquire-kelvion-expanding-its-role-across-data-center-infrastructure/,"SLB to Acquire Kelvion, Expanding its Role Across Data Center Infrastructure",20260831T120000Z,intelligencer.ca,English,US,energy,2026-08-31,2026-08-31 12:00:00+00:00,page_title,1.85810810810811
https://www.am800cklw.com/news/trump-contacted-apple-about-lake-ontario-name-change-official-says-live-trade-war-updates-here/,Donald Trump's 'Lake America' name scrubbed from Ontario maps,20260831T180000Z,am800cklw.com,English,CA,political_risk,2026-08-31,2026-08-31 18:00:00+00:00,page_title,-1.75836642087351
https://www.prnewswire.com:443/news-releases/shell-to-more-than-double-us-company-owned-convenience-retail-sites-with-acquisition-of-tri-star-energy-302866202.html,Shell to more than double US company-owned convenience retail sites with acquisition of Tri Star Energy,20260901T180000Z,prnewswire.com,English,US,energy,2026-09-01,2026-09-01 18:00:00+00:00,page_title,-0.345821325648415
